文章标题,发布日期,文章正文,发文机构,政策地区,站点,搜索关键词,原文链接,发文字号,正文长度,附件链接,抓取时间,抓取状态
中国就业网,,"人力资源和社会保障部
中国公共招聘网
世界技能大赛中国组委会
中国国家人才网
中国人力资源市场网
技能人才评价工作网
地方链接
北京
天津
河北
山西
内蒙古
辽宁
吉林
黑龙江
上海
江苏
浙江
安徽
福建
江西
山东
河南
湖北
湖南
广东
广西
海南
重庆
四川
贵州
云南
西藏
陕西
甘肃
青海
宁夏
新疆
兵团
网站声明
联系我们
主办单位：中国就业培训技术指导中心.
京ICP备09079694号-10 京公网安备110401200230
网站标识码bm15000006",中国就业培训技术指导中心.,北京市,中国就业网-相关政策,就业,https://chinajob.mohrss.gov.cn/zcms/member/info?SiteID=1,,242,,2026-04-25 16:15:54,ok
为您提供最新最全的就业资讯,,,中国就业网/人力资源和社会保障部,全国,中国就业网-相关政策,就业,https://chinajob.mohrss.gov.cn/zcms/ask/myaskcenter?SiteID=1,,0,,2026-04-25 16:16:04,no_content
为您提供最新最全的就业资讯,,,中国就业网/人力资源和社会保障部,全国,中国就业网-相关政策,就业,https://chinajob.mohrss.gov.cn/zcms/member/favorites?Type=Content&Current=MemberFavorites&SiteID=1,,0,,2026-04-25 16:16:10,no_content
网站声明,,"人力资源和社会保障部
中国公共招聘网
世界技能大赛中国组委会
中国国家人才网
中国人力资源市场网
技能人才评价工作网
地方链接
北京
天津
河北
山西
内蒙古
辽宁
吉林
黑龙江
上海
江苏
浙江
安徽
福建
江西
山东
河南
湖北
湖南
广东
广西
海南
重庆
四川
贵州
云南
西藏
陕西
甘肃
青海
宁夏
新疆
兵团
网站声明
联系我们
主办单位：中国就业培训技术指导中心.
京ICP备09079694号-10 京公网安备110401200230
网站标识码bm15000006",中国就业培训技术指导中心.,北京市,中国就业网-相关政策,就业,https://chinajob.mohrss.gov.cn/c/2018-08-01/201.shtml,,242,,2026-04-25 16:16:13,ok
联系我们,,"人力资源和社会保障部
中国公共招聘网
世界技能大赛中国组委会
中国国家人才网
中国人力资源市场网
技能人才评价工作网
地方链接
北京
天津
河北
山西
内蒙古
辽宁
吉林
黑龙江
上海
江苏
浙江
安徽
福建
江西
山东
河南
湖北
湖南
广东
广西
海南
重庆
四川
贵州
云南
西藏
陕西
甘肃
青海
宁夏
新疆
兵团
网站声明
联系我们
主办单位：中国就业培训技术指导中心.
京ICP备09079694号-10 京公网安备110401200230
网站标识码bm15000006",中国就业培训技术指导中心.,北京市,中国就业网-相关政策,就业,https://chinajob.mohrss.gov.cn/c/2018-08-01/202.shtml,,242,,2026-04-25 16:16:15,ok
搜索结果,,"人力资源和社会保障部
中国公共招聘网
世界技能大赛中国组委会
中国国家人才网
中国人力资源市场网
技能人才评价工作网
地方链接
北京
天津
河北
山西
内蒙古
辽宁
吉林
黑龙江
上海
江苏
浙江
安徽
福建
江西
山东
河南
湖北
湖南
广东
广西
海南
重庆
四川
贵州
云南
西藏
陕西
甘肃
青海
宁夏
新疆
兵团
网站声明
联系我们
主办单位：中国就业培训技术指导中心.
京ICP备09079694号-10 京公网安备110401200230
网站标识码bm15000006",中国就业培训技术指导中心.,北京市,中国就业网-相关政策,技能培训,https://chinajob.mohrss.gov.cn/zcms/advanceSearch/result?SiteID=1,,242,,2026-04-25 16:16:23,ok
相关政策,2026-04-02,"相关政策
相关政策
政策与解读
就业服务
业务频道
首页
相关政策
政策解读
«
1
2
3
4
5
6
7
8
9
»
热门资讯
今日要闻
最新政策
本周排行
习近平近日作出重要指示强调 把“义乌发展经验”进一...
中国博士后科学基金会理事会换届会议在京召开
国务院任免国家工作人员（2026年4月24日）
宁夏银川：用心用情为职工办实事
青海共和:“人社+工会”劳动人事争议裁调对接工作室揭...
宁夏吴忠：利通区金积工业园区持续优化营商环境
《安徽省电子创业券管理办法》政策解读
今年民生领域哪些政策将加力 总台专访人社部部长
海南省人力资源和社会保障厅等四部门 关于印发《海南省职...
人力资源社会保障部关于开展 2025年全国公共就业服务专项活...
福建省人力资源和社会保障厅 福建省财政厅关于公布2024年省...
河南省人力资源和社会保障厅 河南省教育厅 河南省财政厅关...
山东：今年“三支一扶”计划招募741人
江苏淮安：绿茵揽才·职通苏超 淮阴区人才夜市走进商圈 服务...
广东广州： 石碁镇举办专场招聘会 助力重点企业与 求职者“...
云南弥勒：技能免费学 持证进企业
云南永善：立足禀赋 破解瓶颈 奋力谱写高质量发展新篇章
四川江油：社保优服务 全力保民生
标签
高校毕业生就业
脱贫攻坚
职业培训
欠薪
春风行动
招聘会
技能扶贫
技能培训
就业扶贫
劳动争议
公共就业服务
仲裁",中国就业培训技术指导中心.,全国,中国就业网-相关政策,技能培训,https://chinajob.mohrss.gov.cn/zcms/catalog/15/pc/index_127.shtml,,609,,2026-04-25 16:16:25,ok
相关政策,2026-04-02,"相关政策
相关政策
政策与解读
就业服务
业务频道
首页
相关政策
政策解读
人力资源社会保障部财政部关于做好2026年高校毕业生等青年就业工作的通知
国务院就业促进和劳动保护工作领导小组印发通知部署加力重点领域、重点行业、城乡基层和中小微企...
为落实中央经济工作会议精神，日前，国务院就业促进和劳动保护工作领导小组印发《关于印发加力重点领域、重点行业、城乡基层和中小微企业岗位挖潜扩容 支持重点群体就业创业实施方案的通知》。《通知》坚持以习近平新时代中国特色社会主义思想为指导，强化就业优先，聚...
中央组织部、人力资源社会保障部印发《关于进一步做好事业单位公开招聘工作的通知》
近日，中央组织部、人力资源社会保障部印发《关于进一步做好事业单位公开招聘工作的通知》（以下简称《通知》），深入贯彻落实党的二十大、二十届三中全会精神和习近平新时代中国特色社会主义思想，着眼提高事业单位选人用人工作质量和水平、建设高素质专业化的事业单位...
关于印发第三届公共就业服务专项业务竞赛全国赛技术文件的通知 （中就培函〔2024〕25号）
各省、自治区、直辖市及新疆生产建设兵团人力资源社会保障厅（局）公共就业服务机构：为贯彻落实《人力资源社会保障部办公厅关于开展第三届公共就业服务专项业务竞赛活动的通知》要求，支持各地做好第三届公共就业服务专项业务竞赛市赛、省赛及全国赛参赛筹备工作，现将...
人力资源社会保障部办公厅关于开展第三届 公共就业服务专项业务竞赛活动的通知
各省、自治区、直辖市及新疆生产建设兵团人力资源社会保障厅（局）：为深入贯彻落实党的二十大精神，落实《“十四五”就业促进规划》提出的“就业服务基层基础能力提升计划”的要求，定于2024年开展第三届公共就业服务专项业务竞赛（以下简称专项赛）。现将有关事项通知...
人力资源社会保障部办公厅 中国残疾人联合会办公厅关于加强就业服务促进残疾人就业有关事项的通...
各省、自治区、直辖市及新疆生产建设兵团人力资源社会保障厅（局）、残联：促进残疾人就业，事关困难群众兜底保障，是我们党全心全意为人民服务宗旨的体现。为进一步加强就业服务促进残疾人就业，现将有关事项通知如下：一、加强残疾人就业服务和管理。按比例安排残疾人...
人力资源社会保障部 财政部关于推动公共就业服务下沉基层的意见
各省、自治区、直辖市及新疆生产建设兵团人力资源社会保障厅（局）、财政厅（局）：推动公共就业服务下沉基层，加强基层就业服务，是夯实就业工作基础的重要手段，对推动实现高质量充分就业有重要意义。为深入贯彻党的二十大精神，健全公共就业服务体系，提升就业服务的...
人力资源社会保障部等九部门关于开展2024年春风行动的通知
各省、自治区、直辖市及新疆生产建设兵团人力资源社会保障厅（局）、交通厅（委、局）、农业农村（农牧）厅（局、委）、卫生健康委、总工会、团委、妇联，民航各地区管理局，各铁路集团公司：为全面贯彻落实党的二十大和二十届二中全会精神，坚决落实党中央、国务院关于...
人力资源社会保障部办公厅关于推进直播带岗在就业公共服务领域应用的通知
各省、自治区、直辖市及新疆生产建设兵团人力资源社会保障厅（局）：直播带岗是数字技术与公共服务融合发展的创新实践，具有体验直观、互动即时、对接精准的特点，在就业服务领域具有广阔的应用空间。为进一步健全就业公共服务体系，推进直播带岗在就业公共服务领域广泛...
人力资源社会保障部关于加强零工市场规范化建设的通知
各省、自治区、直辖市及新疆生产建设兵团人力资源社会保障厅（局）：零工市场是向灵活就业人员与用工主体提供就业服务的重要载体，对健全就业服务体系、优化人力资源配置、拓宽就业渠道具有重要作用。为深入贯彻落实党中央、国务院关于支持多渠道灵活就业的决策部署，现...
«
1
2
3
4
5
6
7
8
9
»
热门资讯
今日要闻
最新政策
本周排行
习近平近日作出重要指示强调 把“义乌发展经验”进一...
中国博士后科学基金会理事会换届会议在京召开
国务院任免国家工作人员（2026年4月24日）
宁夏银川：用心用情为职工办实事
青海共和:“人社+工会”劳动人事争议裁调对接工作室揭...
宁夏吴忠：利通区金积工业园区持续优化营商环境
《安徽省电子创业券管理办法》政策解读
今年民生领域哪些政策将加力 总台专访人社部部长
海南省人力资源和社会保障厅等四部门 关于印发《海南省职...
人力资源社会保障部关于开展 2025年全国公共就业服务专项活...
福建省人力资源和社会保障厅 福建省财政厅关于公布2024年省...
河南省人力资源和社会保障厅 河南省教育厅 河南省财政厅关...
四川：绵阳“创业资源清单”发布，助你“创梦科...
江苏淮安：绿茵揽才·职通苏超 淮阴区人才夜市走进商圈 服务...
山东：今年“三支一扶”计划招募741人
云南永善：立足禀赋 破解瓶颈 奋力谱写高质量发展新篇章
广东广州： 石碁镇举办专场招聘会 助力重点企业与 求职者“...
云南弥勒：技能免费学 持证进企业
标签
高校毕业生就业
脱贫攻坚
职业培训
欠薪
春风行动
招聘会
技能扶贫
技能培训
就业扶贫
劳动争议
公共就业服务
仲裁",中国就业培训技术指导中心.,全国,中国就业网-相关政策,技能培训,https://chinajob.mohrss.gov.cn/ywpd/jyfw/zcyjd/xgzc/index.shtml,中就培函〔2024〕25号,2162,,2026-04-25 16:16:27,ok
相关政策,2026-04-02,"相关政策
相关政策
政策与解读
就业服务
业务频道
首页
相关政策
政策解读
财政部 人力资源社会保障部关于印发《就业补助资金管理办法》的通知
财政部 人力资源社会保障部关于印发《就业补助资金管理办法》的通知各省、自治区、直辖市、计划单列市财政厅（局）、人力资源社会保障厅（局），新疆生产建设兵团财政局、人力资源社会保障局：为推动实施就业优先战略，落实各项就业创业扶持政策，规范就业补助资金管理...
人力资源社会保障部 中国残疾人联合会关于开展2024年就业援助月专项活动的通知
各省、自治区、直辖市及新疆生产建设兵团人力资源社会保障厅（局）、残疾人联合会：为全面贯彻党的二十大和二十届二中全会精神，加强困难群体就业兜底帮扶，人力资源社会保障部、中国残疾人联合会定于2024年元旦、春节期间在全国组织开展就业援助月专项活动，集中帮扶就...
人力资源社会保障部 工业和信息化部关于实施专精特新中小企业就业创业扬帆计划的通知
各省、自治区、直辖市及新疆生产建设兵团人力资源社会保障厅（局）、中小企业主管部门，各计划单列市人力资源社会保障局、中小企业主管部门：专精特新中小企业创新能力强、质量效益高、带动就业能力强。为进一步支持专精特新中小企业健康发展，创造更多高质量就业岗位，...
人力资源社会保障部办公厅 财政部办公厅关于进一步加强就业政策落实有关工作的通知人社厅发〔202...
各省、自治区、直辖市及新疆生产建设兵团人力资源社会保障厅（局）、财政厅（局）：为深入贯彻党中央、国务院关于稳就业工作的决策部署，精准有效落实就业扶持政策，提高政策知晓度和落实率，增强广大劳动者和用人单位的获得感，切实把主题教育成果转化为办好民生实事的...
人力资源社会保障部 国家发展改革委 农业农村部关于开展防止返贫就业攻坚行动的通知人社部发〔20...
各省、自治区、直辖市及新疆生产建设兵团人力资源社会保障厅（局）、发展改革委、农业农村（农牧）厅（局、委）、乡村振兴局（协作办、对口办）：就业是巩固拓展脱贫攻坚成果的基本措施。为深入贯彻党中央、国务院决策部署，落实《中共中央 国务院关于做好2023年全面推...
甘肃省人民政府办公厅关于落实稳就业政策措施全力促发展惠民生的通知
甘肃省人民政府办公厅关于落实稳就业政策措施全力促发展惠民生的通知甘政办发〔2023〕60号各市、自治州人民政府，甘肃矿区办事处，兰州新区管委会，省政府各部门，中央在甘各单位：为深入实施就业优先战略，全面落实国务院办公厅《关于优化调整稳就业政策措施全力促发展...
人力资源社会保障部 民政部 财政部 住房和城乡建设部 国家市场监管总局关于加强零工市场建设 完...
各省、自治区、直辖市及新疆生产建设兵团人力资源社会保障厅（局）、民政厅（局）、财政厅（局）、住房和城乡建设厅（委、管委）、市场监管局（厅、委）：“打零工”对促进大龄和困难人员就业增收具有重要作用。近年来，各地大力探索推进零工市场建设，强化零工人员就业...
黑龙江省人民政府办公厅印发关于优化调整稳就业政策全力促发展惠民生若干措施的通知
黑龙江省人民政府办公厅印发关于优化调整稳就业政策全力促发展惠民生若干措施的通知黑政办规〔2023〕2号各市（地）、县（市）人民政府（行署），省政府各直属单位：《关于优化调整稳就业政策全力促发展惠民生的若干措施》已经省政府同意，现印发给你们，请认真贯彻执行...
北京：“直播带岗”有了明确服务规范
近几年“直播带岗”火了，工作人员化身主播在线探访企业介绍岗位，求职者通过视频，能更直观地了解企业情况和岗位情况，为求职带来了便利。如何对网络招聘进行规范？近日，由北京市人力资源社会保障局组织修订的地方标准《公共职业介绍和职业指导服务规范》经市市场监督...
人力资源社会保障部关于开展2023年高校毕业生等青年就业创业推进计划的通知
各省、自治区、直辖市及新疆生产建设兵团人力资源社会保障厅（局）：高校毕业生等青年就业关系民生福祉、经济发展和国家未来。为深入贯彻落实党中央、国务院决策部署，进一步做好高校毕业生等青年就业工作，人力资源社会保障部决定开展2023年高校毕业生等青年就业创业推...
«
1
2
3
4
5
6
7
8
9
»
热门资讯
今日要闻
最新政策
本周排行
习近平近日作出重要指示强调 把“义乌发展经验”进一...
中国博士后科学基金会理事会换届会议在京召开
国务院任免国家工作人员（2026年4月24日）
宁夏银川：用心用情为职工办实事
青海共和:“人社+工会”劳动人事争议裁调对接工作室揭...
宁夏吴忠：利通区金积工业园区持续优化营商环境
《安徽省电子创业券管理办法》政策解读
今年民生领域哪些政策将加力 总台专访人社部部长
海南省人力资源和社会保障厅等四部门 关于印发《海南省职...
人力资源社会保障部关于开展 2025年全国公共就业服务专项活...
福建省人力资源和社会保障厅 福建省财政厅关于公布2024年省...
河南省人力资源和社会保障厅 河南省教育厅 河南省财政厅关...
四川：绵阳“创业资源清单”发布，助你“创梦科...
江苏淮安：绿茵揽才·职通苏超 淮阴区人才夜市走进商圈 服务...
山东：今年“三支一扶”计划招募741人
云南永善：立足禀赋 破解瓶颈 奋力谱写高质量发展新篇章
广东广州： 石碁镇举办专场招聘会 助力重点企业与 求职者“...
云南弥勒：技能免费学 持证进企业
标签
高校毕业生就业
脱贫攻坚
职业培训
欠薪
春风行动
招聘会
技能扶贫
技能培训
就业扶贫
劳动争议
公共就业服务
仲裁",010--84661166（编辑部）,全国,中国就业网-相关政策,技能培训,https://chinajob.mohrss.gov.cn/ywpd/jyfw/zcyjd/xgzc/index_2.shtml,政策措施全力促发展惠民生的通知甘政办发〔2023〕60号,2315,,2026-04-25 16:16:30,ok
相关政策,2023-03-01,"相关政策
相关政策
政策与解读
就业服务
业务频道
首页
相关政策
政策解读
北京市发布新地方标准 首次明确“直播带岗”服务规范
人民网北京4月13日电 （尹星云）近日，由北京市人力资源和社会保障局组织修订的地方标准《公共职业介绍和职业指导服务规范》（DB11/T 1123-2023）（以下简称《规范》）经北京市市场监督管理局批准发布，将自7月1日起正式实施。本次修订将原有的两个地方标准合二为一据介...
上海市立法深化实施就业优先战略 条例3月1日起施行
《上海市就业促进条例》（以下简称《条例》）昨天经市十六届人大常委会第一次会议表决通过，将于2023年3月1日起施行。市人大常委会法工委主任阎锐表示，《条例》立足于促进法的基本定位，坚持劳动者自主就业、市场调节就业、政府促进就业和鼓励创业带动就业的立法方针，...
人力资源社会保障部等11部门关于开展2023年春风行动暨就业援助月的通知
各省、自治区、直辖市及新疆生产建设兵团人力资源社会保障厅（局）、工（经）信厅（委、局）、民政厅（局）、交通厅（委、局）、卫生健康委、乡村振兴局（对口协作办）、疾控局、总工会、团委、妇联、残联：为全面贯彻党的二十大精神，坚决落实党中央、国务院关于就业工...
安徽省人民政府办公厅关于印发安徽省促进残疾人就业三年行动实施方案（2022—2024年）的通知
国务院办公厅转发国家发展改革委关于 在重点工程项目中大力实施以工代赈 促进当地群众就业增收...
各省、自治区、直辖市人民政府，国务院各部委、各直属机构：国家发展改革委《关于在重点工程项目中大力实施以工代赈促进当地群众就业增收的工作方案》已经国务院同意，现转发给你们，请认真贯彻落实。国务院办公厅2022年7月5日（此件公开发布）关于在重点工程项目中大力...
人力资源社会保障部办公厅关于开展人力资源服务机构稳就业促就业行动的通知 人社厅函 （〔2022〕...
各省、自治区、直辖市及新疆生产建设兵团人力资源社会保障厅（局），各副省级市人力资源社会保障局：为贯彻党中央、国务院关于稳就业、保居民就业决策部署，充分发挥人力资源服务机构匹配供需、专业高效优势，人力资源社会保障部决定开展人力资源服务机构稳就业促就业行...
关于做好2022年普通高校毕业生到城乡社区就业工作的通知 （民发〔2022〕34号）
各省、自治区、直辖市民政厅（局）、教育厅（教委、教育局）、财政厅（局）、人力资源社会保障厅（局），新疆生产建设兵团民政局、教育局、财政局、人力资源社会保障局：普通高校毕业生（以下简称高校毕业生）是城乡社区工作者和城乡社区服务人才的重要来源，引导高校毕...
湖北省人力资源和社会保障厅 省财政厅 国家税务总局湖北省税务局关于进一步做好援企稳岗促就业工...
各市、州、直管市、神农架林区人民政府：为深入贯彻党中央、国务院决策部署和省委、省政府工作要求，统筹疫情防控和经济社会发展，扎实做好稳就业工作，全面落实保居民就业任务，进一步加大援企稳岗促就业力度，经省人民政府同意，现将有关事项通知如下：一、 延续阶段...
人力资源社会保障部办公厅 中国残联办公厅关于开展残疾人就业帮扶活动的通知（人社厅函〔2022〕7...
各省、自治区、直辖市及新疆生产建设兵团人力资源社会保障厅（局）、残疾人联合会： 2022年5月15日是第三十二次全国助残日。为进一步贯彻落实党中央、国务院关于做好残疾人工作的决策部署，推进实施促进残疾人就业三年行动，结合国务院残疾人工作委员会关于开展第三十二...
国务院办公厅印发《关于进一步做好高校毕业生等青年就业创业工作的通知》
新华社北京5月13日电 近日，国务院办公厅印发《关于进一步做好高校毕业生等青年就业创业工作的通知》（以下简称《通知》）。《通知》指出，高校毕业生等青年就业关系民生福祉、经济发展和国家未来，要以习近平新时代中国特色社会主义思想为指导，认真贯彻落实党中央、国...
«
1
2
3
4
5
6
7
8
9
»
热门资讯
今日要闻
最新政策
本周排行
习近平近日作出重要指示强调 把“义乌发展经验”进一...
中国博士后科学基金会理事会换届会议在京召开
国务院任免国家工作人员（2026年4月24日）
宁夏银川：用心用情为职工办实事
青海共和:“人社+工会”劳动人事争议裁调对接工作室揭...
宁夏吴忠：利通区金积工业园区持续优化营商环境
《安徽省电子创业券管理办法》政策解读
今年民生领域哪些政策将加力 总台专访人社部部长
海南省人力资源和社会保障厅等四部门 关于印发《海南省职...
人力资源社会保障部关于开展 2025年全国公共就业服务专项活...
福建省人力资源和社会保障厅 福建省财政厅关于公布2024年省...
河南省人力资源和社会保障厅 河南省教育厅 河南省财政厅关...
四川：绵阳“创业资源清单”发布，助你“创梦科...
江苏淮安：绿茵揽才·职通苏超 淮阴区人才夜市走进商圈 服务...
山东：今年“三支一扶”计划招募741人
云南永善：立足禀赋 破解瓶颈 奋力谱写高质量发展新篇章
广东广州： 石碁镇举办专场招聘会 助力重点企业与 求职者“...
云南弥勒：技能免费学 持证进企业
标签
高校毕业生就业
脱贫攻坚
职业培训
欠薪
春风行动
招聘会
技能扶贫
技能培训
就业扶贫
劳动争议
公共就业服务
仲裁",中国就业培训技术指导中心.,北京市,中国就业网-相关政策,技能培训,https://chinajob.mohrss.gov.cn/ywpd/jyfw/zcyjd/xgzc/index_3.shtml,民发〔2022〕34号,2220,,2026-04-25 16:16:32,ok
相关政策,2022-04-02,"相关政策
相关政策
政策与解读
就业服务
业务频道
首页
相关政策
政策解读
天津市人社局市发展改革委市民政局市财政局关于印发《天津市提升就业服务质量工程实施方案》的通...
各区人力资源和社会保障局、发展和改革委员会、民政局、财政局：现将《天津市提升就业服务质量工程实施方案》印发给你们，请结合实际抓好贯彻落实。市人社局 市发展改革委市民政局 市财政局2022年4月20日（此件主动公开）天津市提升就业服务质量工程实施方案...
国务院办公厅关于印发促进残疾人 就业三年行动方案（2022—2024年）的通知 （国办发〔2022〕6号...
各省、自治区、直辖市人民政府，国务院各部委、各直属机构：《促进残疾人就业三年行动方案（2022—2024年）》已经国务院同意，现印发给你们，请认真贯彻执行。国务院办公厅2022年3月25日（此件公开发布）促进残疾人就业三年行动方案（2022—2024年）就业是最大的民生。...
新疆维吾尔自治区关于印发《2022年自治区扩大就业惠民工程实施方案》的通知 新就办发〔2022〕3号
关于印发《2022年自治区扩大就业惠民工程实施方案》的通知伊犁哈萨克自治州就业工作领导小组，各地（州、市）就业工作领导小组，自治区就业工作领导小组各成员单位：实施扩大就业惠民工程，是自治区党委、自治区人民政府的重大决策部署，是促进“稳就业”“保就业”的重...
江西省人力资源和社会保障厅江西省财政厅关于印发应对疫情保主体促就业10条政策措施的通知 赣人...
各市、县（区）人民政府，赣江新区管委会：为深入贯彻习近平总书记关于统筹疫情防控和经济社会发展的重要指示精神，全面落实党中央、国务院和省委、省政府有关决策部署，帮助受疫情冲击较大的行业企业稳岗稳工，促进重点群体和困难群体就业创业，确保就业局势总体稳定，...
江苏省人力资源社会保障厅关于积极应对疫情进一步做好保企业稳就业惠民生工作的通知 苏人社发〔2...
各设区市、县（市、区）人力资源和社会保障局：为积极应对新冠肺炎疫情影响，进一步做好保企业、稳就业、惠民生工作，根据《省政府印发关于进一步帮助市场主体纾困解难着力稳定经济增长若干政策措施的通知》（苏政发〔2022〕1号），现提出如下政策措施，请认真执行。一...
广西壮族自治区人力资源和社会保障厅等24部门关于印发《突出稳岗位保重点优服务强保障促进更加充...
各设区市人民政府，区直各有关部门：《突出稳岗位保重点优服务强保障促进更加充分更高质量就业实施方案》已经自治区人民政府同意，现印发实施，请认真抓好落实。突出稳岗位保重点优服务强保障促进更加充分更高质量就业实施方案为深入贯彻落实习近平总书记关于就业工作的...
上海市人力资源和社会保障局 上海市财政局 上海市民政局 上海市残疾人联合会关于 进一步做好本市...
各区人力资源和社会保障局、民政局、财政局、残疾人联合会：为切实做好本市就业促进工作，保证就业局势持续稳定，经市政府同意，现就进一步做好本市就业困难群体的就业援助工作提出如下意见。一、 “就业困难人员”认定标准本意见中的“就业困难人员”是指法定劳动年龄...
天津市人社局关于印发《天津市就业困难 人员认定办法》的通知 津人社规字〔2022〕6号
各区人力资源和社会保障局，有关单位：经市人民政府同意，现将《天津市就业困难人员认定办法》印发给你们，请认真遵照执行。2022年2月22日（此件主动公开）天津市就业困难人员认定办法为做好就业困难人员认定工作，精准帮扶就业困难人员就业，按照国家和本市相关规定，...
北京市关于促进本市农村劳动力就业参保有关问题的通知 京人社就发〔2022〕1号
各区人力资源和社会保障局、财政局，北京经济技术开发区社会事业局、财政审计局：为促进本市农业户籍劳动力（以下简称“农村劳动力”）充分就业、稳定就业、参加职工社会保险，现就有关问题通知如下：一、 鼓励各类用人单位招用农村劳动力（一）符合《关于印发<用人单位...
关于印发《辽宁省省级人力资源服务产业园管理办法（试行）》的通知
各市人力资源和社会保障局、沈抚示范区党建工作部： 按照人力资源社会保障部 国家发展改革委 财政部 商务部 市场监管总局《关于推进新时代人力资源服务业高质量发展的意见》（人社部发〔2021〕89号）、《国家级人力资源服务产业园管理办法（试行）》要求，为促进我省人...
«
1
2
3
4
5
6
7
8
9
»
热门资讯
今日要闻
最新政策
本周排行
习近平近日作出重要指示强调 把“义乌发展经验”进一...
中国博士后科学基金会理事会换届会议在京召开
国务院任免国家工作人员（2026年4月24日）
宁夏银川：用心用情为职工办实事
青海共和:“人社+工会”劳动人事争议裁调对接工作室揭...
宁夏吴忠：利通区金积工业园区持续优化营商环境
《安徽省电子创业券管理办法》政策解读
今年民生领域哪些政策将加力 总台专访人社部部长
海南省人力资源和社会保障厅等四部门 关于印发《海南省职...
人力资源社会保障部关于开展 2025年全国公共就业服务专项活...
福建省人力资源和社会保障厅 福建省财政厅关于公布2024年省...
河南省人力资源和社会保障厅 河南省教育厅 河南省财政厅关...
四川：绵阳“创业资源清单”发布，助你“创梦科...
江苏淮安：绿茵揽才·职通苏超 淮阴区人才夜市走进商圈 服务...
山东：今年“三支一扶”计划招募741人
云南永善：立足禀赋 破解瓶颈 奋力谱写高质量发展新篇章
广东广州： 石碁镇举办专场招聘会 助力重点企业与 求职者“...
云南弥勒：技能免费学 持证进企业
标签
高校毕业生就业
脱贫攻坚
职业培训
欠薪
春风行动
招聘会
技能扶贫
技能培训
就业扶贫
劳动争议
公共就业服务
仲裁",010--84661166（编辑部）,全国,中国就业网-相关政策,技能培训,https://chinajob.mohrss.gov.cn/ywpd/jyfw/zcyjd/xgzc/index_4.shtml,国办发〔2022〕6号,2404,,2026-04-25 16:16:34,ok
相关政策,2021-10-01,"相关政策
相关政策
政策与解读
就业服务
业务频道
首页
相关政策
政策解读
贵州省人力资源和社会保障厅等九部门关于印发《贵州省乡村公益性岗位开发管理办法》的通知 黔人...
贵州省人力资源和社会保障厅等九部门关于印发《贵州省乡村公益性岗位开发管理办法》的通知黔人社发〔2021〕21 号
海南省财政厅 海南省人力资源和社会保障厅 关于印发《海南省就业补助资金 管理办法》的通知 琼...
海南省财政厅 海南省人力资源和社会保障厅 关于印发《海南省就业补助资金 管理办法》的通知 琼财社规〔2021〕14 号
人力资源社会保障部办公厅 国务院国资委办公厅 教育部办公厅关于开展第十一届中央企业面向西藏青...
各中央企业，西藏自治区、青海省、新疆维吾尔自治区、四川省、云南省、甘肃省人力资源社会保障厅、教育厅：为深入贯彻党中央、国务院关于做好高校毕业生就业工作的决策部署，落实中央第七次西藏工作座谈会、第三次中央新疆工作座谈会精神，更好促进西藏、青海、新疆及四...
人力资源社会保障部 国家开发银行关于开展开发性金融支持劳务协作有关事项的通知（人社部发【202...
各省、自治区、直辖市及新疆生产建设兵团人力资源社会保障厅（局），国家开发银行各分行： 为贯彻党中央、国务院关于稳就业、保居民就业决策部署，按照《国务院关于印发“十四五”就业促进规划的通知》（国发〔2021〕14号）、《人力资源社会保障部 国家发展改革委 财政...
江苏省政府办公厅关于印发江苏省“十四五”高质量就业促进规划的通知 苏政办发〔2021〕87号
各市、县（市、区）人民政府，省各委办厅局，省各直属单位：《江苏省“十四五”高质量就业促进规划》已经省人民政府同意，现印发给你们，请认真组织实施。江苏省人民政府办公厅2021年10月12日（此件公开发布）江苏省“十四五”高质量就业促进规划就业是最大的民生，也是...
人力资源社会保障部 国家发展改革委 民政部 财政部关于实施提升就业服务质量工程的通知（人社部...
各省、自治区、直辖市及新疆生产建设兵团人力资源社会保障厅（局）、发展改革委、民政厅（局）、财政厅（局）：就业服务是国家基本公共服务的重要组成，是稳定扩大就业、化解失业风险的基础手段。提升就业服务质量对推进实现更加充分更高质量就业、改善民生福祉、促进经...
人力资源社会保障部 民政部 退役军人事务部 全国总工会 全国工商联关于开展2021年金秋招聘月活动...
各省、自治区、直辖市及新疆生产建设兵团人力资源社会保障厅（局）、民政厅（局）、退役军人事务厅（局）、总工会、工商联：为贯彻党中央、国务院稳就业保就业决策部署，帮助企业解决招工稳工难题，促进人力资源供需匹配对接，人力资源社会保障部、民政部、退役军人事务...
黑龙江省人力资源和社会保障厅关于应对疫情风险进一步做好就业工作的通知
各市（地）人力资源和社会保障局：为深入贯彻胡昌升省长对就业工作的批示精神，认真落实杨博副省长在全省稳就业专班第二次会议上的讲话要求，扎实推进国务院高校毕业生就业工作电视电话会议部署，积极应对疫情对就业工作带来的风险挑战，进一步强化政策落实，优化就业服...
人力资源社会保障部 财政部 国家税务总局 国务院港澳事务办公室关于支持港澳青年在粤港澳大湾区...
广东省人力资源和社会保障厅、财政厅、港澳事务办公室，国家税务总局广东省、深圳市税务局：促进港澳青年到粤港澳大湾区就业创业，是增进港澳同胞民生福祉、助推港澳与内地交往交流交融的重要举措。为贯彻党中央、国务院决策部署，支持港澳青年在粤港澳大湾区就业创业，...
黑龙江省人力资源和社会保障厅 黑龙江省发展和改革委员会 黑龙江省财政厅 黑龙江省农业农村厅 黑...
各市（地）人力资源和社会保障局、发展和改革委员会、财政局、农业农村局、乡村振兴局：为深入贯彻习近平总书记关于巩固拓展脱贫攻坚成果、全面推进乡村振兴重要指示精神，全面落实《人力资源社会保障部 国家发展改革委 财政部 农业农村部 国家乡村振兴局关于切实加强就...
«
1
2
3
4
5
6
7
8
9
»
热门资讯
今日要闻
最新政策
本周排行
习近平近日作出重要指示强调 把“义乌发展经验”进一...
中国博士后科学基金会理事会换届会议在京召开
国务院任免国家工作人员（2026年4月24日）
宁夏银川：用心用情为职工办实事
青海共和:“人社+工会”劳动人事争议裁调对接工作室揭...
宁夏吴忠：利通区金积工业园区持续优化营商环境
《安徽省电子创业券管理办法》政策解读
今年民生领域哪些政策将加力 总台专访人社部部长
海南省人力资源和社会保障厅等四部门 关于印发《海南省职...
人力资源社会保障部关于开展 2025年全国公共就业服务专项活...
福建省人力资源和社会保障厅 福建省财政厅关于公布2024年省...
河南省人力资源和社会保障厅 河南省教育厅 河南省财政厅关...
四川：绵阳“创业资源清单”发布，助你“创梦科...
江苏淮安：绿茵揽才·职通苏超 淮阴区人才夜市走进商圈 服务...
山东：今年“三支一扶”计划招募741人
云南永善：立足禀赋 破解瓶颈 奋力谱写高质量发展新篇章
广东广州： 石碁镇举办专场招聘会 助力重点企业与 求职者“...
云南弥勒：技能免费学 持证进企业
标签
高校毕业生就业
脱贫攻坚
职业培训
欠薪
春风行动
招聘会
技能扶贫
技能培训
就业扶贫
劳动争议
公共就业服务
仲裁",中国就业培训技术指导中心.,全国,中国就业网-相关政策,技能培训,https://chinajob.mohrss.gov.cn/ywpd/jyfw/zcyjd/xgzc/index_5.shtml,国发〔2021〕14号,2263,,2026-04-25 16:16:36,ok
相关政策,2026-04-02,"相关政策
相关政策
政策与解读
就业服务
业务频道
首页
相关政策
政策解读
海南省人力资源和社会保障厅等五部门关于印发《切实加强就业帮扶巩固拓展脱贫攻坚成果助力乡村振...
海南省人力资源和社会保障厅等五部门关于印发《切实加强就业帮扶巩固拓展脱贫攻坚成果助力乡村振兴工作实施方案》的通知琼人社发〔2021〕110号
海南省人力资源和社会保障厅等五部门 关于印发《切实加强就业帮扶巩固拓展脱贫 攻坚成果助力乡村...
海南省人力资源和社会保障厅等五部关于印发《切实加强就业帮扶巩固拓展脱贫攻坚成果助力乡村振兴工作实施方案》的通知
人力资源社会保障部关于开展2021年高校毕业生就业服务行动的通知（人社厅明电【2021】10号）
各省、自治区、直辖市及新疆生产建设兵团人力资源社会保障厅（局）：为深入实施高校毕业生就业创业促进计划，进一步促进未就业高校毕业生实现就业，人力资源社会保障部决定实施“2021年高校毕业生就业服务行动”。现就有关事项通知如下：一、 总体要求和目标以习近平新...
国务院关于印发 “十四五”就业促进规划的通知（国发〔2021〕14号）
北京市关于印发《北京市人力资源服务产业园建设发展办法（试行）》的通知 京人社市场发〔2021〕3...
各区人力资源和社会保障局、北京经济技术开发区社会事业局：为扎实推进国家服务业扩大开放综合示范区和中国（北京）自由贸易试验区建设与发展，落实《北京市促进人力资源市场发展办法》，促进人力资源服务业高质量发展，服务就业创业和人力资源优化配置，我们研究制定了...
黑龙江省关于延续实施部分减负稳岗扩就业 黑人社发〔2021〕12号
各市（地）、县（市）人民政府（行署）：为贯彻落实《人力资源社会保障部 国家发展改革委 教育部 财政部 中央军委国防动员部关于延续实施部分减负稳岗扩就业政策措施的通知》（人社部发〔2021〕29号）精神，经省政府同意，现就我省延续实施部分政策措施有关事项通知如下...
海南省人力资源和社会保障厅海南省发展和改革委员会 海南省教育厅海南省财政厅 海南省军区政治工...
各市、县、洋浦经济开发区人力资源社会保障（人事劳动保障）局、发展改革委、教育局、财政局、征兵办，省人力资源开发局，省社保服务中心：根据《人力资源社会保障部 国家发展改革委 教育部 财政部 中央军委国防动员部关于延续实施部分减负稳岗扩就业政策措施的通知》（...
北京市关于调整本市促进就业政策社会保险补贴标准的通知 京人社就发〔2021〕31号
各区人力资源和社会保障局、财政局：为贯彻落实财政部、人力资源社会保障部《就业补助资金管理办法》（财社〔2017〕164号）文件精神，结合本市实际，现就调整本市鼓励用人单位招用的社会保险补贴和鼓励失业人员自谋职业（自主创业）、灵活就业的社会保险补贴标准有关事...
河北省关于延续部分减负稳岗扩就业政策措施的通知（冀人社字180号）
关于延续部分减负稳岗扩就业政策措施的通知（冀人社字180号）
江苏省人力资源社会保障厅关于积极应对疫情防控加快开发临时性公益性岗位的通知 苏人社函〔2021...
各设区市人力资源和社会保障局：当前疫情防控仍处于关键阶段，为认真贯彻落实省委省政府关于疫情防控的决策部署，落实疫情防控和稳就业举措，现就加快开发疫情防控临时性公益性岗位有关事项通知如下：一、 开发领域全省环境消杀、卡点值守、核酸检测服务、防疫物资对接...
«
1
2
3
4
5
6
7
8
9
»
热门资讯
今日要闻
最新政策
本周排行
习近平近日作出重要指示强调 把“义乌发展经验”进一...
中国博士后科学基金会理事会换届会议在京召开
国务院任免国家工作人员（2026年4月24日）
宁夏银川：用心用情为职工办实事
青海共和:“人社+工会”劳动人事争议裁调对接工作室揭...
宁夏吴忠：利通区金积工业园区持续优化营商环境
《安徽省电子创业券管理办法》政策解读
今年民生领域哪些政策将加力 总台专访人社部部长
海南省人力资源和社会保障厅等四部门 关于印发《海南省职...
人力资源社会保障部关于开展 2025年全国公共就业服务专项活...
福建省人力资源和社会保障厅 福建省财政厅关于公布2024年省...
河南省人力资源和社会保障厅 河南省教育厅 河南省财政厅关...
四川：绵阳“创业资源清单”发布，助你“创梦科...
江苏淮安：绿茵揽才·职通苏超 淮阴区人才夜市走进商圈 服务...
山东：今年“三支一扶”计划招募741人
云南永善：立足禀赋 破解瓶颈 奋力谱写高质量发展新篇章
广东广州： 石碁镇举办专场招聘会 助力重点企业与 求职者“...
云南弥勒：技能免费学 持证进企业
标签
高校毕业生就业
脱贫攻坚
职业培训
欠薪
春风行动
招聘会
技能扶贫
技能培训
就业扶贫
劳动争议
公共就业服务
仲裁",中国就业培训技术指导中心.,北京市,中国就业网-相关政策,技能培训,https://chinajob.mohrss.gov.cn/ywpd/jyfw/zcyjd/xgzc/index_6.shtml,的通知琼人社发〔2021〕110号,2009,,2026-04-25 16:16:38,ok
相关政策,2021-06-02,"相关政策
相关政策
政策与解读
就业服务
业务频道
首页
相关政策
政策解读
海南省人力资源和社会保障厅 海南省发展和改革委员会 海南省教育厅 海南省财政厅 海南省军区政治...
关于延续实施部分减负稳岗扩就业政策措施的通知琼人社发〔2021〕87号
湖北省人社厅 省发改委 省教育厅 省财政厅 省退役军人厅 省乡村振兴局 省军区动员局 人民银行武...
各市、州、直管市、神农架林区人民政府：为扎实做好稳就业工作，全面落实保居民就业任务，按照《人力资源社会保障部、国家发展改革委、教育部、财政部、中央军委国防动员部关于延续实施部分减负稳岗扩就业政策措施的通知》（人社部发〔2021〕29号）精神，经省人民政府同...
贵州省人力资源社会保障厅等六部门关于切实加强就业帮扶巩固拓展脱贫攻坚成果助力乡村振兴的实施...
省人力资源社会保障厅等六部门关于切实加强就业帮扶巩固拓展脱贫攻坚成果助力乡村振兴的实施意见黔人社发〔2021〕11 号
贵州省人力资源社会保障厅等五部门关于延续实施若干减负稳岗扩就业政策措施的通知黔人社发〔2021...
省人力资源社会保障厅等五部门关于延续实施若干减负稳岗扩就业政策措施的通知黔人社发〔2021〕10 号
辽宁省关于延续实施和优化完善减负稳岗扩就业政策措施的通知
各市人民政府，省政府有关厅委，各有关单位：为进一步贯彻落实党中央、国务院关于稳就业、保就业的决策部署，根据经国务院同意的《人力资源社会保障部国家发展改革委 教育部 财政部 中央军委国防动员部关于延续实施部分减负稳岗扩就业政策措施的通知》（人社部发〔2021...
新疆维吾尔自治区关于印发《自治区扩大就业惠民工程实施方案》的通知 新就发〔2021〕 2 号
关于印发《自治区扩大就业惠民工程 实施方案》的通知伊犁哈萨克自治州人民政府,各州、市人民政府,各地行政公署, 自治区就业工作领导小组各成员单位:经自治区就业工作领导小组研究同意,现将《自治区扩大就 业惠民工程实施方案》印发你们,请认真贯彻落实.2021年6月27日自...
贵州省人力资源社会保障厅等五部门关于延续实施若干减负稳岗扩就业政策措施的通知（黔人社发〔20...
各市、自治州人民政府：为贯彻落实《人力资源社会保障部 国家发展改革委 教育部 财政部 中央军委国防动员部关于延续实施部分减负稳岗扩就业政策措施的通知》（人社部发〔2021〕29号）精神，按照2021年《政府工作报告》关于做好稳就业促增收、落实就业优先政策的部署要求...
江苏省人力资源社会保障厅等十五部门关于印发《江苏省公益性岗位开发管理办法》的通知 苏人社规...
各设区市人力资源和社会保障局、财政局、公安局、民政局、自然资源局、住房和城乡建设局、交通运输局、水利局、农业农村局、卫生健康委员会、应急管理局、林业局、乡村振兴局、残疾人联合会、邮政管理局：现将《江苏省公益性岗位开发管理办法》印发给你们，请结合实际认...
江苏省人力资源社会保障厅 省残联关于开发“残疾人之家”公益性岗位的通知 苏人社函〔2021〕248...
各设区市人力资源社会保障局、残联，昆山市、泰兴市、沭阳县人力资源社会保障局、残联：为全面贯彻落实党的十九届五中全会精神，围绕“全面建成小康社会，残疾人一个都不能少”的目标，更好地利用公益性岗位资源帮助残疾人实现就业，推进基层残疾人组织规范化建设，进一...
人力资源社会保障部办公厅 国家乡村振兴局综合司 全国妇联办公厅关于开展家政服务劳务对接助力乡...
各省、自治区、直辖市及新疆生产建设兵团人力资源社会保障厅（局）、乡村振兴局、妇联：为深入贯彻党中央、国务院关于实现巩固拓展脱贫攻坚成果同乡村振兴有效衔接的部署安排，进一步落实《国务院办公厅关于促进家政服务业提质扩容的意见》要求，持续加强家政服务供需对...
«
1
2
3
4
5
6
7
8
9
»
热门资讯
今日要闻
最新政策
本周排行
习近平近日作出重要指示强调 把“义乌发展经验”进一...
中国博士后科学基金会理事会换届会议在京召开
国务院任免国家工作人员（2026年4月24日）
宁夏银川：用心用情为职工办实事
青海共和:“人社+工会”劳动人事争议裁调对接工作室揭...
宁夏吴忠：利通区金积工业园区持续优化营商环境
《安徽省电子创业券管理办法》政策解读
今年民生领域哪些政策将加力 总台专访人社部部长
海南省人力资源和社会保障厅等四部门 关于印发《海南省职...
人力资源社会保障部关于开展 2025年全国公共就业服务专项活...
福建省人力资源和社会保障厅 福建省财政厅关于公布2024年省...
河南省人力资源和社会保障厅 河南省教育厅 河南省财政厅关...
四川：绵阳“创业资源清单”发布，助你“创梦科...
江苏淮安：绿茵揽才·职通苏超 淮阴区人才夜市走进商圈 服务...
山东：今年“三支一扶”计划招募741人
云南永善：立足禀赋 破解瓶颈 奋力谱写高质量发展新篇章
广东广州： 石碁镇举办专场招聘会 助力重点企业与 求职者“...
云南弥勒：技能免费学 持证进企业
标签
高校毕业生就业
脱贫攻坚
职业培训
欠薪
春风行动
招聘会
技能扶贫
技能培训
就业扶贫
劳动争议
公共就业服务
仲裁",中国就业培训技术指导中心.,全国,中国就业网-相关政策,技能培训,https://chinajob.mohrss.gov.cn/ywpd/jyfw/zcyjd/xgzc/index_7.shtml,分减负稳岗扩就业政策措施的通知琼人社发〔2021〕87号,2170,,2026-04-25 16:16:41,ok
相关政策,2026-04-02,"相关政策
相关政策
政策与解读
就业服务
业务频道
首页
相关政策
政策解读
江苏省人力资源社会保障厅等十五部门关于印发《江苏省公益性岗位开发管理办法》的通知（苏人社规...
各设区市人力资源和社会保障局、财政局、公安局、民政局、自然资源局、住房和城乡建设局、交通运输局、水利局、农业农村局、卫生健康委员会、应急管理局、林业局、乡村振兴局、残疾人联合会、邮政管理局：现将《江苏省公益性岗位开发管理办法》印发给你们，请结合实际认...
关于进一步做好中国就业网宣传工作的通知（中就培函〔2021〕32号）
各省、自治区、直辖市及新疆生产建设兵团人力资源社会保障厅（局）劳动就业服务机构：根据2021年人力资源社会保障宣传工作总体安排和全国人力资源社会保障宣传工作视频会议的要求，为配合做好新时期人社事业宣传工作，现就进一步做好中国就业网宣传工作有关事项通知如下...
广西南宁：南宁市人力资源和社会保障局关于落实做好农民工创业就业补贴工作的通知（南人社规〔20...
各县、区（开发区）人力资源和社会保障局：为贯彻落实《广西壮族自治区人力资源和社会保障厅 广西壮族自治区财政厅关于开展农民工创业就业补贴工作的通知》（桂人社规〔2018〕11号）精神，做好我市农民工创业就业补贴工作，发挥资金惠民效应，现就落实做好我市农民工创...
关于征集职业指导培训精品课程和培训师资的通知
各省、自治区、直辖市及新疆生产建设兵团公共就业服务机构，有关单位：为贯彻落实《人力资源社会保障部办公厅关于印发<职业指导员基础知识及理论培训大纲>和<职业指导员技能操作能力训练大纲>的通知》（人社厅函[2021]61号，以下简称《大纲》），我中心拟采取开发与公开...
人力资源社会保障部 国家发展改革委 教育部 财政部 中央军委国防动员部关于延续实施部分减负稳岗...
各省、自治区、直辖市人民政府，新疆生产建设兵团： 2020年，新冠肺炎疫情突如其来，对经济和就业造成严重冲击。面对困难局面，党中央、国务院将稳就业、保居民就业摆在“六稳”、“六保”首位，全面强化就业优先政策，推出一系列超常规、阶段性举措，实现了就业局势逐...
人力资源社会保障部办公厅关于开展第五批国家级充分就业社区推荐认定工作的通知（人社厅函〔2021...
各省、自治区、直辖市及新疆生产建设兵团人力资源社会保障厅（局）：为深入推动充分就业社区建设工作，进一步发挥典型引路作用，按照全国创建示范活动和推进全方位公共就业服务的有关要求，我部决定开展第五批国家级充分就业社区推荐认定工作。现就有关事项通知如下：一...
河北省人力资源和社会保障厅关于开展“百日千万网络招聘专项行动”的通知（冀人社字〔2021〕105...
江西省关于开展2021年“百日千万网络招聘专项行动”的通知（赣人社字〔2021〕184号）
各市、县（区）人力资源社会保障局：为深入贯彻党中央、国务院和省委省政府决策部署，进一步加强高校毕业生、农民工等重点群体就业服务，搭建求职者和用人单位招聘对接通道，根据人社部《关于开展“百日千万网络招聘专项行动”的通知》（人社部明电〔2021〕7号）要求，...
江苏省人力资源社会保障厅 关于做好2021年全省高校毕业生就业创业工作的通知（苏人社函〔2021〕1...
各设区市人力资源社会保障局，昆山市、泰兴市、沭阳县人力资源社会保障局：为切实做好今年我省高校毕业生就业创业工作，确保就业局势总体稳定，根据《人力资源社会保障部关于做好2021年全国高校毕业生就业创业工作的通知》（人社部函〔2021〕27号）精神，现就有关事项通...
北京市人力资源和社会保障局 北京市教育委员会 北京市卫生健康委员会 关于进一步简化本市高校毕...
各区人力资源和社会保障局、教育委员会、卫生健康委员会，北京经济技术开发区社会事业局、社会保险保障中心，各普通高等学校、中等专业学校，各有关单位：为深入贯彻落实国务院关于优化营商环境的要求，本市进一步简化普通高等学校毕业生（以下简称毕业生）就业手续、优...
«
1
2
3
4
5
6
7
8
9
»
热门资讯
今日要闻
最新政策
本周排行
习近平近日作出重要指示强调 把“义乌发展经验”进一...
中国博士后科学基金会理事会换届会议在京召开
国务院任免国家工作人员（2026年4月24日）
宁夏银川：用心用情为职工办实事
青海共和:“人社+工会”劳动人事争议裁调对接工作室揭...
宁夏吴忠：利通区金积工业园区持续优化营商环境
《安徽省电子创业券管理办法》政策解读
今年民生领域哪些政策将加力 总台专访人社部部长
海南省人力资源和社会保障厅等四部门 关于印发《海南省职...
人力资源社会保障部关于开展 2025年全国公共就业服务专项活...
福建省人力资源和社会保障厅 福建省财政厅关于公布2024年省...
河南省人力资源和社会保障厅 河南省教育厅 河南省财政厅关...
四川：绵阳“创业资源清单”发布，助你“创梦科...
江苏淮安：绿茵揽才·职通苏超 淮阴区人才夜市走进商圈 服务...
山东：今年“三支一扶”计划招募741人
云南永善：立足禀赋 破解瓶颈 奋力谱写高质量发展新篇章
广东广州： 石碁镇举办专场招聘会 助力重点企业与 求职者“...
云南弥勒：技能免费学 持证进企业
标签
高校毕业生就业
脱贫攻坚
职业培训
欠薪
春风行动
招聘会
技能扶贫
技能培训
就业扶贫
劳动争议
公共就业服务
仲裁",中国就业培训技术指导中心.,全国,中国就业网-相关政策,技能培训,https://chinajob.mohrss.gov.cn/ywpd/jyfw/zcyjd/xgzc/index_8.shtml,中就培函〔2021〕32号,2260,,2026-04-25 16:16:43,ok
相关政策,2021-05-01,"相关政策
相关政策
政策与解读
就业服务
业务频道
首页
相关政策
政策解读
广东：关于印发《2021年广东省高校毕业生就业创业十大行动方案》的通知
关于印发《2021年广东省高校毕业生就业创业十大行动方案》的通知各地级以上市人民政府，省有关单位，各普通高校：经省人民政府同意，现将《2021年广东省高校毕业生就业创业十大行动方案》印发给你们，请认真抓好贯彻落实。执行中遇到的问题，请径向省就业工作领导小组办...
江苏省人力资源社会保障厅 省教育厅 省退役军人事务厅 省总工会 省妇联 省工商联 关于开展2021年...
各设区市人力资源社会保障局、教育局、退役军人事务局、总工会、妇联、工商联：为深入贯彻落实党中央、国务院和省委、省政府关于稳就业保就业的决策部署，充分发挥民营企业吸纳就业主渠道作用，帮助重点群体就业，根据国家统一部署，省人力资源社会保障厅、省教育厅、省...
人力资源社会保障部 国家发展改革委 财政部 农业农村部 国家乡村振兴局关于切实加强就业帮扶巩固...
各省、自治区、直辖市及新疆生产建设兵团人力资源社会保障厅（局）、发展改革委、财政厅（局）、农业农村（农牧）厅（局、委）、扶贫（乡村振兴）局（委、办）：就业是巩固脱贫攻坚成果的基本措施。为贯彻党中央、国务院决策部署，持续做好脱贫人口、农村低收入人口就业...
江苏省关于延续实施部分减负稳岗扩就业政策措施的通知 苏人社发〔2021〕69号
各市、县（市、区）人民政府：为贯彻落实2021年《政府工作报告》关于就业优先政策要继续强化、聚力增效的部署，根据《关于延续实施部分减负稳岗扩就业政策措施的通知》（人社部发〔2021〕29号）文件精神，经省政府同意，现就有关事项通知如下：一、 继续实施普惠性失业...
人力资源社会保障部办公厅 中国残联办公厅关于开展残疾人就业帮扶活动的通知
各省、自治区、直辖市及新疆生产建设兵团人力资源社会保障厅（局）、残疾人联合会：2021年5月16日是第31个全国助残日。为进一步贯彻落实党中央、国务院关于做好残疾人工作的决策部署，结合国务院残疾人工作委员会关于开展第三十一次全国助残日活动的总体安排和2021年全...
人力资源社会保障部关于做好2021年全国高校毕业生就业创业工作的通知
各省、自治区、直辖市及新疆生产建设兵团人力资源社会保障厅（局）：高校毕业生就业关系民生福祉、社会稳定和高质量发展。2021届高校毕业生规模达909万人，在国内外环境和疫情变化存在不确定性的情况下，促进就业任务更为艰巨。各地要全面贯彻党的十九届五中全会精神和...
吉林省关于做好企业一次性稳岗留工补贴发放 工作的通知 吉人社联〔2021〕14号
各市（州）、长白山管委会、各县（市、区）人力资源和社会保障局、工信局、财政局：为贯彻落实省政府办公厅《关于保障2021年春节期间重点工业企业连续生产有关措施的通知》（吉政办明电〔2021〕3号，以下简称《通知》）精神，引导支持重点工业企业稳岗留工，现就发放一...
人力资源社会保障部 公安部 交通运输部国家卫生健康委 国家乡村振兴局 中国民航局 国家铁路集团...
各省、自治区、直辖市及新疆生产建设兵团人力资源社会保障厅（局）、公安厅（局）、交通运输厅（局、委）、卫生健康委、扶贫办（乡村振兴部门），民航各地区管理局，各铁路集团公司：去年底以来，各地贯彻落实党中央、国务院决策部署，积极组织开展稳岗留工工作，合理有...
«
1
2
3
4
5
6
7
8
9
»
热门资讯
今日要闻
最新政策
本周排行
习近平近日作出重要指示强调 把“义乌发展经验”进一...
中国博士后科学基金会理事会换届会议在京召开
国务院任免国家工作人员（2026年4月24日）
宁夏银川：用心用情为职工办实事
青海共和:“人社+工会”劳动人事争议裁调对接工作室揭...
宁夏吴忠：利通区金积工业园区持续优化营商环境
《安徽省电子创业券管理办法》政策解读
今年民生领域哪些政策将加力 总台专访人社部部长
海南省人力资源和社会保障厅等四部门 关于印发《海南省职...
人力资源社会保障部关于开展 2025年全国公共就业服务专项活...
福建省人力资源和社会保障厅 福建省财政厅关于公布2024年省...
河南省人力资源和社会保障厅 河南省教育厅 河南省财政厅关...
四川：绵阳“创业资源清单”发布，助你“创梦科...
江苏淮安：绿茵揽才·职通苏超 淮阴区人才夜市走进商圈 服务...
山东：今年“三支一扶”计划招募741人
云南永善：立足禀赋 破解瓶颈 奋力谱写高质量发展新篇章
广东广州： 石碁镇举办专场招聘会 助力重点企业与 求职者“...
云南弥勒：技能免费学 持证进企业
标签
高校毕业生就业
脱贫攻坚
职业培训
欠薪
春风行动
招聘会
技能扶贫
技能培训
就业扶贫
劳动争议
公共就业服务
仲裁",中国就业培训技术指导中心.,广东省,中国就业网-相关政策,技能培训,https://chinajob.mohrss.gov.cn/ywpd/jyfw/zcyjd/xgzc/index_9.shtml,苏人社发〔2021〕69号,2017,,2026-04-25 16:16:45,ok
相关政策,2026-04-02,"相关政策
相关政策
政策与解读
就业服务
业务频道
首页
相关政策
政策解读
«
1
2
3
4
5
6
7
8
9
»
热门资讯
今日要闻
最新政策
本周排行
习近平近日作出重要指示强调 把“义乌发展经验”进一...
中国博士后科学基金会理事会换届会议在京召开
国务院任免国家工作人员（2026年4月24日）
宁夏银川：用心用情为职工办实事
青海共和:“人社+工会”劳动人事争议裁调对接工作室揭...
宁夏吴忠：利通区金积工业园区持续优化营商环境
《安徽省电子创业券管理办法》政策解读
今年民生领域哪些政策将加力 总台专访人社部部长
海南省人力资源和社会保障厅等四部门 关于印发《海南省职...
人力资源社会保障部关于开展 2025年全国公共就业服务专项活...
福建省人力资源和社会保障厅 福建省财政厅关于公布2024年省...
河南省人力资源和社会保障厅 河南省教育厅 河南省财政厅关...
山东：今年“三支一扶”计划招募741人
江苏淮安：绿茵揽才·职通苏超 淮阴区人才夜市走进商圈 服务...
广东广州： 石碁镇举办专场招聘会 助力重点企业与 求职者“...
云南弥勒：技能免费学 持证进企业
云南永善：立足禀赋 破解瓶颈 奋力谱写高质量发展新篇章
四川江油：社保优服务 全力保民生
标签
高校毕业生就业
脱贫攻坚
职业培训
欠薪
春风行动
招聘会
技能扶贫
技能培训
就业扶贫
劳动争议
公共就业服务
仲裁",中国就业培训技术指导中心.,全国,中国就业网-相关政策,技能培训,https://chinajob.mohrss.gov.cn/zcms/catalog/15/pc/index_129.shtml,,609,,2026-04-25 16:16:47,ok
习近平近日作出重要指示强调 把“义乌发展经验”进一步总结好运用好 探索走出符合各自实际的高质量发展之路,2026-04-02,"010--84661166（编辑部）
jywzbgs@mohrss.gov.cn
注册
登录
个人中心
我的问答
我的收藏
退出登录
资讯频道
时政要闻
重要新闻
中心工作
专题资讯
国际动态
往期轮播
业务频道
专版专栏
就业服务
创业服务
培训鉴定
劳动关系
社会保障
工作平台
职业数字展馆
就创平台
新职业平台
劳务品牌数字服务平台
线上平台征集
管理调度系统
政策法规
数据频道
季度发布会
短缺职业排行
工资数据
便民服务
一图知晓
互动交流
办事服务
快捷查询
关于我们
资讯频道
时政要闻
重要新闻
中心工作
专题资讯
国际动态
往期轮播
业务频道
专版专栏
就业服务
创业服务
培训鉴定
劳动关系
社会保障
工作平台
职业数字展馆
就创平台
新职业平台
劳务品牌数字服务平台
线上平台征集
管理调度系统
政策法规
数据频道
季度发布会
短缺职业排行
工资数据
便民服务
一图知晓
互动交流
办事服务
快捷查询
关于我们
网上调查
公众号
“中国就业创业” 微信公众号
“中国就业创业” 快手号
留言板
留言邮箱：
jywzbgs@mohrss.gov.cn
留言板
高级搜索
时政要闻
时政要闻
资讯频道
首页
时政要闻
重要新闻
中心工作
专题资讯
国际动态
往期轮播
习近平近日作出重要指示强调 把“义乌发展经验”进一步总结好运用好 探索走出符合各自实际的高质量发展之路
人力资源和社会保障部
2026.04.24
小
中
大
新华社北京4月23日电 中共中央总书记、国家主席、中央军委主席习近平近日作出重要指示指出，义乌小商品闯出大市场、做成大产业，形成“义乌发展经验”，这是因地制宜发展县域经济的成功实践。
习近平强调，要结合开展树立和践行正确政绩观学习教育，把“义乌发展经验”进一步总结好、运用好，引导各地区立足自身资源禀赋，尊重基层和群众首创精神，改革创新、真抓实干、久久为功，探索走出符合各自实际的高质量发展之路，更好服务和融入全国发展大局。
习近平在浙江工作期间，多次到义乌调研，总结推广“义乌发展经验”。这些年来，义乌不断书写“小商品、大市场”新篇章，目前小商品市场经营主体突破126万户，与230多个国家和地区有贸易往来，2025年外贸出口额居全国县（市、区）首位。
习近平
义乌发展经验
发展
总结
华社北京4月23日电 中共中央总书记、国家主席、中央军委主席习近平近日作出重要指示指出，义乌小商品闯出大市场、做成大产业，形成“义乌发展经验”，这是因地制宜发展县域经济的成功实践。
习近平强调，要结合开展树立和践行正确政绩观学习教育，把“义乌发展经验”进一步总结好、运用好，引导各地区立足自身资源禀赋，尊重基层和群众首创精神，改革创新、真抓实干、久久为功，探索走出符合各自实际的高质量发展之路，更好服务和融入全国发展大局。
分享该文章
上一篇
无
下一篇
中共中央办公厅 国务院办公厅印发《碳达峰...
推荐阅读
热门资讯
今日要闻
最新政策
本周排行
习近平近日作出重要指示强调 把“义乌发展经验”进一...
中国博士后科学基金会理事会换届会议在京召开
国务院任免国家工作人员（2026年4月24日）
宁夏银川：用心用情为职工办实事
青海共和:“人社+工会”劳动人事争议裁调对接工作室揭...
宁夏吴忠：利通区金积工业园区持续优化营商环境
《安徽省电子创业券管理办法》政策解读
今年民生领域哪些政策将加力 总台专访人社部部长
海南省人力资源和社会保障厅等四部门 关于印发《海南省职...
人力资源社会保障部关于开展 2025年全国公共就业服务专项活...
福建省人力资源和社会保障厅 福建省财政厅关于公布2024年省...
河南省人力资源和社会保障厅 河南省教育厅 河南省财政厅关...
四川：绵阳“创业资源清单”发布，助你“创梦科...
江苏淮安：绿茵揽才·职通苏超 淮阴区人才夜市走进商圈 服务...
山东：今年“三支一扶”计划招募741人
云南永善：立足禀赋 破解瓶颈 奋力谱写高质量发展新篇章
广东广州： 石碁镇举办专场招聘会 助力重点企业与 求职者“...
云南弥勒：技能免费学 持证进企业
标签
高校毕业生就业
脱贫攻坚
职业培训
欠薪
春风行动
招聘会
技能扶贫
技能培训
就业扶贫
劳动争议
公共就业服务
仲裁
人力资源和社会保障部
中国公共招聘网
世界技能大赛中国组委会
中国国家人才网
中国人力资源市场网
技能人才评价工作网
地方链接
北京
天津
河北
山西
内蒙古
辽宁
吉林
黑龙江
上海
江苏
浙江
安徽
福建
江西
山东
河南
湖北
湖南
广东
广西
海南
重庆
四川
贵州
云南
西藏
陕西
甘肃
青海
宁夏
新疆
兵团
网站声明
联系我们
主办单位：中国就业培训技术指导中心.
京ICP备09079694号-10 京公网安备110401200230
网站标识码bm15000006",中国就业培训技术指导中心.,北京市,中国就业网-相关政策,技能培训,https://chinajob.mohrss.gov.cn/c/2026-04-24/533701.shtml,,2027,,2026-04-25 16:16:49,ok
中国博士后科学基金会理事会换届会议在京召开,2026-04-02,"010--84661166（编辑部）
jywzbgs@mohrss.gov.cn
注册
登录
个人中心
我的问答
我的收藏
退出登录
资讯频道
时政要闻
重要新闻
中心工作
专题资讯
国际动态
往期轮播
业务频道
专版专栏
就业服务
创业服务
培训鉴定
劳动关系
社会保障
工作平台
职业数字展馆
就创平台
新职业平台
劳务品牌数字服务平台
线上平台征集
管理调度系统
政策法规
数据频道
季度发布会
短缺职业排行
工资数据
便民服务
一图知晓
互动交流
办事服务
快捷查询
关于我们
资讯频道
时政要闻
重要新闻
中心工作
专题资讯
国际动态
往期轮播
业务频道
专版专栏
就业服务
创业服务
培训鉴定
劳动关系
社会保障
工作平台
职业数字展馆
就创平台
新职业平台
劳务品牌数字服务平台
线上平台征集
管理调度系统
政策法规
数据频道
季度发布会
短缺职业排行
工资数据
便民服务
一图知晓
互动交流
办事服务
快捷查询
关于我们
网上调查
公众号
“中国就业创业” 微信公众号
“中国就业创业” 快手号
留言板
留言邮箱：
jywzbgs@mohrss.gov.cn
留言板
高级搜索
重要新闻
重要新闻
资讯频道
首页
时政要闻
重要新闻
中心工作
专题资讯
国际动态
往期轮播
中国博士后科学基金会理事会换届会议在京召开
人力资源和社会保障部
2026.04.24
小
中
大
4月23日，中国博士后科学基金会理事会换届会议在北京召开。
人力资源社会保障部党组书记、部长王晓萍出席会议并讲话。人力资源社会保障部党组成员、副部长俞家栋主持会议。
会议指出，
中国博士后科学基金会坚持以习近平新时代中国特色社会主义思想为指导，深入贯彻党中央决策部署，扎实履行“资助博士后，服务博士后”工作职责，为推动我国人才培养、科技创新和经济社会发展作出了重要贡献。
会议强调，要深入学习贯彻习近平总书记关于做好新时代人才工作的重要思想，准确把握“十五五”时期人才工作面临的新形势新任务新要求，扎实做好博士后各项工作，推动构建具有国际竞争力的博士后制度体系。
会议
要求
，
中国博士后科学基金会
要准确把握博士后工作的政治属性
、
战略定位和重点任务。基金会理事会要坚持政治建会，积极发挥决策咨询和桥梁纽带作用，强化自律自治，在推动博士后事业高质量发展中展现更大作为。
中国科学院院士、中国博士后科学基金会
第六届理事会
理事长李静海作
工作报告
。
会议
选举产生第七届理事会
理事，任命监事
。
第七届理事会第一次会议选举产生
第七届理事会
理事长、副理事长、秘书长，
审议通过《中国博士后科学基金会章程（修订
草
案）》
。
中国科学院院士
、
国家自然科学基金委员会党组成员、副主任陆建华当选
基金会
第七届理事会理事长。
中国劳动学会会长汤涛
到会祝贺并
致辞
。
中国博士后科学基金会第六届理事会理事代表，第七届理事会理事、监事，民政部、全国博士后管理委员会成员单位有关负责人，以及人力资源社会保障部部属有关单位、部属社会组织和主管行业协会负责人参加会议。
博士后
中国
科学
月23日，中国博士后科学基金会理事会换届会议在北京召开。人力资源社会保障部党组书记、部长王晓萍出席会议并讲话。人力资源社会保障部党组成员、副部长俞家栋主持会议。
会议指出，中国博士后科学基金会坚持以习近平新时代中国特色社会主义思想为指导，深入贯彻党中央决策部署，扎实履行“资助博士后，服务博士后”工作职责，为推动我国人才培养、科技创新和经济社会发展作出了重要贡献。
会议强调，要深入学习贯彻习近平总书记关于做好新时代人才工作的重要思想，准确把握“十五五”时期人才工作面临的新形势新任务新要求，扎实做好博士后各项工作，推动构建具有国际竞争力的博士后制度体系。
分享该文章
上一篇
职引未来——2026年全国城市联合招聘高校毕...
下一篇
统筹城乡均等化就业公共服务体系，好消息一...
推荐阅读
热门资讯
今日要闻
最新政策
本周排行
习近平近日作出重要指示强调 把“义乌发展经验”进一...
中国博士后科学基金会理事会换届会议在京召开
国务院任免国家工作人员（2026年4月24日）
宁夏银川：用心用情为职工办实事
青海共和:“人社+工会”劳动人事争议裁调对接工作室揭...
宁夏吴忠：利通区金积工业园区持续优化营商环境
《安徽省电子创业券管理办法》政策解读
今年民生领域哪些政策将加力 总台专访人社部部长
海南省人力资源和社会保障厅等四部门 关于印发《海南省职...
人力资源社会保障部关于开展 2025年全国公共就业服务专项活...
福建省人力资源和社会保障厅 福建省财政厅关于公布2024年省...
河南省人力资源和社会保障厅 河南省教育厅 河南省财政厅关...
四川：绵阳“创业资源清单”发布，助你“创梦科...
江苏淮安：绿茵揽才·职通苏超 淮阴区人才夜市走进商圈 服务...
山东：今年“三支一扶”计划招募741人
云南永善：立足禀赋 破解瓶颈 奋力谱写高质量发展新篇章
广东广州： 石碁镇举办专场招聘会 助力重点企业与 求职者“...
云南弥勒：技能免费学 持证进企业
标签
高校毕业生就业
脱贫攻坚
职业培训
欠薪
春风行动
招聘会
技能扶贫
技能培训
就业扶贫
劳动争议
公共就业服务
仲裁
人力资源和社会保障部
中国公共招聘网
世界技能大赛中国组委会
中国国家人才网
中国人力资源市场网
技能人才评价工作网
地方链接
北京
天津
河北
山西
内蒙古
辽宁
吉林
黑龙江
上海
江苏
浙江
安徽
福建
江西
山东
河南
湖北
湖南
广东
广西
海南
重庆
四川
贵州
云南
西藏
陕西
甘肃
青海
宁夏
新疆
兵团
网站声明
联系我们
主办单位：中国就业培训技术指导中心.
京ICP备09079694号-10 京公网安备110401200230
网站标识码bm15000006",中国就业培训技术指导中心.,北京市,中国就业网-相关政策,技能培训,https://chinajob.mohrss.gov.cn/c/2026-04-24/532099.shtml,,2441,,2026-04-25 16:16:52,ok
国务院任免国家工作人员（2026年4月24日）,2026-04-02,"010--84661166（编辑部）
jywzbgs@mohrss.gov.cn
注册
登录
个人中心
我的问答
我的收藏
退出登录
资讯频道
时政要闻
重要新闻
中心工作
专题资讯
国际动态
往期轮播
业务频道
专版专栏
就业服务
创业服务
培训鉴定
劳动关系
社会保障
工作平台
职业数字展馆
就创平台
新职业平台
劳务品牌数字服务平台
线上平台征集
管理调度系统
政策法规
数据频道
季度发布会
短缺职业排行
工资数据
便民服务
一图知晓
互动交流
办事服务
快捷查询
关于我们
资讯频道
时政要闻
重要新闻
中心工作
专题资讯
国际动态
往期轮播
业务频道
专版专栏
就业服务
创业服务
培训鉴定
劳动关系
社会保障
工作平台
职业数字展馆
就创平台
新职业平台
劳务品牌数字服务平台
线上平台征集
管理调度系统
政策法规
数据频道
季度发布会
短缺职业排行
工资数据
便民服务
一图知晓
互动交流
办事服务
快捷查询
关于我们
网上调查
公众号
“中国就业创业” 微信公众号
“中国就业创业” 快手号
留言板
留言邮箱：
jywzbgs@mohrss.gov.cn
留言板
高级搜索
重要新闻
重要新闻
资讯频道
首页
时政要闻
重要新闻
中心工作
专题资讯
国际动态
往期轮播
国务院任免国家工作人员（2026年4月24日）
人力资源和社会保障部
2026.04.24
小
中
大
国务院任免国家工作人员。
免去王文灵的全国社会保障基金理事会副理事长职务。
国务院
任免
国家工作人员
务院任免国家工作人员。
免去王文灵的全国社会保障基金理事会副理事长职务。
分享该文章
上一篇
统筹城乡均等化就业公共服务体系，好消息一...
下一篇
以择业新观念打开就业新天地
推荐阅读
热门资讯
今日要闻
最新政策
本周排行
习近平近日作出重要指示强调 把“义乌发展经验”进一...
中国博士后科学基金会理事会换届会议在京召开
国务院任免国家工作人员（2026年4月24日）
宁夏银川：用心用情为职工办实事
青海共和:“人社+工会”劳动人事争议裁调对接工作室揭...
宁夏吴忠：利通区金积工业园区持续优化营商环境
《安徽省电子创业券管理办法》政策解读
今年民生领域哪些政策将加力 总台专访人社部部长
海南省人力资源和社会保障厅等四部门 关于印发《海南省职...
人力资源社会保障部关于开展 2025年全国公共就业服务专项活...
福建省人力资源和社会保障厅 福建省财政厅关于公布2024年省...
河南省人力资源和社会保障厅 河南省教育厅 河南省财政厅关...
四川：绵阳“创业资源清单”发布，助你“创梦科...
江苏淮安：绿茵揽才·职通苏超 淮阴区人才夜市走进商圈 服务...
山东：今年“三支一扶”计划招募741人
云南永善：立足禀赋 破解瓶颈 奋力谱写高质量发展新篇章
广东广州： 石碁镇举办专场招聘会 助力重点企业与 求职者“...
云南弥勒：技能免费学 持证进企业
标签
高校毕业生就业
脱贫攻坚
职业培训
欠薪
春风行动
招聘会
技能扶贫
技能培训
就业扶贫
劳动争议
公共就业服务
仲裁
人力资源和社会保障部
中国公共招聘网
世界技能大赛中国组委会
中国国家人才网
中国人力资源市场网
技能人才评价工作网
地方链接
北京
天津
河北
山西
内蒙古
辽宁
吉林
黑龙江
上海
江苏
浙江
安徽
福建
江西
山东
河南
湖北
湖南
广东
广西
海南
重庆
四川
贵州
云南
西藏
陕西
甘肃
青海
宁夏
新疆
兵团
网站声明
联系我们
主办单位：中国就业培训技术指导中心.
京ICP备09079694号-10 京公网安备110401200230
网站标识码bm15000006",中国就业培训技术指导中心.,全国,中国就业网-相关政策,技能培训,https://chinajob.mohrss.gov.cn/c/2026-04-24/532097.shtml,,1543,,2026-04-25 16:16:54,ok
宁夏银川：用心用情为职工办实事,2026-04-02,"010--84661166（编辑部）
jywzbgs@mohrss.gov.cn
注册
登录
个人中心
我的问答
我的收藏
退出登录
资讯频道
时政要闻
重要新闻
中心工作
专题资讯
国际动态
往期轮播
业务频道
专版专栏
就业服务
创业服务
培训鉴定
劳动关系
社会保障
工作平台
职业数字展馆
就创平台
新职业平台
劳务品牌数字服务平台
线上平台征集
管理调度系统
政策法规
数据频道
季度发布会
短缺职业排行
工资数据
便民服务
一图知晓
互动交流
办事服务
快捷查询
关于我们
资讯频道
时政要闻
重要新闻
中心工作
专题资讯
国际动态
往期轮播
业务频道
专版专栏
就业服务
创业服务
培训鉴定
劳动关系
社会保障
工作平台
职业数字展馆
就创平台
新职业平台
劳务品牌数字服务平台
线上平台征集
管理调度系统
政策法规
数据频道
季度发布会
短缺职业排行
工资数据
便民服务
一图知晓
互动交流
办事服务
快捷查询
关于我们
网上调查
公众号
“中国就业创业” 微信公众号
“中国就业创业” 快手号
留言板
留言邮箱：
jywzbgs@mohrss.gov.cn
留言板
高级搜索
地方
地方
工作动态
劳动关系
业务频道
首页
中央
地方
宁夏银川：用心用情为职工办实事
​人民网
2026.04.24
小
中
大
4月22日，记者从银川市深化产业工人队伍建设改革联席会议上了解到，2025年该市接待职工信访2760件2850人次，受理劳动维权咨询450余次，解决欠薪4187万元，办结率均达100%。
银川市深化“工会+法院+人社+司法”四方联动劳动争议化解机制，解决职工劳动维权问题的同时，深入落实“一函两书”制度，发出工会劳动法律监督提示函68份、意见书5份。
与此同时，全市240多名优秀产业工人担任“两代表一委员”、企业工会主席等职务，国有企业和事业单位厂务公开民主管理建制率达100%，25人以上建会非公企业达91.6%，同比提高1.6%；产业工人技能成长体系日趋完善，10个高级工培训班培育高级工215名，补贴性培训1.59万人次，“百千万”培训计划和人才培养“雁阵计划”培训中高级技能人才610名、初级技术能手3100名、一线产业工人3.1万名；产业工人职业发展体系日益健全，“新八级工”职业技能等级序列打通9个领域57种职业资格与专业技术职称互评互认通道，首次对75人开展葡萄酒工程专业职称评审，对199名高素质农民开展职称评审，新增技能人才2.86万人，其中高技能人才1.2万人。
此外，积极搭建产业工人建功立业平台，200场次劳动和技能竞赛吸引超10万名一线工人参赛，对10家开展劳动和技能竞赛规模大、效果好的企业工会激励补助20万元，对14名在自治区级竞赛中获奖选手激励补助2.91万元，39名参加职业技能竞赛获奖职工职级晋升成功。产业工人队伍不断壮大，2人获评“塞上工匠”，20人被选树为“凤城工匠”，5人被选为“凤城工匠”培育对象。产业工人“求学圆梦”行动对293名提升学历的产业工人（农民工）每人补助1000元，为1.7万名新就业形态劳动者等群体免费体检，为1000名危险化工企业职工进行职业病健康体检，为2.2万名新就业形态劳动者及环卫工人购买人身意外伤害保险，为1554名一线职工赠送爱心礼包，吸引1.6万名新就业形态劳动者加入工会。（记者 陈郁）
职工
产业工人
宁夏
银川
用心
月22日，记者从银川市深化产业工人队伍建设改革联席会议上了解到，2025年该市接待职工信访2760件2850人次，受理劳动维权咨询450余次，解决欠薪4187万元，办结率均达100%。
银川市深化“工会+法院+人社+司法”四方联动劳动争议化解机制，解决职工劳动维权问题的同时，深入落实“一函两书”制度，发出工会劳动法律监督提示函68份、意见书5份。
与此同时，全市240多名优秀产业工人担任“两代表一委员”、企业工会主席等职务，国有企业和事业单位厂务公开民主管理建制率达100%，25人以上建会非公企业达91.
分享该文章
上一篇
宁夏吴忠：利通区金积工业园区持续优化营商...
下一篇
青海共和:“人社+工会”劳动人事争议裁调对...
推荐阅读
热门资讯
今日要闻
最新政策
本周排行
习近平近日作出重要指示强调 把“义乌发展经验”进一...
中国博士后科学基金会理事会换届会议在京召开
国务院任免国家工作人员（2026年4月24日）
宁夏银川：用心用情为职工办实事
青海共和:“人社+工会”劳动人事争议裁调对接工作室揭...
宁夏吴忠：利通区金积工业园区持续优化营商环境
《安徽省电子创业券管理办法》政策解读
今年民生领域哪些政策将加力 总台专访人社部部长
海南省人力资源和社会保障厅等四部门 关于印发《海南省职...
人力资源社会保障部关于开展 2025年全国公共就业服务专项活...
福建省人力资源和社会保障厅 福建省财政厅关于公布2024年省...
河南省人力资源和社会保障厅 河南省教育厅 河南省财政厅关...
四川：绵阳“创业资源清单”发布，助你“创梦科...
江苏淮安：绿茵揽才·职通苏超 淮阴区人才夜市走进商圈 服务...
山东：今年“三支一扶”计划招募741人
云南永善：立足禀赋 破解瓶颈 奋力谱写高质量发展新篇章
广东广州： 石碁镇举办专场招聘会 助力重点企业与 求职者“...
云南弥勒：技能免费学 持证进企业
标签
高校毕业生就业
脱贫攻坚
职业培训
欠薪
春风行动
招聘会
技能扶贫
技能培训
就业扶贫
劳动争议
公共就业服务
仲裁
人力资源和社会保障部
中国公共招聘网
世界技能大赛中国组委会
中国国家人才网
中国人力资源市场网
技能人才评价工作网
地方链接
北京
天津
河北
山西
内蒙古
辽宁
吉林
黑龙江
上海
江苏
浙江
安徽
福建
江西
山东
河南
湖北
湖南
广东
广西
海南
重庆
四川
贵州
云南
西藏
陕西
甘肃
青海
宁夏
新疆
兵团
网站声明
联系我们
主办单位：中国就业培训技术指导中心.
京ICP备09079694号-10 京公网安备110401200230
网站标识码bm15000006",中国就业培训技术指导中心.,全国,中国就业网-相关政策,技能培训,https://chinajob.mohrss.gov.cn/c/2026-04-24/532071.shtml,,2540,,2026-04-25 16:16:56,ok
青海共和:“人社+工会”劳动人事争议裁调对接工作室揭牌,2026-04-02,"010--84661166（编辑部）
jywzbgs@mohrss.gov.cn
注册
登录
个人中心
我的问答
我的收藏
退出登录
资讯频道
时政要闻
重要新闻
中心工作
专题资讯
国际动态
往期轮播
业务频道
专版专栏
就业服务
创业服务
培训鉴定
劳动关系
社会保障
工作平台
职业数字展馆
就创平台
新职业平台
劳务品牌数字服务平台
线上平台征集
管理调度系统
政策法规
数据频道
季度发布会
短缺职业排行
工资数据
便民服务
一图知晓
互动交流
办事服务
快捷查询
关于我们
资讯频道
时政要闻
重要新闻
中心工作
专题资讯
国际动态
往期轮播
业务频道
专版专栏
就业服务
创业服务
培训鉴定
劳动关系
社会保障
工作平台
职业数字展馆
就创平台
新职业平台
劳务品牌数字服务平台
线上平台征集
管理调度系统
政策法规
数据频道
季度发布会
短缺职业排行
工资数据
便民服务
一图知晓
互动交流
办事服务
快捷查询
关于我们
网上调查
公众号
“中国就业创业” 微信公众号
“中国就业创业” 快手号
留言板
留言邮箱：
jywzbgs@mohrss.gov.cn
留言板
高级搜索
地方
地方
工作动态
劳动关系
业务频道
首页
中央
地方
青海共和:“人社+工会”劳动人事争议裁调对接工作室揭牌
中国工会新闻网
2026.04.24
小
中
大
为健全劳动人事争议多元化解机制，4月16日，青海省海南藏族自治州共和县“人社+工会”劳动人事争议裁调对接工作室启动运行，标志着共和县劳动人事争议化解进入协同联动、高效便捷、闭环管理新阶段。
该工作室由共和县人社局、县总工会双重管理、联合运行，实行统一受理、统一分流、统一调解、统一台账、统一报送。同步在县综治中心（县仲裁院）设立工会法律服务工作站，实现阵地共用、资源共享、优势互补，确保机构、人员、经费、保障全面到位，推动劳动人事争议化解在基层、萌芽、诉前，努力将工作室打造成劳动关系“稳定器”、矛盾纠纷“减压阀”、职工维权“暖心站”。
为建强专业队伍，共和县总工会联合县人社局择优选聘专职调解员，组建专业化调解队伍。专业调解员从工会法律顾问、兼职仲裁员、人民调解员、劳动关系协调员及退休政法干部、人社干部等人员中择优选聘，建立统一调解员名录并备案管理。通过常态化开展业务培训、案例研讨、庭审观摩，为高效化解争议提供人才支撑。
该工作室全面落实仲裁立案前、立案后委托调解机制，对适宜调解、双方自愿的争议依法委托调解，确认劳动关系等不适用调解案件直接进入仲裁程序。同时，严格执行调解期限，达成协议引导申请仲裁审查确认，未达成协议及时转回仲裁，实现“调解—仲裁”无缝衔接、闭环管理，切实让职工维权少跑腿、好办事。
据悉，共和县总工会严格落实以案定补、一案一补政策，专项经费专款专用、及时足额发放，对达成协议、规范办结案件按标准落实补助，对调解不成的给予必要工作补助，充分调动调解员积极性、主动性。同时，建立统一规范案件台账，一案一档、全程留痕、动态更新，确保工作可追溯、可核查、可监督。（工人日报客户端记者 邢生祥）
争议
劳动人事
工作室
调解
健全劳动人事争议多元化解机制，4月16日，青海省海南藏族自治州共和县“人社+工会”劳动人事争议裁调对接工作室启动运行，标志着共和县劳动人事争议化解进入协同联动、高效便捷、闭环管理新阶段。
该工作室由共和县人社局、县总工会双重管理、联合运行，实行统一受理、统一分流、统一调解、统一台账、统一报送。同步在县综治中心（县仲裁院）设立工会法律服务工作站，实现阵地共用、资源共享、优势互补，确保机构、人员、经费、保障全面到位，推动劳动人事争议化解在基层、萌芽、诉前，努力将工作室打造成劳动关系“稳定器”、矛盾纠纷“减压阀”、职工维权“暖心站”。
分享该文章
上一篇
宁夏银川：用心用情为职工办实事
下一篇
甘肃张掖：送法进工地 护航“薪”安全，甘...
推荐阅读
热门资讯
今日要闻
最新政策
本周排行
习近平近日作出重要指示强调 把“义乌发展经验”进一...
中国博士后科学基金会理事会换届会议在京召开
国务院任免国家工作人员（2026年4月24日）
宁夏银川：用心用情为职工办实事
青海共和:“人社+工会”劳动人事争议裁调对接工作室揭...
宁夏吴忠：利通区金积工业园区持续优化营商环境
《安徽省电子创业券管理办法》政策解读
今年民生领域哪些政策将加力 总台专访人社部部长
海南省人力资源和社会保障厅等四部门 关于印发《海南省职...
人力资源社会保障部关于开展 2025年全国公共就业服务专项活...
福建省人力资源和社会保障厅 福建省财政厅关于公布2024年省...
河南省人力资源和社会保障厅 河南省教育厅 河南省财政厅关...
四川：绵阳“创业资源清单”发布，助你“创梦科...
江苏淮安：绿茵揽才·职通苏超 淮阴区人才夜市走进商圈 服务...
山东：今年“三支一扶”计划招募741人
云南永善：立足禀赋 破解瓶颈 奋力谱写高质量发展新篇章
广东广州： 石碁镇举办专场招聘会 助力重点企业与 求职者“...
云南弥勒：技能免费学 持证进企业
标签
高校毕业生就业
脱贫攻坚
职业培训
欠薪
春风行动
招聘会
技能扶贫
技能培训
就业扶贫
劳动争议
公共就业服务
仲裁
人力资源和社会保障部
中国公共招聘网
世界技能大赛中国组委会
中国国家人才网
中国人力资源市场网
技能人才评价工作网
地方链接
北京
天津
河北
山西
内蒙古
辽宁
吉林
黑龙江
上海
江苏
浙江
安徽
福建
江西
山东
河南
湖北
湖南
广东
广西
海南
重庆
四川
贵州
云南
西藏
陕西
甘肃
青海
宁夏
新疆
兵团
网站声明
联系我们
主办单位：中国就业培训技术指导中心.
京ICP备09079694号-10 京公网安备110401200230
网站标识码bm15000006",中国就业培训技术指导中心.,全国,中国就业网-相关政策,技能培训,https://chinajob.mohrss.gov.cn/c/2026-04-24/532070.shtml,,2429,,2026-04-25 16:16:59,ok
主动公开,2026-03-01,"政府信息公开
收起高级检索
政  策
规章
行政规范性文件
政府信息公开指南
政府信息公开制度
法定主动公开内容
机构信息
政策解读回应
办事指南
规划计划
行政许可
财务信息
综合管理
人事工作信息
其他
政府信息公开年报
政府网站年度报告
法治政府建设年度报告
序号
标题
下载
1
电力重大事故隐患判定标准及治理监督管理规定
(2026年3月16日经国家发展改革委第29次委务会通过 2026年3月18日国家发展改革委令第41号公布 自2026年7月1日起施行)
下载文字版
下载图片版
下载PDF版
下载OFD版
2
粮食流通行政执法办法
(2026年2月5日经国家发展改革委第27次委务会通过 2026年2月9日国家发展改革委令第40号公布 自2026年4月1日起施行)
下载文字版
下载图片版
下载PDF版
下载OFD版
3
中央预算内投资补助和贴息项目管理办法
(2025年12月26日经国家发展改革委第26次委务会通过 2025年12月29日国家发展改革委令第38号公布 自2026年3月1日起施行)
下载文字版
下载图片版
下载PDF版
下载OFD版
4
国家发展改革委企业技术中心认定管理办法
(2025年12月26日经国家发展改革委第26次委务会通过 2025年12月29日国家发展改革委令第39号公布 自2026年2月1日起施行)
下载文字版
下载图片版
下载PDF版
下载OFD版
5
鼓励外商投资产业目录（2025年版）
(2025年12月15日国家发展改革委令第37号公布 自2026年2月1日起施行)
下载文字版
下载图片版
下载PDF版
下载OFD版
6
信用修复管理办法
(2025年11月19日经国家发展改革委第25次委务会通过 2025年11月20日国家发展改革委令第36号公布 自2026年4月1日起施行)
下载文字版
下载图片版
下载PDF版
下载OFD版
7
石油天然气基础设施规划建设与运营管理办法
(2025年10月28日经国家发展改革委第24次委务会通过 2025年10月30日国家发展改革委令第35号公布 自2026年1月1日起施行)
下载文字版
下载图片版
下载PDF版
下载OFD版
8
工程建设项目招标代理机构管理暂行办法
(2025年9月26日第23次国家发展改革委委务会议审议通过和工业和信息化部、住房城乡建设部、交通运输部、水利部、农业农村部审签 2025年10月27日国家发展改革委令第34号公布 自2026年1月1日起施行)
下载文字版
下载图片版
下载PDF版
下载OFD版
9
油气管网设施公平开放监管办法
(2025年9月26日经国家发展改革委第23次委务会通过 2025年9月29日国家发展改革委令第33号公布 自2025年11月1日起施行)
下载文字版
下载图片版
下载PDF版
下载OFD版
10
政府粮食储备安全风险事项报告管理办法（试行）
(2025年9月26日经国家发展改革委第23次委务会通过 2025年9月28日国家发展改革委令第32号公布 自2025年12月1日起施行)
下载文字版
下载图片版
下载PDF版
下载OFD版
11
固定资产投资项目节能审查和碳排放评价办法
(2025年7月9日经国家发展改革委第21次委务会通过 2025年7月17日国家发展改革委令第31号公布 自2025年9月1日起施行)
下载文字版
下载图片版
下载PDF版
下载OFD版
12
承装（修、试）电力设施许可证管理办法
(2025年4月10日经国家发展改革委第20次委务会通过 2025年4月11日国家发展改革委令第30号公布 自2025年7月1日起施行)
下载文字版
下载图片版
下载PDF版
下载OFD版
13
煤炭矿区总体规划管理规定
(2024年12月2日经国家发展改革委第19次委务会通过 2024年12月5日国家发展改革委令第29号公布 自2025年2月1日起施行)
下载文字版
下载图片版
下载PDF版
下载OFD版
14
西部地区鼓励类产业目录（2025年本）
(2024年10月12日经国家发展改革委第17次委务会通过 2024年11月27日国家发展改革委令第28号公布 自2025年1月1日起施行)
下载文字版
下载图片版
下载PDF版
下载OFD版
15
电力监控系统安全防护规定
(2024年11月25日经国家发展改革委第18次委务会通过 2024年11月25日国家发展改革委令第27号公布 自2025年1月1日起施行)
下载文字版
下载图片版
下载PDF版
下载OFD版",主动公开_政府信息公开_政务公开-国家发展改革委,全国,国家发展改革委-政府信息公开,产业人才,https://zfxxgk.ndrc.gov.cn/web/zclist.jsp?dirid=40&pid=39,,1887,https://zfxxgk.ndrc.gov.cn/upload/images/202410/2024102916474754.doc;https://zfxxgk.ndrc.gov.cn/upload/images/202410/2024102916485240.pdf;https://zfxxgk.ndrc.gov.cn/upload/images/202411/202411111715825.doc;https://zfxxgk.ndrc.gov.cn/upload/images/202411/20241111172728.pdf;https://zfxxgk.ndrc.gov.cn/upload/images/202411/2024112311111796.doc;https://zfxxgk.ndrc.gov.cn/upload/images/202411/2024112311112684.pdf;https://zfxxgk.ndrc.gov.cn/upload/images/202510/2025101320375312.doc;https://zfxxgk.ndrc.gov.cn/upload/images/202510/2025101320375838.pdf;https://zfxxgk.ndrc.gov.cn/upload/images/202510/202510261327031.doc;https://zfxxgk.ndrc.gov.cn/upload/images/202510/202510261327933.pdf;https://zfxxgk.ndrc.gov.cn/upload/images/202511/2025112413101161.pdf;https://zfxxgk.ndrc.gov.cn/upload/images/202511/2025112413443737.doc;https://zfxxgk.ndrc.gov.cn/upload/images/20254/2025491755329.doc;https://zfxxgk.ndrc.gov.cn/upload/images/20254/20254917553987.pdf;https://zfxxgk.ndrc.gov.cn/upload/images/20256/202562513102225.doc;https://zfxxgk.ndrc.gov.cn/upload/images/20256/202562513103010.pdf;https://zfxxgk.ndrc.gov.cn/upload/images/20258/202583017505658.doc;https://zfxxgk.ndrc.gov.cn/upload/images/20258/20258301751523.pdf;https://zfxxgk.ndrc.gov.cn/upload/images/20259/20259141417329.doc;https://zfxxgk.ndrc.gov.cn/upload/images/20259/202591414174445.pdf;https://zfxxgk.ndrc.gov.cn/upload/images/20259/2025930183527.doc;https://zfxxgk.ndrc.gov.cn/upload/images/20259/2025930184853.pdf;https://zfxxgk.ndrc.gov.cn/upload/images/20260/202602310574617.pdf;https://zfxxgk.ndrc.gov.cn/upload/images/20260/2026091754117.doc;https://zfxxgk.ndrc.gov.cn/upload/images/20260/20260917541754.pdf;https://zfxxgk.ndrc.gov.cn/upload/images/20261/202611115494019.doc;https://zfxxgk.ndrc.gov.cn/upload/images/20261/202611115495015.pdf;https://zfxxgk.ndrc.gov.cn/upload/images/20261/202612415292114.doc;https://zfxxgk.ndrc.gov.cn/upload/images/20263/20263910374266.pdf;https://zfxxgk.ndrc.gov.cn/upload/images/20263/20263910403959.doc,2026-04-25 16:17:20,ok
主动公开,2026-03-04,"政府信息公开
收起高级检索
政  策
规章
行政规范性文件
政府信息公开指南
政府信息公开制度
法定主动公开内容
机构信息
政策解读回应
办事指南
规划计划
行政许可
财务信息
综合管理
人事工作信息
其他
政府信息公开年报
政府网站年度报告
法治政府建设年度报告
序号
标题
下载
1
关于2026年棉花关税配额外优惠关税税率加工贸易进口配额申领有关事项的公告
(发改经贸规〔2026〕2号 2026年3月4日印发)
下载文字版
下载图片版
下载PDF版
下载OFD版
2
遴选确定的国家发展改革委委托投资咨询评估机构
(发改投资规〔2026〕1号 2026年1月7日印发)
下载文字版
下载图片版
下载PDF版
下载OFD版
3
国家发展改革委关于印发《政府投资基金投向评价管理办法（试行）》的通知
(发改财金规〔2025〕1753号 2025年12月31日印发)
下载文字版
下载图片版
下载PDF版
下载OFD版
4
国家发展改革委等部门关于印发《关于加强政府投资基金布局规划和投向指导的工作办法（试行）》的通知
(发改财金规〔2025〕1752号 2025年12月31日印发)
下载文字版
下载图片版
下载PDF版
下载OFD版
5
国家发展改革委关于印发《中央预算内投资计划管理办法》的通知
(发改投资规〔2025〕1728号 2025年12月29日印发)
下载文字版
下载图片版
下载PDF版
下载OFD版
6
国家发展改革委关于印发《国家产业技术工程化中心管理办法》的通知
(发改高技规〔2025〕1747号 2025年12月29日印发)
下载文字版
下载图片版
下载PDF版
下载OFD版
7
国家发展改革委关于印发《国家新兴产业创新中心管理办法》的通知
(发改高技规〔2025〕1748号 2025年12月29日印发)
下载文字版
下载图片版
下载PDF版
下载OFD版
8
国家发展改革委 水利部 市场监管总局关于印发《中华人民共和国实行水效标识的产品目录（2025年版）》及相关实施规则的通知
(发改环资规〔2025〕1662号 2025年12月19日印发)
下载文字版
下载图片版
下载PDF版
下载OFD版
9
国家发展改革委 国家能源局关于印发《电力中长期市场基本规则》的通知
(发改能源规〔2025〕1656号 2025年12月17日印发)
下载文字版
下载图片版
下载PDF版
下载OFD版
10
国家发展改革委 市场监管总局 国家网信办关于印发《互联网平台价格行为规则》的通知
(发改价格规〔2025〕1607号 2025年12月9日印发)
下载文字版
下载图片版
下载PDF版
下载OFD版
11
国家发展改革委关于印发铁路专项中央预算内投资管理办法的通知
(发改基础规〔2025〕1516号 2025年11月27日印发)
下载文字版
下载图片版
下载PDF版
下载OFD版
12
国家发展改革委关于印发输配电定价成本监审办法、省级电网输配电价定价办法、区域电网输电价格定价办法和跨省跨区专项工程输电价格定价办法的通知
(发改价格规〔2025〕1490号 2025年11月21日印发)
下载文字版
下载图片版
下载PDF版
下载OFD版
13
国家发展改革委关于印发乡村振兴（和美乡村建设方向）中央预算内投资专项管理办法的通知
(发改农经规〔2025〕1415号 2025年11月6日印发)
下载文字版
下载图片版
下载PDF版
下载OFD版
14
国家发展改革委关于修订印发委托投资咨询评估管理办法的通知
(发改投资规〔2025〕1362号 2025年10月30日印发)
下载文字版
下载图片版
下载PDF版
下载OFD版
15
国家发展改革委关于印发《节能降碳中央预算内投资专项管理办法》的通知
(发改环资规〔2025〕1228号 2025年9月19日印发)
下载文字版
下载图片版
下载PDF版
下载OFD版",主动公开_政府信息公开_政务公开-国家发展改革委,全国,国家发展改革委-政府信息公开,产业人才,https://zfxxgk.ndrc.gov.cn/web/zclist.jsp?dirid=41&pid=39,发改经贸规〔2026〕2号,1626,https://zfxxgk.ndrc.gov.cn/upload/images/202510/202510101119227.doc;https://zfxxgk.ndrc.gov.cn/upload/images/202510/2025101011193635.pdf;https://zfxxgk.ndrc.gov.cn/upload/images/202510/2025102410304636.doc;https://zfxxgk.ndrc.gov.cn/upload/images/202510/202510241031158.pdf;https://zfxxgk.ndrc.gov.cn/upload/images/202510/2025102711252534.doc;https://zfxxgk.ndrc.gov.cn/upload/images/202510/202510271125337.pdf;https://zfxxgk.ndrc.gov.cn/upload/images/202511/202511161172362.pdf;https://zfxxgk.ndrc.gov.cn/upload/images/202511/20251116117244.doc;https://zfxxgk.ndrc.gov.cn/upload/images/202511/202511171733555.doc;https://zfxxgk.ndrc.gov.cn/upload/images/202511/202511171734523.pdf;https://zfxxgk.ndrc.gov.cn/upload/images/202511/202511261875055.doc;https://zfxxgk.ndrc.gov.cn/upload/images/202511/202511261875764.pdf;https://zfxxgk.ndrc.gov.cn/upload/images/20259/202591410492079.pdf;https://zfxxgk.ndrc.gov.cn/upload/images/20259/20259141049924.doc;https://zfxxgk.ndrc.gov.cn/upload/images/20260/202601211111487.pdf;https://zfxxgk.ndrc.gov.cn/upload/images/20260/20260121111631.doc;https://zfxxgk.ndrc.gov.cn/upload/images/20260/202601213203925.doc;https://zfxxgk.ndrc.gov.cn/upload/images/20260/202601213204894.pdf;https://zfxxgk.ndrc.gov.cn/upload/images/20260/202602317325524.doc;https://zfxxgk.ndrc.gov.cn/upload/images/20260/2026023173336.pdf;https://zfxxgk.ndrc.gov.cn/upload/images/20260/20260231811092.doc;https://zfxxgk.ndrc.gov.cn/upload/images/20260/20260231812223.pdf;https://zfxxgk.ndrc.gov.cn/upload/images/20260/20260231825149.doc;https://zfxxgk.ndrc.gov.cn/upload/images/20260/2026023183283.pdf;https://zfxxgk.ndrc.gov.cn/upload/images/20260/20260917271062.pdf;https://zfxxgk.ndrc.gov.cn/upload/images/20260/2026091727129.doc;https://zfxxgk.ndrc.gov.cn/upload/images/20262/202621615321516.doc;https://zfxxgk.ndrc.gov.cn/upload/images/20262/20262161532238.pdf;https://zfxxgk.ndrc.gov.cn/upload/images/20262/202622513502186.docx;https://zfxxgk.ndrc.gov.cn/upload/images/20262/202622513503154.pdf,2026-04-25 16:17:22,ok
政府信息公开指南,,"政府信息公开
收起高级检索
政  策
规章
行政规范性文件
政府信息公开指南
政府信息公开制度
法定主动公开内容
机构信息
政策解读回应
办事指南
规划计划
行政许可
财务信息
综合管理
人事工作信息
其他
政府信息公开年报
政府网站年度报告
法治政府建设年度报告
政府信息公开指南
为便利社会公众向本机关获取政府信息，规范政府信息公开申请提交和接收行为，增进政府信息公开工作方面的沟通理解，根据《中华人民共和国政府信息公开条例》有关规定，本机关编制政府信息公开指南并实时更新。
一、本机关持有政府信息基本情况
国家发展和改革委员会是国务院组成部门，职能配置、内设机构可点击
http://www.ndrc.gov.cn/fzggw/bnpz/
查询。在履行职责过程中，本机关产生并主动公开的政府信息，可登录国家发展和改革委员会门户网站“政府信息公开”→“政府信息公开目录”栏目查询，具体网址为
http://zfxxgk.ndrc.gov.cn/web/dirlist.jsp
。同时，社会公众可以通过关注微信、微博、今日头条、百度、抖音、快手等新媒体平台的“国家发展改革委”账号，及时了解本机关最新政策和工作动态。
二、政府信息公开申请渠道
申请人可通过以下方式向本机关提交政府信息公开申请：
1.当面提交。申请人可以到我委政务服务大厅政府信息公开窗口领取填写并提交《国家发展改革委政府信息公开申请表》（以下简称《申请表》，格式见附件）。地址：北京市西城区月坛南街38号。工作时间：周一至周五 8:30－11:30、13:30－16:30，法定节假日除外。
2.邮政寄送。申请人可以从我委门户网站政府信息公开子站自行下载并填写《申请表》，通过信函方式寄送到我委，请在信封左下角注明“政府信息公开申请”字样。收件人：国家发展改革委政府信息公开工作领导小组办公室。地址：北京市西城区月坛南街38号。邮编：100824。
3.网络平台提交。申请人可以登录国家发展改革委政府信息公开申请系统（可点击网址
http://zfxxgk.ndrc.gov.cn/web/apply.jsp
进入)，根据系统提示要求填写政府信息公开申请表（电子版）并提交。
三、政府信息公开工作机构情况
本机关政府信息公开工作机构为国家发展改革委政府信息公开工作领导小组办公室（办公厅秘书二处）。办公地址：北京市西城区月坛南街38号；咨询电话：68503333；电子邮箱：
xxgk@ndrc.gov.cn
（本邮箱不受理公开申请）。
四、其他事项
申请人提交政府信息公开申请时，需提供有效身份证明材料，并对申请材料的真实性负责。为提高申请的处理效率，申请人应对所需信息描述详尽、明确；若可能，请提供政府信息的名称、文号或者其他便于行政机关查询的其他特征性描述。
附件：
国家发展改革委政府信息公开申请表",公开指南_政府信息公开_政务公开-国家发展改革委,北京市,国家发展改革委-政府信息公开,产业人才,https://zfxxgk.ndrc.gov.cn/web/default.jsp,,1188,https://zfxxgk.ndrc.gov.cn/attached/file/20191023/20191023011929_894.doc,2026-04-25 16:17:25,ok
政府信息公开制度,2019-04-03,"政府信息公开
收起高级检索
政  策
规章
行政规范性文件
政府信息公开指南
政府信息公开制度
法定主动公开内容
机构信息
政策解读回应
办事指南
规划计划
行政许可
财务信息
综合管理
人事工作信息
其他
政府信息公开年报
政府网站年度报告
法治政府建设年度报告
政府信息公开制度
中华人民共和国政府信息公开条例
2019年4月3日中华人民共和国国务院令第711号公布修订后的《中华人民共和国政府信息公开条例》，自2019年5月15日起施行。
查看详情 >",公开制度_政府信息公开_政务公开-国家发展改革委,全国,国家发展改革委-政府信息公开,产业人才,https://zfxxgk.ndrc.gov.cn/web/newslist.jsp,,229,,2026-04-25 16:17:27,ok
公开事项类别: 全部,2026-04-01,"政府信息公开
收起高级检索
政  策
规章
行政规范性文件
政府信息公开指南
政府信息公开制度
法定主动公开内容
机构信息
政策解读回应
办事指南
规划计划
行政许可
财务信息
综合管理
人事工作信息
其他
政府信息公开年报
政府网站年度报告
法治政府建设年度报告
公开事项类别: 全部
序号
公开事项名称
制发日期
1
关于修订省间电力现货交易规则的复函(发改办体改〔2026〕275号)
2026-04-14
2
关于做好2026年享受税收优惠政策的集成电路企业或项目、软件企业清单制定工作的通知(发改高技〔2026〕487号)
2026-04-07
3
关于公布2026年稻谷最低收购价格的通知(发改价格〔2026〕451号)
2026-03-31
4
关于印发《全国公共信用信息基础目录(2026年版)》和《全国失信惩戒措施基础清单(2026年版)》的通知(发改财金〔2026〕447号)
2026-03-30
5
国家发展改革委部门预算（2026年）
2026-03-26
6
国家发展改革委2026年规章制定工作计划
2026-03-25
7
关于优化完善无线电频率占用费标准的通知(发改价格〔2026〕413号)
2026-03-24
8
关于发布《无人仓通用技术要求》等14项推荐性物流行业标准的公告 2026年第3号
2026-03-20
9
电力重大事故隐患判定标准及治理监督管理规定
2026-03-18
10
国家发展和改革委员会直属单位2026年度第二批公开招聘公告
2026-03-17
11
关于2026年棉花关税配额外优惠关税税率加工贸易进口配额申领有关事项的公告
2026-03-04
12
关于在全社会推进儿童友好建设的意见(发改社会〔2026〕258号)
2026-02-12
13
粮食流通行政执法办法
2026-02-11
14
关于加快招标投标领域人工智能推广应用的实施意见(发改法规〔2026〕195号)
2026-02-06
15
关于加强投资项目在线审批监管平台和工程建设项目审批管理系统数据共享的通知(发改办投资〔2026〕88号)
2026-02-02",主动公开_政府信息公开_政务公开-国家发展改革委,全国,国家发展改革委-政府信息公开,产业人才,https://zfxxgk.ndrc.gov.cn/web/dirlist.jsp,发改办体改〔2026〕275号,903,,2026-04-25 16:17:29,ok
公开事项类别: 规划计划,2024-06-02,"政府信息公开
收起高级检索
政  策
规章
行政规范性文件
政府信息公开指南
政府信息公开制度
法定主动公开内容
机构信息
政策解读回应
办事指南
规划计划
行政许可
财务信息
综合管理
人事工作信息
其他
政府信息公开年报
政府网站年度报告
法治政府建设年度报告
公开事项类别: 规划计划
序号
公开事项名称
制发日期
1
京津冀一流营商环境建设三年行动方案
2024-06-24
2
《粤港澳大湾区国际一流营商环境建设三年行动计划》
2023-12-25
3
《前海深港现代服务业合作区总体发展规划》
2023-12-16
4
《横琴粤澳深度合作区总体发展规划》
2023-12-16
5
关于印发《国家公路网规划》的通知(发改基础〔2022〕1033号)
2022-07-04
6
《氢能产业发展中长期规划（2021-2035 年）》
2022-03-23
7
河南郑州等地特大暴雨洪涝灾害灾后恢复重建总体规划
2022-03-11
8
关于印发《“十四五”现代能源体系规划》的通知(发改能源〔2022〕210号)
2022-01-29
9
关于印发《“十四五”现代流通体系建设规划》的通知(发改经贸〔2022〕78号)
2022-01-21
10
关于印发“十四五”重点流域水环境综合治理规划的通知(发改地区〔2021〕1933号)
2021-12-31
11
关于印发《“十四五”公共服务规划》的通知(发改社会〔2021〕1946号)
2021-12-28
12
关于印发《“十四五”推进国家政务信息化规划》的通知(发改高技〔2021〕1898号)
2021-12-24
13
“十四五”水安全保障规划
2021-12-22
14
关于印发《江苏沿海地区发展规划(2021—2025年)》的通知(发改地区〔2021〕1862号)
2021-12-22
15
关于印发《“十四五”生物经济发展规划》的通知(发改高技〔2021〕1850号)
2021-12-20",主动公开_政府信息公开_政务公开-国家发展改革委,全国,国家发展改革委-政府信息公开,产业人才,https://zfxxgk.ndrc.gov.cn/web/dirlist.jsp?dirid=9&pid=9,发改地区〔2021〕1933号,834,,2026-04-25 16:17:32,ok
公开事项类别: 财务信息,2026-03-02,"政府信息公开
收起高级检索
政  策
规章
行政规范性文件
政府信息公开指南
政府信息公开制度
法定主动公开内容
机构信息
政策解读回应
办事指南
规划计划
行政许可
财务信息
综合管理
人事工作信息
其他
政府信息公开年报
政府网站年度报告
法治政府建设年度报告
公开事项类别: 财务信息
序号
公开事项名称
制发日期
1
国家发展改革委部门预算（2026年）
2026-03-26
2
国家发展改革委机关本级决算（2024年度）
2025-08-26
3
国家发展改革委部门决算（2024年度）
2025-07-25
4
国家发展改革委2024年政府​集中采购实施情况
2025-07-09
5
国家发展改革委机关本级预算（2025年）
2025-04-29
6
国家发展改革委部门预算（2025年）
2025-03-26
7
国家数据局（本级）2023年度决算
2024-08-26
8
国家发展改革委机关本级决算（2023年）
2024-08-26
9
国家发展改革委2023年政府集中采购实施情​况
2024-07-31
10
国家数据局2023年度部门决算
2024-07-25
11
国家发展改革委部门决算（2023年度）
2024-07-25
12
国家数据局（本级）2024年度预算
2024-05-15
13
国家发展改革委机关本级预算 (2024年)
2024-05-15
14
国家数据局2024年度部门预算
2024-03-26
15
国家发展改革委部门预算（2024年）
2024-03-26",主动公开_政府信息公开_政务公开-国家发展改革委,全国,国家发展改革委-政府信息公开,产业人才,https://zfxxgk.ndrc.gov.cn/web/dirlist.jsp?dirid=10&pid=10,,660,,2026-04-25 16:17:37,ok
公开事项类别: 人事工作信息,2026-03-01,"政府信息公开
收起高级检索
政  策
规章
行政规范性文件
政府信息公开指南
政府信息公开制度
法定主动公开内容
机构信息
政策解读回应
办事指南
规划计划
行政许可
财务信息
综合管理
人事工作信息
其他
政府信息公开年报
政府网站年度报告
法治政府建设年度报告
公开事项类别: 人事工作信息
序号
公开事项名称
制发日期
1
国家发展和改革委员会直属单位2026年度第二批公开招聘公告
2026-03-17
2
国家发展改革委2026年度公务员录用面试公告
2026-01-26
3
国家发展改革委2026年度公务员录用工作通知
2026-01-15
4
国家发展和改革委员会2025年度拟录用公务员公示公告
2025-04-23
5
国家发展改革委2025年公务员录用面试公告
2025-02-06
6
国家发展改革委2025年公开遴选和公开选调公务员面试公告
2025-02-06
7
国家发展改革委所属事业单位2024年接收高校毕业生情况公示
2024-09-20
8
国家发展和改革委员会2024年度拟录用公务员公示公告（第二批）
2024-07-23
9
国家发展和改革委员会2024年度第一批拟录用公务员公示公告
2024-05-06
10
国家发展和改革委员会2024年度公开遴选和公开选调拟任职人员公示公告
2024-05-06
11
国家发展和改革委员会2023年度拟录用公务员公示公告
2023-05-30
12
国家发展改革委国际合作中心2023年面向社会公开招聘工作人员公告
2022-12-27
13
国家信息中心2022年公开招聘工作人员公告
2022-11-21
14
中国市场出版社有限公司2023年公开招聘工作人员公告
2022-11-21
15
国家发展和改革委员会价格成本调查中心2023年面向社会公开招聘工作人员公告
2022-11-21",主动公开_政府信息公开_政务公开-国家发展改革委,全国,国家发展改革委-政府信息公开,产业人才,https://zfxxgk.ndrc.gov.cn/web/dirlist.jsp?dirid=31&pid=11,,791,,2026-04-25 16:17:40,ok
公开事项类别: 其他,2026-04-01,"政府信息公开
收起高级检索
政  策
规章
行政规范性文件
政府信息公开指南
政府信息公开制度
法定主动公开内容
机构信息
政策解读回应
办事指南
规划计划
行政许可
财务信息
综合管理
人事工作信息
其他
政府信息公开年报
政府网站年度报告
法治政府建设年度报告
公开事项类别: 其他
序号
公开事项名称
制发日期
1
关于修订省间电力现货交易规则的复函(发改办体改〔2026〕275号)
2026-04-14
2
关于做好2026年享受税收优惠政策的集成电路企业或项目、软件企业清单制定工作的通知(发改高技〔2026〕487号)
2026-04-07
3
关于公布2026年稻谷最低收购价格的通知(发改价格〔2026〕451号)
2026-03-31
4
关于印发《全国公共信用信息基础目录(2026年版)》和《全国失信惩戒措施基础清单(2026年版)》的通知(发改财金〔2026〕447号)
2026-03-30
5
国家发展改革委2026年规章制定工作计划
2026-03-25
6
关于优化完善无线电频率占用费标准的通知(发改价格〔2026〕413号)
2026-03-24
7
关于发布《无人仓通用技术要求》等14项推荐性物流行业标准的公告 2026年第3号
2026-03-20
8
关于在全社会推进儿童友好建设的意见(发改社会〔2026〕258号)
2026-02-12
9
关于加快招标投标领域人工智能推广应用的实施意见(发改法规〔2026〕195号)
2026-02-06
10
关于加强投资项目在线审批监管平台和工程建设项目审批管理系统数据共享的通知(发改办投资〔2026〕88号)
2026-02-02
11
关于做好2026年春耕及全年化肥保供稳价工作的通知(发改经贸〔2026〕149号)
2026-01-30
12
关于推动低空保险高质量发展的实施意见(发改低空〔2026〕123号)
2026-01-28
13
关于完善发电侧容量电价机制的通知(发改价格〔2026〕114号)
2026-01-27
14
关于进一步完善殡葬服务收费政策的通知(发改价格〔2026〕108号)
2026-01-26
15
关于印发《长株潭生态绿心加快绿色转型发展实施方案》的通知(发改环资〔2025〕1751号)
2025-12-30",主动公开_政府信息公开_政务公开-国家发展改革委,全国,国家发展改革委-政府信息公开,产业人才,https://zfxxgk.ndrc.gov.cn/web/dirlist.jsp?dirid=18&pid=18,发改办体改〔2026〕275号,974,,2026-04-25 16:17:42,ok
政府信息公开年报,2026-01-03,"政府信息公开
收起高级检索
政  策
规章
行政规范性文件
政府信息公开指南
政府信息公开制度
法定主动公开内容
机构信息
政策解读回应
办事指南
规划计划
行政许可
财务信息
综合管理
人事工作信息
其他
政府信息公开年报
政府网站年度报告
法治政府建设年度报告
政府信息公开年报
国家发展改革委2025年政府信息公开工作年度报告（文字版）
2026-01-30
国家发展改革委2025年政府信息公开工作年度报告（图解版）
2026-01-30
国家发展改革委2024年政府信息公开工作年度报告（文字版）
2025-01-26
国家发展改革委2024年政府信息公开工作年度报告（图解版）
2025-01-26
国家发展改革委2023年政府信息公开工作年度报告（文字版）
2024-01-30
国家发展改革委2023年政府信息公开工作年度报告（图解版）
2024-01-30
国家发展改革委2022年政府信息公开工作年度报告（文字版）
2023-01-19
国家发展改革委2022年政府信息公开工作年度报告（图解版）
2023-01-19
国家发展改革委2021年政府信息公开工作年度报告（文字版）
2022-01-27
国家发展改革委2021年政府信息公开工作年度报告（图解版）
2022-01-27
国家发展改革委2020年政府信息公开工作年度报告（文字版）
2021-01-29
国家发展改革委2020年政府信息公开工作年度报告（图解版）
2021-01-29
国家发展改革委2019年政府信息公开工作年度报告
2020-01-23
国家发展改革委2018年政府信息公开工作年度报告
2019-03-29
国家发展改革委2017年政府信息公开工作年度报告
2018-03-30
国家发展改革委2016年政府信息公开工作年度报告
2017-03-14
国家发展改革委2015年政府信息公开工作年度报告
2016-03-10
国家发展改革委2014年政府信息公开工作年度报告
2015-03-30
国家发展改革委2013年政府信息公开工作年度报告
2014-03-21
国家发展改革委2012年政府信息公开工作年度报告
2013-03-25
国家发展改革委2011年政府信息公开工作年度报告
2012-02-21
国家发展改革委2010年政府信息公开工作年度报告
2011-03-01
国家发展改革委2009年政府信息公开工作年度报告
2010-03-25",公开年报_政府信息公开_政务公开-国家发展改革委,全国,国家发展改革委-政府信息公开,产业人才,https://zfxxgk.ndrc.gov.cn/web/yearreport.jsp,,1029,,2026-04-25 16:17:45,ok
政府网站年度报告,2026-01-02,"政府信息公开
收起高级检索
政  策
规章
行政规范性文件
政府信息公开指南
政府信息公开制度
法定主动公开内容
机构信息
政策解读回应
办事指南
规划计划
行政许可
财务信息
综合管理
人事工作信息
其他
政府信息公开年报
政府网站年度报告
法治政府建设年度报告
政府网站年度报告
国家发展改革委2025年政府网站工作年度报表（图解版）
2026-01-23
国家发展改革委2025年政府网站工作年度报表（文字版）
2026-01-23
国家发展改革委2025年政府网站监管年度报表
2026-01-23
国家发展改革委2024年政府网站工作年度报表（图解版）
2025-01-23
国家发展改革委2024年政府网站工作年度报表（文字版）
2025-01-23
国家发展改革委2024年政府网站监管年度报表
2025-01-23
国家发展改革委2023年政府网站工作年度报表（图解版）
2024-01-31
国家发展改革委2023年政府网站工作年度报表（文字版）
2024-01-31
国家发展改革委2023年政府网站监管年度报表
2024-01-31
国家发展改革委2022年政府网站工作年度报表（图解版）
2023-01-31
国家发展改革委2022年政府网站工作年度报表（文字版）
2023-01-31
国家发展改革委2022年政府网站监管年度报表
2023-01-31
国家发展改革委2021年政府网站工作年度报表（图解版）
2022-02-09
国家发展改革委2021年政府网站工作年度报表（文字版）
2022-01-30
国家发展改革委2021年政府网站监管年度报表
2022-01-30
国家发展改革委2020年政府网站工作年度报表
2021-03-01
国家发展改革委2020年政府网站监管年度报表
2021-03-01
国家发展改革委2019年政府网站工作年度报表
2020-02-27
国家发展改革委2019年政府网站监管年度报表
2020-02-27
国家发展改革委2018年政府网站工作年度报表
2019-01-30
国家发展改革委2018年政府网站监管年度报表
2019-01-30
国家发展改革委2017年政府网站工作年度报表
2018-01-30
国家发展改革委2017年政府网站监管年度报表
2018-01-30",政府网站年度报告_政府信息公开_政务公开-国家发展改革委,全国,国家发展改革委-政府信息公开,产业人才,https://zfxxgk.ndrc.gov.cn/web/pagelist.jsp,,973,https://zfxxgk.ndrc.gov.cn/upload/images20201/202012793433401.pdf;https://zfxxgk.ndrc.gov.cn/upload/images20201/20201279345667.pdf;https://zfxxgk.ndrc.gov.cn/upload/images20201/2021031001.pdf;https://zfxxgk.ndrc.gov.cn/upload/images20201/2021031002.pdf;https://zfxxgk.ndrc.gov.cn/upload/images20201/2022021501.pdf;https://zfxxgk.ndrc.gov.cn/upload/images20201/2022021502.pdf;https://zfxxgk.ndrc.gov.cn/upload/images20201/2023021401.pdf;https://zfxxgk.ndrc.gov.cn/upload/images20201/2023021402.pdf;https://zfxxgk.ndrc.gov.cn/upload/images20201/2024013101.pdf;https://zfxxgk.ndrc.gov.cn/upload/images20201/2024013102.pdf;https://zfxxgk.ndrc.gov.cn/upload/images20201/2025012301.pdf;https://zfxxgk.ndrc.gov.cn/upload/images20201/2025012302.pdf;https://zfxxgk.ndrc.gov.cn/upload/images20201/2026012301.pdf;https://zfxxgk.ndrc.gov.cn/upload/images20201/2026012302.pdf;https://zfxxgk.ndrc.gov.cn/upload/images20203/202032415494462.pdf;https://zfxxgk.ndrc.gov.cn/upload/images20203/202032416145245.pdf;https://zfxxgk.ndrc.gov.cn/upload/images20203/20203241618518.pdf;https://zfxxgk.ndrc.gov.cn/upload/images20203/20211228.pdf,2026-04-25 16:17:47,ok
法治政府建设年度报告,2026-03-02,"政府信息公开
收起高级检索
政  策
规章
行政规范性文件
政府信息公开指南
政府信息公开制度
法定主动公开内容
机构信息
政策解读回应
办事指南
规划计划
行政许可
财务信息
综合管理
人事工作信息
其他
政府信息公开年报
政府网站年度报告
法治政府建设年度报告
法治政府建设年度报告
国家发展改革委2025年度推进法治政府建设进展情况
2026-03-25
国家发展改革委2024年度推进法治政府建设进展情况
2025-03-19
国家发展改革委2023年度推进法治政府建设进展情况
2024-03-14
国家发展改革委2022年度推进法治政府建设​进展情况
2023-03-22
国家发展改革委2021年度推进法治政府建设​进展情况
2022-03-31
国家发展改革委2020年度推进法治政府建设进展情况
2021-03-31
国家发展改革委2019年度推进法治政府建设进展情况
2020-03-31
国家发展改革委2018年度推进法治政府建设进展情况
2019-04-10",法治政府建设年度报告_政府信息公开_政务公开-国家发展改革委,全国,国家发展改革委-政府信息公开,产业人才,https://zfxxgk.ndrc.gov.cn/web/lawlist.jsp,,441,,2026-04-25 16:17:49,ok
关于修订省间电力现货交易规则的复函(发改办体改〔2026〕275号),2026-04-01,"国家发展改革委办公厅 国家能源局综合司
关于修订省间电力现货交易规则的复函
发改办体改〔2026〕275号
国家电网有限公司：
你公司《关于省间电力现货交易规则修订工作的请示》收悉。现批复如下。
一、原则同意修订后的《省间电力现货交易规则》，请你公司会同有关方面按照修订后的规则，认真组织实施省间电力现货交易，切实发挥省间现货交易促进更大范围资源配置、余缺互济的作用。
二、你公司要强化统筹协同，扎实做好省间电力现货市场与跨电网经营区交易、省间中长期市场、各省（区、市）内电力现货市场的高效衔接。切实维护省间电力现货交易公平竞争秩序，保障各类经营主体平等参与市场交易的合法权益，营造公开透明、公平公正、规范有序的市场环境。
三、要结合省间电力现货市场运行实际，稳步扩大市场交易范围，加快研究论证用户侧直接参与省间电力现货市场的可行路径，完善计量、结算、风险防控等配套措施，适时推动用户侧主体有序参与。
四、要统筹兼顾市场交易效率与电网运行安全，严守安全底线，强化交易流程风险防控，完善应急处置机制，及时梳理、解决市场运行中的新情况、新问题，不断优化完善交易规则和运营机制，重大事项及时向国家发展改革委、国家能源局报告。
附件：省间电力现货交易规则
国家发展改革委办公厅
国家能源局综合司
2026年4月14日",国家发展改革委,全国,国家发展改革委-政府信息公开,产业人才,https://zfxxgk.ndrc.gov.cn/web/iteminfo.jsp?id=20621,发改办体改〔2026〕275号,554,,2026-04-25 16:17:51,ok
关于做好2026年享受税收优惠政策的集成电路企业或项目、软件企业清单制定工作的通知(发改高技〔2026〕487号),2026-04-07,"国家发展改革委等部门关于
做好2026年享受税收优惠政策的
集成电路企业或项目、软件企业
清单制定工作的通知
发改高技〔2026〕487号
各省、自治区、直辖市及计划单列市、新疆生产建设兵团发展改革委、工业和信息化主管部门、财政厅（局），海关总署广东分署、各直属海关，国家税务总局各省、自治区、直辖市、计划单列市税务局：
为促进我国集成电路产业和软件产业持续健康发展，根据《国务院关于印发新时期促进集成电路产业和软件产业高质量发展若干政策的通知》（以下简称《若干政策》）和配套政策有关规定，以及《财政部、税务总局、国家发展改革委、工业和信息化部关于提高集成电路和工业母机企业研发费用加计扣除比例的公告》（以下简称《公告》）有关规定，经研究，现就2026年享受税收优惠政策的集成电路企业或项目、软件企业清单（以下简称“清单”）制定工作有关事项通知如下。
一、本通知所称清单是指《若干政策》第（一）条提及的国家鼓励的集成电路线宽小于28纳米（含）、线宽小于65纳米（含）、线宽小于130纳米（含）的集成电路生产企业或项目的清单；《若干政策》第（三）、（六）、（七）、（八）条和《财政部、海关总署、税务总局关于支持集成电路产业和软件产业发展进口税收政策的通知》（财关税〔2021〕4号）、《财政部、国家发展改革委、工业和信息化部、海关总署、税务总局关于支持集成电路产业和软件产业发展进口税收政策管理办法的通知》（财关税〔2021〕5号）提及的国家鼓励的重点集成电路设计企业和软件企业，集成电路线宽小于65纳米（含）的逻辑电路、存储器生产企业，线宽小于0.25微米（含）的特色工艺集成电路生产企业，集成电路线宽小于0.5微米（含）的化合物集成电路生产企业和先进封装测试企业，集成电路产业的关键原材料、零配件（靶材、光刻胶、掩模版、封装载板、抛光垫、抛光液、8英寸及以上硅单晶、8英寸及以上硅片）生产企业，集成电路重大项目和承建企业的清单；《公告》提及的国家鼓励的集成电路生产企业或项目归属企业、国家鼓励的集成电路设计企业清单。
二、2025年已列入清单的企业如需享受新一年度税收优惠政策（进口环节增值税分期纳税政策除外），2026年需重新申报。申请列入清单的企业应于2026年4月7日至4月19日在信息填报系统（https://yyglxxbs.ndrc.gov.cn/xxbs-front/）中提交申请（申请列入享受进口环节增值税分期纳税政策的集成电路重大项目和承建企业清单的，还可选择于2026年9月7日至9月20日提交申请），并生成纸质文件加盖企业公章，连同必要证明材料（电子版、纸质版）报本省、自治区、直辖市及计划单列市、新疆生产建设兵团（以下简称“省级”）发展改革委或工业和信息化主管部门（由省级发展改革委确定接受单位）。经审计的企业会计报告须在提交申请时一并提交。鼓励首版次软件企业积极申报税收优惠。
三、地方发改和工信部门根据企业条件和项目标准（附后），对企业申报的信息进行初核通过后，报送至国家发展改革委、工业和信息化部。《若干政策》第（一）、（三）、（六）、（七）条，以及财关税〔2021〕4号文提及的集成电路产业的关键原材料、零配件生产企业清单，由国家发展改革委、工业和信息化部、财政部、海关总署、税务总局进行联审确认并联合印发。《若干政策》第（八）条提及的集成电路重大项目，由国家发展改革委、工业和信息化部形成清单后函告财政部，财政部会同海关总署、税务总局最终确定。《公告》提及的国家鼓励的集成电路生产企业或项目归属企业、国家鼓励的集成电路设计企业清单，由国家发展改革委、工业和信息化部、财政部、税务总局进行联审确认并联合印发。
四、列入清单的企业在下一年度企业所得税预缴申报时，可自行判断是否符合条件。如符合条件，在预缴申报时可先行享受优惠，年度汇算清缴时，如未被列入下一年度清单，按规定补缴税款，依法不加收滞纳金。申请享受《若干政策》第（一）、（三）、（六）、（七）条提及的税收优惠政策，财关税〔2021〕4号文提及的关税优惠政策，以及《公告》提及的研发费用加计扣除政策的，可于汇算清缴结束前，从信息填报系统中查询是否列入清单。享受《若干政策》第（八）条优惠政策的，由企业所在地直属海关告知相关企业。
五、已享受《若干政策》第（一）、（三）、（六）、（七）条提及的税收优惠政策，财关税〔2021〕4号文提及的关税优惠政策的企业或项目，以及《公告》提及的研发费用加计扣除政策的企业或项目归属企业发生更名、分立、合并、重组、经营范围内不再包含企业所享税收优惠类型对应的业务等重大变化情况，应及时向地方发改和工信部门报告，并于完成变更登记之日起60日内，将企业重大变化情况表和相关材料报送国家发展改革委、工业和信息化部（以省级部门上报文件落款日为准）。国家发展改革委、工业和信息化部会同相关部门确定发生变更情形后是否继续符合享受优惠政策的企业条件或项目标准。
六、地方发改和工信部门会同财政、海关、税务部门对清单内的企业加强日常监管。在监管过程中，如发现企业存在以虚报信息获得减免税资格问题，应及时联合核查，并联合上报国家发展改革委、工业和信息化部进行复核。国家发展改革委、工业和信息化部会同相关部门复核后，对确不符合享受优惠政策条件和标准的企业或项目，将函告财政部、海关总署、税务总局按相关规定处理。
七、企业对所提供材料和数据的真实性负责。申报企业应签署承诺书，承诺申报如出现失信行为，则接受有关部门按照法律、法规和国家有关规定处理，涉及违法行为的信息记入企业信用记录，纳入全国信用信息共享平台，并在“信用中国”网站公示。
八、本通知自印发之日起实施，并适用于企业享受2025年度企业所得税优惠政策和财关税〔2021〕4号文规定的进口税收政策，以及《公告》提及的研发费用加计扣除政策。国家发展改革委、工业和信息化部会同相关部门，根据产业发展、技术进步等情况，对符合享受优惠政策的企业条件或项目标准适时调整。
附件：1.享受税收优惠政策的企业条件和项目标准
2.重点集成电路设计领域和重点软件领域
3.享受税收优惠政策的集成电路企业、项目和软件企业提交材料明细表
4.企业重大变化情况表
国家发展改革委
工业和信息化部
财  政  部
海 关 总 署
税 务 总 局
2026年4月7日",国家发展改革委,全国,国家发展改革委-政府信息公开,产业人才,https://zfxxgk.ndrc.gov.cn/web/iteminfo.jsp?id=20620,,2600,,2026-04-25 16:17:54,ok
关于公布2026年稻谷最低收购价格的通知(发改价格〔2026〕451号),2026-03-03,"国家发展改革委等部门关于公布2026年
稻谷最低收购价格的通知
发改价格〔2026〕451号
各省、自治区、直辖市发展改革委、财政厅（局）、农业农村（农牧）厅（局、委）、粮食和物资储备局（粮食局）：
2026年，国家继续在稻谷主产区实行最低收购价政策。综合考虑粮食生产成本、市场供求、国内外市场价格和产业发展等因素，经国务院批准，2026年生产的早籼稻（三等，下同）、中晚籼稻和粳稻最低收购价分别为每50公斤128元、129元和131元。
各省（区、市）有关部门要引导农民合理种植，加强田间管理，促进稻谷稳产提质增效。
国家发展改革委
财  政  部
农 业 农 村 部
国家粮食和储备局
2026年3月31日",国家发展改革委,全国,国家发展改革委-政府信息公开,产业人才,https://zfxxgk.ndrc.gov.cn/web/iteminfo.jsp?id=20616,,305,,2026-04-25 16:17:56,ok
关于印发《全国公共信用信息基础目录(2026年版)》和《全国失信惩戒措施基础清单(2026年版)》的通知(发改财金〔2026〕447号),2026-03-03,"国家发展改革委 中国人民银行关于印发
《全国公共信用信息基础目录（2026年版）》和
《全国失信惩戒措施基础清单（2026年版）》的通知
发改财金〔2026〕447号
中央和国家机关有关部门，各省、自治区、直辖市、新疆生产建设兵团社会信用体系建设牵头单位，有关人民团体，中国国家铁路集团有限公司：
按照《中共中央办公厅、国务院办公厅关于健全社会信用体系的意见》《国务院办公厅关于进一步完善失信约束制度 构建诚信建设长效机制的指导意见》要求，国家发展改革委、中国人民银行会同社会信用体系建设部际联席会议成员单位和其他有关部门、单位，编制了《全国公共信用信息基础目录（2026年版）》和《全国失信惩戒措施基础清单（2026年版）》，现予印发实施。本通知自印发之日起施行，有效期二年，2025年版同时废止。
国家发展改革委
中国人民银行
2026年3月30日",国家发展改革委,全国,国家发展改革委-政府信息公开,产业人才,https://zfxxgk.ndrc.gov.cn/web/iteminfo.jsp?id=20617,,376,,2026-04-25 16:17:59,ok
国家发展改革委部门预算（2026年）,2026-03-02,,国家发展改革委,全国,国家发展改革委-政府信息公开,产业人才,https://zfxxgk.ndrc.gov.cn/web/iteminfo.jsp?id=20613,,0,,2026-04-25 16:18:01,no_content
国家发展改革委2026年规章制定工作计划,2026-03-02,"国家发展改革委2026年规章制定工作计划
根据《规章制定程序条例》规定，现公布国家发展改革委2026年规章制定工作计划。
1.招标投标领域信用管理办法
2.人民防空工程建设管理规定
3.人民防空工程平时开发利用管理办法
4.国有粮油仓储物流设施保护办法（修订）
5.电力重大事故隐患判定标准及治理监督管理规定
6.电力建设工程施工安全监督管理办法（修订）
7.水电站大坝运行安全监督管理规定（修订）
8.电力安全生产监督管理办法（修订）
9.电网公平开放监管办法",国家发展改革委,全国,国家发展改革委-政府信息公开,产业人才,https://zfxxgk.ndrc.gov.cn/web/iteminfo.jsp?id=20611,,231,,2026-04-25 16:18:25,ok
关于优化完善无线电频率占用费标准的通知(发改价格〔2026〕413号),2026-03-02,"国家发展改革委 财政部关于优化完善
无线电频率占用费标准的通知
发改价格〔2026〕413号
工业和信息化部，各省、自治区、直辖市及新疆生产建设兵团发展改革委、财政厅（局）：
为落实党中央和国务院决策部署，促进无线电频率资源合理配置和新场景新业态应用扩展，经研究，现就部分无线电频率占用费标准有关事项通知如下。
一、优化空间业务收费标准体系。
非对地静止轨道（NGSO)卫星星座系统和网络化运营的对地静止轨道（GSO）卫星系统，由按照空间电台、地球站分别向卫星运营商和网内地球站设台单位收取，调整为根据空间业务实际占用带宽向卫星运营商收取。对星座卫星数量在200颗以下的NGSO卫星星座系统，按照空间电台数量收费；对星座卫星数量在200颗及以上的NGSO卫星星座系统，统一按系统收费。
二、降低高频段收费标准。
对NGSO卫星星座系统、网络化运营的GSO卫星系统、微波站、宽带无线接入系统，按照频率高低细化收费分档，部分高频段频率实行更低的收费标准。
三、制定新型无线电应用收费标准。
明确5G—R铁路专用无线通信系统、工业专网、无人驾驶航空器系统（限获得许可的）、宽带数字集群通信系统等无线电应用收费标准。
具体收费标准见附件，自印发之日起执行，之前应缴未缴的无线电频率占用费，补缴时应按原标准征收。
附件：无线电频率占用费标准
国家发展改革委
财  政  部
2026年3月24日",国家发展改革委,全国,国家发展改革委-政府信息公开,产业人才,https://zfxxgk.ndrc.gov.cn/web/iteminfo.jsp?id=20614,,592,,2026-04-25 16:18:27,ok
关于发布《无人仓通用技术要求》等14项推荐性物流行业标准的公告 2026年第3号,2026-03-02,"中华人民共和国国家发展和改革委员会
公 告
2026年 第3号
根据推荐性物流行业标准制定修订项目计划，《无人仓通用技术要求》等14项推荐性物流行业标准已完成研究起草等工作，并经我委审核通过（标准编号、名称及起始实施日期见附件）。现予以公布。
国家发展改革委
2026年3月20日",国家发展改革委,全国,国家发展改革委-政府信息公开,产业人才,https://zfxxgk.ndrc.gov.cn/web/iteminfo.jsp?id=20618,,140,,2026-04-25 16:18:29,ok
科学技术部令第22号 国家科学技术奖励条例实施细则,2025-06-02,"标 题：
科学技术部令第22号 国家科学技术奖励条例实施细则
索 引 号：
30614-2025-002
发文机构：
科技部
成文日期：
2025年06月27日
发布日期：
2025年06月30日
发文字号：
有 效 性：
有效
科学技术部令第22号 国家科学技术奖励条例实施细则
《国家科学技术奖励条例实施细则》已经2025年6月4日科学技术部第4次部务会议修订通过，现予公布，自公布之日起施行。
部 长 阴和俊
2025年6月27日
国家科学技术奖励条例实施细则
（1999年12月24日科学技术部令第1号发布  根据2004年12月27日科学技术部令第9号《关于修改〈国家科学技术奖励条例实施细则〉的决定》第一次修改  根据2008年12月23日科学技术部令第13号《关于修改〈国家科学技术奖励条例实施细则〉的决定》第二次修改  2025年6月27日科学技术部令第22号修订）
第一章  总则
第一条
为了做好国家科学技术奖励工作，保证国家科学技术奖质量，根据《国家科学技术奖励条例》（以下简称《奖励条例》），制定本细则。
第二条
本细则适用于国家最高科学技术奖、国家自然科学奖、国家技术发明奖、国家科学技术进步奖和中华人民共和国国际科学技术合作奖（以下简称国际科技合作奖）的提名、评审、授予等各项活动。
第三条
国家科学技术奖励工作坚持党中央集中统一领导，遵循党和国家功勋荣誉表彰奖励工作的基本原则，坚持公开、公平、公正，实行科学的评审制度，不受任何组织或者个人的干涉，接受纪检监察监督和社会监督。
国家科学技术奖励工作重大事项按照有关规定报党中央。
第四条
国家科学技术奖坚持国家战略导向，面向世界科技前沿、面向经济主战场、面向国家重大需求、面向人民生命健康，与国家重大战略需要和中长期科技发展规划紧密结合，推动科技创新和产业创新深度融合，重点奖励在基础研究和应用基础研究、关键核心技术攻关、助力发展新质生产力等方面做出创造性贡献的科学家和一线科技人员，激励引导广大科技工作者锚定科技强国建设目标，加快实现高水平科技自立自强。
第五条
国家科学技术奖授予在科学发现、技术发明和促进科学技术进步等方面做出创造性突出贡献的个人、组织。同一项目授奖的个人、组织按照贡献大小排序。
在科学研究、技术开发项目中仅从事组织领导、行政管理或者辅助服务的人员，不得作为国家科学技术奖的候选者。
第六条
国家科学技术奖是国家授予个人或者组织的荣誉，授奖证书不作为确定科学技术成果权属的直接依据。
第七条
科技部负责国家科学技术奖的相关办法制定和评审活动的组织工作。国家科学技术奖励工作办公室（以下简称奖励办公室）负责相关日常工作。
科技部会同有关部门对国家科学技术奖励工作开展绩效评价。
第八条
国家科学技术奖励委员会（以下简称奖励委员会）聘请有关方面的专家、学者等组成评审委员会和监督委员会，负责国家科学技术奖的评审和监督工作。
奖励委员会的组成人员人选由科技部提出，报党中央、国务院批准。
第九条
国家科学技术奖每两年评审一次。
国家最高科学技术奖每次授予人数不超过2名。
国家自然科学奖、国家技术发明奖、国家科学技术进步奖每次授予项目总数不超过300项。其中，每个奖种的特等奖项目不超过3项，一等奖项目不超过该奖种奖励项目总数的15%。
国际科技合作奖每次授予数额不超过10个。
第十条
建立健全国家科学技术奖励工作保密管理制度。对涉及国家安全的项目，按照国家保密法律法规和科学技术保密规定，采取严格的保密措施，加强全过程保密管理。
第二章  奖励范围和评审标准
第一节  国家最高科学技术奖
第十一条
《奖励条例》第八条第一款第一项所称“在当代科学技术前沿取得重大突破或者在科学技术发展中有卓越建树”，是指候选者在基础研究、应用基础研究中取得系列或者特别重大发现，丰富和拓展了学科的理论，引领了本学科或者相关学科领域的突破性发展，为国内外同行所公认，对服务国家战略、科学技术发展和社会进步做出了特别重大的贡献。
第十二条
《奖励条例》第八条第一款第二项所称“在科学技术创新、科学技术成果转化和高技术产业化中，创造巨大经济效益、社会效益、生态环境效益或者对维护国家安全做出巨大贡献”，是指候选者在科学技术活动中，特别是面向国家重大需求的重点领域，取得系列或者特别重大技术突破，引领了相关行业领域的重大科技进步和产业变革，为促进经济社会发展、保障人民生命健康、保护生态环境、维护国家安全等做出了特别重大的贡献。
第十三条
国家最高科学技术奖的候选者应当热爱祖国，模范践行科学家精神，并仍活跃在当代科学技术前沿，从事科学研究或者技术开发工作。
第二节  国家自然科学奖
第十四条
《奖励条例》第九条第二款第一项所称“前人尚未发现或者尚未阐明”，是指该项自然科学发现为国内外首次提出，或者其科学理论在国内外首次阐明，且主要论著为国内外首次发表。
第十五条
《奖励条例》第九条第二款第二项所称“具有重大科学价值”，是指：
（一）在科学理论、学说上有创见，或者在研究方法、手段上有创新；
（二）对于推动学科发展有重大意义，或者对于经济建设和社会发展具有重要影响。
第十六条
《奖励条例》第九条第二款第三项所称“得到国内外自然科学界公认”，是指主要论著已在国内外公开发行的学术刊物上发表或者作为学术专著出版三年以上，其重要科学结论已为国内外同行在重要学术会议、公开发行的重要学术刊物以及学术专著所正面引用或者应用。逐步提高主要论著在国内学术刊物上发表的比例。
第十七条
国家自然科学奖的候选者应当是相关科学技术论著的主要作者，并具备下列条件之一：
（一）提出总体学术思想、研究方案；
（二）发现重要科学现象、特性和规律，并阐明科学理论和学说；
（三）提出研究方法和手段，解决关键性学术疑难问题或者实验技术难点，以及对重要基础数据的系统收集和综合分析等。
第十八条
国家自然科学奖一等奖、二等奖单项授奖人数不超过5人；特等奖单项授奖人数经国家自然科学奖评审委员会评审后，由奖励委员会确定。
第十九条
国家自然科学奖授奖等级根据候选者所做出的科学发现进行综合评定，评定标准如下：
（一）在科学上取得重大原创性突破，发现的自然现象、揭示的科学规律、提出的学术理论或者研究方法为国内外学术界所公认，引领本学科或者相关学科的发展，或者为关键核心技术突破提供重要理论支撑，对经济社会发展有重大影响的，可以评为一等奖。
（二）在科学上取得重要原创性突破，发现的自然现象、揭示的科学规律、提出的学术理论或者研究方法为国内外学术界所公认，推动本学科或者相关学科的发展，或者为相关技术突破提供理论支撑，对经济社会发展有重要影响的，可以评为二等奖。
前瞻性、引领性特别突出，取得特别重大科学突破，具有特别重大科学价值，产生特别重大影响的科学发现，可以评为特等奖。
第三节  国家技术发明奖
第二十条
《奖励条例》第十条第二款第一项所称“前人尚未发明或者尚未公开”，是指该项技术发明为国内外首创，或者虽然国内外已有但主要技术内容尚未在国内外各种公开出版物、媒体及其他公共渠道发表或者公开，也未曾公开使用过。
第二十一条
《奖励条例》第十条第二款第二项所称“具有先进性、创造性、实用性”，是指该项技术发明与国内外已有同类技术相比较，其主要性能（性状）、技术经济指标、科学技术水平及其促进科学技术进步的作用和意义等方面综合优于同类技术，技术思路、技术原理或者技术方法有创新，技术上有突出的实质性特点和显著的进步，且在制造、使用后产生明显的积极效果。
第二十二条
《奖励条例》第十条第二款第三项所称“经实施，创造显著经济效益、社会效益、生态环境效益或者对维护国家安全做出显著贡献，且具有良好的应用前景”，是指该项技术发明成熟，并实施应用三年以上，取得显著的应用效果，且未来具有广泛应用的潜力或者可持续发展的良好预期。
第二十三条
国家技术发明奖的候选者应当是该项技术发明的全部或者部分创造性技术内容的独立完成人。
国家技术发明奖一等奖、二等奖单项授奖人数不超过6人；特等奖单项授奖人数经国家技术发明奖评审委员会评审后，由奖励委员会确定。
第二十四条
国家技术发明奖授奖等级根据候选者所做出的技术发明进行综合评定，评定标准如下：
（一）属国内外首创的重大技术发明，关键技术上有重大的创新，技术经济指标达到国际同类技术的领先水平，推动相关领域的技术进步，产生重大经济效益、社会效益、生态环境效益或者对维护国家安全做出重大贡献，且具有广阔的应用前景，可以评为一等奖。
（二）属国内外首创的重要技术发明，主要技术上有较大的创新，技术经济指标达到国际同类技术的先进水平，对本领域的技术进步有推动作用，产生显著经济效益、社会效益、生态环境效益或者对维护国家安全做出显著贡献，且具有良好的应用前景，可以评为二等奖。
原始性、颠覆性创新特别突出，主要技术经济指标显著优于国际同类技术或者产品，创造特别重大经济效益、社会效益、生态环境效益或者对维护国家安全做出特别重大贡献，对抢占科技和产业发展制高点具有特别重大意义的技术发明，可以评为特等奖。
第二十五条
国家技术发明奖的授奖范围不包括仅依赖个人经验和技能、技巧且不可重复实现的技术。
第四节  国家科学技术进步奖
第二十六条
《奖励条例》第十一条第一款所称“完成和应用推广创新性科学技术成果”包括下列类别：
（一）技术开发类，即面向经济主战场和国家重大需求，完成具有重大市场实用价值或者满足国家重大需求的产品、技术、工艺、材料、设计和生物品种及其应用推广；
（二）社会公益类，即在保障人民生命健康、保护生态环境、自然资源调查和合理利用、自然灾害监测预报和防治等社会公益性科学技术事业和在标准、计量、科技信息、科学数据、科技档案、科学技术普及等科学技术基础性工作中取得的科学技术成果及其应用推广；
（三）国家安全类，即在国家安全相关活动中产生，并在一定时期内仅用于国家安全目的，对推进国防和军队现代化建设、增强国防实力和维护国家安全具有重要意义的科学技术成果；
（四）重大工程类，即重大综合性基本建设工程、科学技术工程、国防工程等。
国家科学技术进步奖重大工程类仅授予组织。在完成重大工程中做出科学发现、技术发明的个人，符合《奖励条例》和本细则规定条件的，可另行提名国家自然科学奖、技术发明奖。
第二十七条
《奖励条例》第十一条第二款第一项所称“技术创新性突出，技术经济指标先进”，是指在技术上有重要的创新，特别是在高新技术领域进行自主创新，形成了产业的主导技术和标志性产品，或者推动传统产业改造升级，提高科技含量和产品附加值；技术难度大，解决了行业发展中的热点、难点和关键问题；总体技术水平和技术经济指标达到了行业的领先水平。
第二十八条
《奖励条例》第十一条第二款第二项所称“经应用推广”，是指相关科学技术成果经过三年以上较大规模的实施应用。
第二十九条
《奖励条例》第十一条第二款第三项所称“在推动行业科学技术进步等方面有重大贡献”，是指项目转化程度高，具有较强的示范、带动和扩散能力，促进了产业结构的调整、优化、升级，对提升行业科技发展水平具有重要作用。
第三十条
国家科学技术进步奖候选人应当具备下列条件之一：
（一）在设计项目的总体技术方案中做出创造性的重要贡献；
（二）在关键技术和疑难问题的解决中做出重大技术创新；
（三）在成果转化和推广应用过程中做出创造性的重要贡献；
（四）在高技术产业化方面做出重要贡献；
（五）在科学技术普及方面做出突出贡献。
第三十一条
国家科学技术进步奖候选组织应当是在项目研究、开发、应用和推广过程中提供技术、设备和人员等条件，对项目完成起到组织、管理和协调作用的主要完成单位。
各级党政机关一般不得作为国家科学技术进步奖的候选组织。
第三十二条
国家科学技术进步奖一等奖单项授奖人数不超过15人，授奖组织不超过10个；二等奖单项授奖人数不超过10人，授奖组织不超过7个；特等奖单项授奖人数不超过50人，授奖组织不超过30个。
第三十三条
国家科学技术进步奖授奖等级根据候选者所完成的项目进行综合评定，评定标准如下：
（一）技术开发类
在关键核心技术或者系统集成上有重大创新，技术难度大，总体技术水平和主要技术指标达到国际同类技术或者产品先进水平，市场竞争力强，成果转化程度高，创造重大经济效益，对行业科技进步和产业结构优化升级有重大作用，为服务经济主战场和国家重大需求做出重大贡献的，可以评为一等奖；
在关键核心技术或者系统集成上有较大创新，技术难度较大，总体技术水平和主要技术指标达到国际同类技术或者产品水平并在国内处于领先水平，市场竞争力较强，成果转化程度较高，创造显著经济效益，对行业科技进步和产业结构调整优化有较大作用，为服务经济主战场和国家重大需求做出较大贡献的，可以评为二等奖。
（二）社会公益类
在关键核心技术或者系统集成上有重大创新，技术难度大，总体技术水平和主要技术经济指标达到国际同类技术或者产品先进水平，在行业得到广泛应用，创造重大社会效益或者生态环境效益，对推动行业科技进步和服务国家重大需求做出重大贡献的，可以评为一等奖；
在关键核心技术或者系统集成上有较大创新，技术难度较大，总体技术水平和主要技术经济指标达到国际同类技术或者产品水平并在国内处于领先水平，在行业较大范围应用，创造较大社会效益或者生态环境效益，对推动行业科技进步和服务国家重大需求做出较大贡献的，可以评为二等奖。
（三）国家安全类
在关键核心技术或者系统集成上有重大创新，技术难度大，总体技术达到国际同类技术或者产品先进水平，应用效果十分突出，对维护国家安全做出重大贡献的，可以评为一等奖；
在关键核心技术或者系统集成上有较大创新，技术难度较大，总体技术达到国际同类技术或者产品水平并在国内处于领先水平，应用效果突出，对维护国家安全做出较大贡献的，可以评为二等奖。
（四）重大工程类
联合攻关程度高，在关键核心技术、系统集成和系统管理方面有重大创新，技术难度和工程复杂程度大，总体技术水平、主要技术经济指标达到国际同类项目先进水平，创造重大经济效益、社会效益或者生态环境效益，对推动行业科技进步和服务国家重大需求做出重大贡献，对促进经济建设、社会发展和国家安全具有重大意义的，可以评为一等奖；
联合攻关程度较高，在关键核心技术、系统集成和系统管理方面有较大创新，技术难度和工程复杂程度较大，总体技术水平、主要技术经济指标达到国际同类项目水平并在国内处于领先水平，创造较大经济效益、社会效益或者生态环境效益，对推动行业科技进步和服务国家重大需求做出较大贡献，对促进经济建设、社会发展和国家安全具有重要意义的，可以评为二等奖。
本条各类中，技术创新性特别突出，创造特别重大经济效益、社会效益、生态环境效益或者对维护国家安全做出特别重大贡献，对推动本行业及相关行业的科技进步作用特别重大，对经济社会发展全局和国家安全具有标志性意义的项目，可以评为特等奖。
第五节  国际科技合作奖
第三十四条
《奖励条例》第十三条所称“外国人或者外国组织”，是指在双边或者多边国际科技合作中对中国科学技术事业做出重要贡献的外国科学家、工程技术人员、科技管理人员或者从事科学技术研究、开发、管理等活动的外国组织、国际组织。
第三十五条
国际科技合作奖的候选者应当对华友好，并具备下列条件之一：
（一）在与中国的公民或者组织进行合作研究、开发等方面取得重大科技成果，对中国经济与社会发展有重要推动作用，并取得显著的经济效益或者社会效益；
（二）在向中国的公民或者组织传授先进科学技术、提出重要科技发展建议与对策、培养科技人才或者管理人才等方面做出重要贡献，推进中国科学技术事业的发展，并取得显著的社会效益或者经济效益；
（三）在积极宣传中国的科技政策与科技成就、促进中国与其他国家或者国际组织的科技交流与合作、提升中国在科学技术领域的国际影响力等方面做出重要贡献，并对中国的科学技术发展有重要推动作用。
第三章  评审组织
第三十六条
奖励委员会的主要职责是：
（一）作出各奖种获奖者和奖励等级的决议；
（二）聘请有关专家、学者等组成国家科学技术奖评审委员会和监督委员会；
（三）审议国家科学技术奖励工作安排；
（四）为完善国家科学技术奖励制度提供政策性意见和建议；
（五）研究解决国家科学技术奖励工作中的其他重大问题。
第三十七条
奖励委员会设委员20至25人，其中主任委员1人，副主任委员1至2人，秘书长1人。主任委员由科技部部长担任。委员由科技、教育、经济等领域的著名专家、学者和相关部门负责人组成。
奖励委员会每届任期5年。
第三十八条
奖励委员会下设国家最高科学技术奖、国家自然科学奖、国家技术发明奖、国家科学技术进步奖、国际科技合作奖五个奖种评审委员会。评审委员会主要职责包括：
（一）负责国家科学技术奖相应奖种的评审工作；
（二）向奖励委员会提出相应奖种获奖者和奖励等级的建议；
（三）对国家科学技术奖评审工作有关问题进行处理；
（四）对完善国家科学技术奖励工作提供咨询意见。
第三十九条
各奖种评审委员会委员（以下简称评审委员）一般不少于25人，分别设主任委员1人，副主任委员2人，秘书长1人。主任委员一般由奖励委员会委员担任，秘书长由奖励办公室主任担任。委员人选由奖励办公室提出，经科技部审核后，报奖励委员会批准。
评审委员会应结构合理，保持稳定性、连续性和权威性。评审委员连续聘任一般不得超过3次。
第四十条
评审委员由于客观原因不能履行职责，可能影响评审工作正常开展时，或者根据评审工作实际情况需要调整、增补的，由奖励办公室提出调整、增补人选建议，经相应奖种评审委员会主任委员同意后，报奖励委员会主任委员批准。评审委员调整、增补的情况应当适时向奖励委员会报告。
第四十一条
国家技术发明奖、国家科学技术进步奖评审委员会内设专用项目小组，负责涉及国家安全的保密项目的评审，并将评审结果向评审委员会报告。
第四十二条
根据国家战略导向以及学科专业布局，结合评审工作需要，评审委员会下设若干评审组。评审组主要职责包括：
（一）负责初评工作；
（二）向评审委员会提出初评建议；
（三）对相关异议进行审议；
（四）对相关项目和人选进行实地考察。
第四十三条
各评审组设组长1人，副组长1至3人，专家人数根据评审工作需要确定。组长一般由相应奖种评审委员担任。
第四十四条
科技部建立国家科学技术奖评审专家库，由奖励办公室负责管理与维护。
参与初评的评审专家从评审专家库中按规则抽取产生。
评审专家名单应当按要求严格保密。
第四十五条
科技部可以委托相关部门协助负责涉及国家安全的国家技术发明奖和国家科学技术进步奖评审组的相关日常工作。
受委托的相关部门应当建立规范的制度机制，严格加强评审保密管理。
第四十六条
评审委员、评审专家应当认真履行评审职责，严格遵守评审工作纪律，坚决抵制可能影响国家科学技术奖评审公平、公正的行为和活动。
第四十七条
评审委员、评审专家和相关的工作人员应当严格遵守评审保密要求，对评审内容及评审情况等严格保守秘密。
第四十八条
科技部建立评审信誉管理机制。奖励办公室对参加评审活动的专家履行职责情况进行评价，评价情况作为后续选聘的重要依据。
第四章  提名和受理
第四十九条
国家科学技术奖提名工作应当坚持国家战略导向，以学术水平为重要标准，弘扬良好作风学风，重在提名服务国家战略需求的重大科学技术成果和真正做出创造性贡献的科技人员。
第五十条
国家科学技术奖实行限额提名制度。提名单位、提名专家资格条件和限额提名要求，由科技部制定提名办法予以规定。
第五十一条
提名单位应当建立规范的遴选机制，在本部门、本地区、本行业范围内择优提名。
提名专家应当在本人熟悉的学科领域内提名。
第五十二条
涉及国家安全的保密项目仅由中央和国家机关有关部门、中央军事委员会科学技术部门或者地方政府提名。
第五十三条
提名者应当对提名材料的真实性和准确性负责，对候选者政治、品行、作风、廉洁等情况进行审核，并履行在答辩、异议和信访处理等工作中的责任。
第五十四条
提名者和候选者所在单位应当按照要求对拟提名的国家最高科学技术奖候选者、国家自然科学奖、国家技术发明奖和国家科学技术进步奖候选者及其候选项目进行公示。涉及国家安全的保密项目在适当范围内公示。公示无异议或者异议在提名前处理完毕且不影响提名的，方可提名。
第五十五条
提名者认为有关专家参加评审可能影响评审公正性的，可以申请其回避，并在提名时书面提出回避理由及相关证明材料。每项提名所提出的回避专家不超过3人。
第五十六条
候选者应当遵纪守法，具有良好的科学道德和行为品德。有下列情形之一的，不得被提名国家科学技术奖：
（一）在科学技术活动中，危害国家安全、损害社会公共利益、危害人体健康、违反伦理道德的；
（二）有科研不端行为，按照国家有关规定被禁止参与国家科学技术奖励活动的；
（三）被依法列为严重失信主体联合惩戒对象且处于惩戒期的；
（四）受到党纪处分或者政务处分并处于影响期的；
（五）其他依法被禁止参与国家科学技术奖励活动或者有科技部规定的其他情形的。
从严重失信主体名单移出、处分解除或者处罚执行完毕，按规定恢复参与国家科学技术奖励活动资格的，被提名时应当按要求提交有关情况说明。
第五十七条
成果的知识产权或者完成单位、完成人员等方面存在直接影响国家科学技术奖评审的未解决争议并且相关争议正处于诉讼、仲裁或者行政裁决、行政复议程序中的，不得提名国家科学技术奖。
第五十八条
依法应当取得有关行政许可方可实施应用的技术或者成果，如食品、药品、医疗器械、基因工程技术和产品、肥料、压力容器、通信设备等，在未取得许可之前，不得提名国家技术发明奖和国家科学技术进步奖。
第五十九条
同一候选人或者同一科学技术内容同一年度只能被提名1项国家自然科学奖、国家技术发明奖或者国家科学技术进步奖。
第六十条
已获得国家自然科学奖、国家技术发明奖或者国家科学技术进步奖的科学技术内容，不得重复提名。
第六十一条
我国公民或者组织在国外以及我国公民在中国的外资机构，单独或者合作完成重大科学技术成果，符合《奖励条例》和本细则规定的条件，且成果的主要学术思想、技术路线和研究工作由我国公民或者组织提出和完成，并享有有关的知识产权，可以提名为国家科学技术奖候选者。
第六十二条
外国人受聘于中国的法人机构，与中方合作完成重大科学技术成果，符合《奖励条例》和本细则规定的条件，且成果的知识产权属中方所有或者与中方共有，可以提名为国家自然科学奖、国家技术发明奖和国家科学技术进步奖的候选者。
第六十三条
对科学技术进步、经济建设、社会发展和国家安全具有特别意义或者重大影响的科学技术成果，可以适时提名国家科学技术奖。
第六十四条
奖励办公室负责对提名材料进行形式审查。形式审查合格的予以受理，不合格的不予受理。
第六十五条
奖励办公室应当对受理的国家自然科学奖、国家技术发明奖、国家科学技术进步奖候选者及其候选项目进行公示。涉及国家安全的保密项目，按照相关保密规定，在适当范围内公示。
第六十六条
受理的候选者及其候选项目如被发现存在本细则规定不得提名情形的，不提交评审。
第五章  异议处理
第六十七条
国家自然科学奖、国家技术发明奖和国家科学技术进步奖的评审工作实行异议制度。
任何单位或者个人对候选者及其候选项目及提名材料真实性等持有异议的，应当在公示期间向奖励办公室提出，逾期不予受理。
第六十八条
异议者应当提交书面异议材料，并提供必要的证据材料。
提倡实名提出异议。个人实名提出异议的，应当提供有效联系方式；以单位名义提出异议的，应当加盖本单位公章。
异议者应当对异议材料内容的真实性负责。诬告陷害的，依法严肃处理。
第六十九条
异议者不得擅自将异议材料直接提交评审组织或者评审专家；评审专家收到异议材料的，应当及时转交奖励办公室，不得提交评审组织讨论或者以任何方式转发、传播。
第七十条
奖励办公室在接到异议材料后应当进行审查，对符合规定并能提供充分证据的异议，予以受理。
第七十一条
为维护异议者的合法权益，奖励办公室、提名者，以及其他参与异议调查、处理的有关人员应当对异议者的身份予以保密；如需要公开的，应当事前征得异议者的同意。
第七十二条
涉及候选项目的创新性、先进性、实用性、候选者排序及提名材料真实性等内容的学术类异议，由提名者配合奖励办公室进行调查核实，由奖励办公室组织审核处理。必要时，奖励办公室可以组织有关专家进行调查，提出处理建议。
涉及候选者的纪律类异议，由奖励办公室转交有关方面调查处理，并向监督委员会报告有关情况。
涉及国家安全的保密项目的异议，由有关部门处理，并将处理结果报奖励办公室。
第七十三条
异议处理过程中，涉及异议的任何一方应当积极配合，不得推诿、延误和弄虚作假。候选者在规定时间内未按要求提供相关证明材料的，视为承认异议内容；异议者在规定时间内未按要求提供相关证明材料的，视为放弃异议。
第七十四条
异议项目在规定时间内处理完毕且相关材料报送齐全的，可以提交本次评审。
提名者在规定时间内未按要求提交调查核实报告和提名者意见的，异议项目不提交本次评审，提名者应向奖励办公室说明原因并申请延期处理或者撤回提名。提名者既未按规定时间报送异议处理材料，也未提出延期申请或者撤回提名的，视为放弃提名，异议项目终止评审。
延期处理的异议项目经批准后，在下一次评审的相同节点前完成调查、核实且相关材料报送齐全的，可以提交后续评审程序；仍未能报送齐全相关材料的，终止评审。
终止评审的异议项目如再次以相同科学技术内容提名国家科学技术奖，应当同时提交异议处理材料。
第七十五条
奖励办公室应当及时向监督委员会报告异议处理情况，将相关材料提交评审组织审议，并将审议结果通知异议者和提名者。
异议项目未通过评审的，异议处理程序自行终止，异议反映的相关问题按规定转有关方面处理。
第六章  评审
第七十六条
对受理的候选者及其候选项目，由奖励办公室提交相应评审组进行初评。
根据评审工作需要，在评审组初评前可以从评审专家库中按规则抽取专家进行通讯评审。
第七十七条
通讯评审和评审组初评可以采取定量和定性评价相结合的方式进行。奖励办公室负责分类制订各奖种评价指标体系。
第七十八条
奖励办公室应当公示通过初评的国家自然科学奖、国家技术发明奖、国家科学技术进步奖项目。涉及国家安全的保密项目，按照相关保密规定，在适当范围内公示。
第七十九条
对通过初评的国家最高科学技术奖、国际科技合作奖候选者，及通过初评且没有异议或者虽有异议但已在规定时间内处理完毕的国家自然科学奖、国家技术发明奖、国家科学技术进步奖候选项目，提交相应奖种评审委员会进行评审。
第八十条
奖励委员会对评审委员会的评审结果进行审定，作出各奖种获奖者和奖励等级的决议。
第八十一条
国家科学技术奖的评审表决规则如下：
（一）奖励委员会以会议方式进行审定。其中，对国家最高科学技术奖以及国家自然科学奖、国家技术发明奖和国家科学技术进步奖的特等奖、一等奖，以记名限额投票方式进行表决。
（二）评审委员会及评审组以会议方式进行评审，以记名限额投票方式进行表决。
（三）奖励委员会及评审委员会、评审组的表决应当有三分之二以上委员（专家）参加，表决结果有效。
（四）国家最高科学技术奖、国际科技合作奖，在奖励委员会、评审委员会表决时应当由到会委员的三分之二以上通过，在评审组表决时应当由到会专家的二分之一以上多数（不含二分之一）通过。
（五）国家自然科学奖、国家技术发明奖和国家科学技术进步奖的特等奖、一等奖应当由到会委员（专家）的三分之二以上通过，二等奖应当由到会委员（专家）的二分之一以上多数（不含二分之一）通过。
第八十二条
国家科学技术奖评审实行回避制度，与被评审的候选者或者候选项目有重大利害关系的评审委员、评审专家应当回避。
第八十三条
根据评审工作需要，奖励办公室可以组织专家对候选者及其候选项目进行实地考察，或者以适当方式征询有关部门、组织机构和海外同行专家等方面意见。考察情况和有关方面意见提交评审组织参考。
第八十四条
国际科技合作奖的评审结果应当征询我国有关驻外使、领馆或者派出机构的意见。
第七章  批准和授奖
第八十五条
科技部对奖励委员会作出的各奖种获奖者和奖励等级的决议进行审核，报党中央、国务院批准。
第八十六条
国家最高科学技术奖报请国家主席签署并颁发奖章、证书和奖金。
国家最高科学技术奖奖金数额为800万元，全部属获奖者个人所得。
第八十七条
国家自然科学奖、国家技术发明奖、国家科学技术进步奖颁发证书和奖金。
国家自然科学奖、国家技术发明奖、国家科学技术进步奖奖金数额由科技部会同财政部另行公布。
第八十八条
国际科技合作奖颁发奖章和证书。
第八章  监督及处理
第八十九条
奖励委员会设立的监督委员会负责对国家科学技术奖的提名、评审和异议处理工作全程进行监督。
监督委员会委员人选由奖励办公室提出，经科技部审核后，报奖励委员会批准。
第九十条
奖励办公室应当定期向监督委员会报告有关国家科学技术奖的提名、评审和异议处理的工作情况。必要时，监督委员会可以要求进行专题汇报。
监督委员会根据相关规则，通过现场监督、审议工作报告，以及经奖励委员会授权对重大问题组织专项调查等方式，履行监督职责。对在评审活动中违反《奖励条例》及本细则有关规定的个人、组织，可以建议有关方面给予处理。
第九十一条
任何单位和个人发现国家科学技术奖的提名、评审和异议处理工作中存在问题的，可以向监督委员会进行举报和投诉。有关方面收到举报或者投诉材料的，应当及时转交监督委员会。监督委员会提出处理建议，提交评审组织审议。
第九十二条
国家科学技术奖励工作实行科研诚信审核制度。科技部建立提名者和评审委员、评审专家、候选者的科研诚信严重失信行为数据库。奖励办公室在提名、评审等活动中对相关个人、组织的诚信情况进行审核。对惩戒期内的个人、组织，按程序取消其参与国家科学技术奖励活动的资格。
第九十三条
禁止任何单位和个人进行可能影响国家科学技术奖提名和评审公平、公正的活动。对违规单位和个人，由科技部按照有关规定予以处理；相关候选者有责任的，取消其参评资格。
第九十四条
对通过剽窃、侵占他人的发现、发明或者其他科学技术成果，或者以其他不正当手段骗取国家科学技术奖的个人、组织，尚未授奖的，由监督委员会提出建议，奖励办公室按程序报奖励委员会批准，取消其参评资格；已经授奖的，经奖励委员会审核，由科技部报党中央、国务院批准后撤销奖励，追回奖章、证书和奖金。按规定记入科研诚信严重失信行为数据库，由相关责任人所在单位或者主管部门依法给予处分。
第九十五条
提名者提供虚假数据、材料，协助他人骗取国家科学技术奖的，由科技部予以通报批评；情节严重的，暂停或者取消其提名资格，按规定记入科研诚信严重失信行为数据库，并由相关责任人所在单位或者主管部门依法给予处分。
第九十六条
参与国家科学技术奖评审工作的评审委员、评审专家违反评审工作纪律的，由科技部取消其评审委员、评审专家资格，按规定记入科研诚信严重失信行为数据库，并由其所在单位或者主管部门依法给予处分。
第九十七条
参与国家科学技术奖评审组织工作的人员在评审活动中存在滥用职权、玩忽职守、徇私舞弊等违法违规违纪行为的，由科技部或者相关主管部门依法给予处分；涉嫌犯罪的，依法移送司法机关处理。
第九十八条
参与国家科学技术奖励活动的单位和个人应当严格遵守保密要求。对违反保密规定的，由有关部门依法予以处理。
第九十九条
对国家科学技术奖获奖者及其项目的宣传应当真实、客观、准确，不得以虚假、夸大、模糊宣传误导公众。获奖成果的应用不得损害国家利益、社会安全和人民健康。禁止使用国家科学技术奖名义牟取不正当利益。
对违反前款规定产生严重后果的，由有关部门依法给予处理。
第九章  附则
第一百条
国家科学技术奖的提名、评审、授予的经费管理，按照国家有关规定执行。
第一百零一条
本细则由科技部负责解释。
第一百零二条
本细则自2025年6月27日起施行，2008年公布的《国家科学技术奖励条例实施细则》（科学技术部令第13号）同时废止。
[放大字体]
[缩小字体]
[打印]
[关闭窗口]
[返回顶部]
相关文档
《国家科学技术奖励条例实施细则》政策解读",科技部,全国,科技部-科技政策,科技人才,https://www.most.gov.cn/xxgk/xinxifenlei/fdzdgknr/fgzc/bmgz/202507/t20250711_194110.html,,13279,,2026-04-25 16:18:47,ok
中华人民共和国科学技术普及法（2024年修订）,2024-12-02,"标 题：
中华人民共和国科学技术普及法（2024年修订）
索 引 号：
306-03-2024-300
发文机构：
全国人民代表大会常务委员会
成文日期：
2024年12月25日
发布日期：
2024年12月25日
发文字号：
中华人民共和国主席令第四十三号
有 效 性：
有效
中华人民共和国科学技术普及法（2024年修订）
中华人民共和国主席令
第四十三号
《中华人民共和国科学技术普及法》已由中华人民共和国第十四届全国人民代表大会常务委员会第十三次会议于2024年12月25日修订通过，现予公布，自公布之日起施行。
中华人民共和国主席 习近平
2024年12月25日
中华人民共和国科学技术普及法
（2002年6月29日第九届全国人民代表大会常务委员会第二十八次会议通过 2024年12月25日第十四届全国人民代表大会常务委员会第十三次会议修订）
目录
第一章 总则
第二章 组织管理
第三章 社会责任
第四章 科普活动
第五章 科普人员
第六章 保障措施
第七章 法律责任
第八章 附则
第一章 总则
第一条 为了实施科教兴国战略、人才强国战略和创新驱动发展战略，全面促进科学技术普及，加强国家科学技术普及能力建设，提高公民的科学文化素质，推进实现高水平科技自立自强，推动经济发展和社会进步，根据宪法，制定本法。
第二条 本法适用于国家和社会普及科学技术知识、倡导科学方法、传播科学思想、弘扬科学精神的活动。
开展科学技术普及（以下简称科普），应当采取公众易于接触、理解、接受、参与的方式。
第三条 坚持中国共产党对科普事业的全面领导。
开展科普，应当以人民为中心，坚持面向世界科技前沿、面向经济主战场、面向国家重大需求、面向人民生命健康，培育和弘扬创新文化，推动形成崇尚科学、追求创新的风尚，服务高质量发展，为建设科技强国奠定坚实基础。
第四条 科普是国家创新体系的重要组成部分，是实现创新发展的基础性工作。国家把科普放在与科技创新同等重要的位置，加强科普工作总体布局、统筹部署，推动科普与科技创新紧密协同，充分发挥科普在一体推进教育科技人才事业发展中的作用。
第五条 科普是公益事业，是社会主义物质文明和精神文明建设的重要内容。发展科普事业是国家的长期任务，国家推动科普全面融入经济、政治、文化、社会、生态文明建设，构建政府、社会、市场等协同推进的科普发展格局。
国家加强农村的科普工作，扶持革命老区、民族地区、边疆地区、经济欠发达地区的科普工作，建立完善跨区域科普合作和共享机制，促进铸牢中华民族共同体意识，推进乡村振兴。
第六条 科普工作应当践行社会主义核心价值观，弘扬科学精神和科学家精神，遵守科技伦理，反对和抵制伪科学。
任何组织和个人不得以科普为名从事损害国家利益、社会公共利益或者他人合法权益的活动。
第七条 国家机关、武装力量、社会团体、企业事业单位、基层群众性自治组织及其他组织应当开展科普工作，可以通过多种形式广泛开展科普活动。
每年9月为全国科普月。
公民有参与科普活动的权利。
第八条 国家保护科普组织和科普人员的合法权益，鼓励科普组织和科普人员自主开展科普活动，依法兴办科普事业。
第九条 国家支持社会力量兴办科普事业。社会力量兴办科普事业可以按照市场机制运行。
第十条 科普工作应当坚持群众性、社会性和经常性，结合实际，因地制宜，采取多种方式。
第十一条 国家实施全民科学素质行动，制定全民科学素质行动规划，引导公民培育科学和理性思维，树立科学的世界观和方法论，养成文明、健康、绿色、环保的科学生活方式，提高劳动、生产、创新创造的技能。
第十二条 国家支持和促进科普对外合作与交流。
第十三条 对在科普工作中做出突出贡献的组织和个人，按照国家有关规定给予表彰、奖励。
国家鼓励社会力量依法设立科普奖项。
第二章 组织管理
第十四条 各级人民政府领导科普工作，应当将科普工作纳入国民经济和社会发展相关规划，为开展科普工作创造良好的环境和条件。
县级以上人民政府应当建立科普工作协调制度。
第十五条 国务院科学技术行政部门负责制定全国科普工作规划，实行政策引导，进行督促检查，加强统筹协调，推动科普工作发展。
国务院其他部门按照各自的职责分工，负责有关的科普工作。
县级以上地方人民政府科学技术行政部门及其他部门在同级人民政府领导下按照各自的职责分工，负责本地区有关的科普工作。
第十六条 行业主管部门应当结合本行业特点和实际情况，组织开展相关科普活动。
第十七条 科学技术协会是科普工作的主要社会力量，牵头实施全民科学素质行动，组织开展群众性、社会性和经常性的科普活动，加强国际科技人文交流，支持有关组织和企业事业单位开展科普活动，协助政府制定科普工作规划，为政府科普工作决策提供建议和咨询服务。
第十八条 工会、共产主义青年团、妇女联合会等群团组织应当结合各自工作对象的特点组织开展科普活动。
第三章 社会责任
第十九条 科普是全社会的共同责任。社会各界都应当组织、参加各类科普活动。
第二十条 各级各类学校及其他教育机构，应当把科普作为素质教育的重要内容，加强科学教育，提升师生科学文化素质，支持和组织师生开展多种形式的科普活动。
高等学校应当发挥科教资源优势，开设科技相关通识课程，开展科研诚信和科技伦理教育，把科普纳入社会服务职能，提供必要保障。
中小学校、特殊教育学校应当利用校内、校外资源，提高科学教育质量，完善科学教育课程和实践活动，激发学生对科学的兴趣，培养科学思维、创新意识和创新能力。
学前教育机构应当根据学前儿童年龄特点和身心发展规律，加强科学启蒙教育，培育、保护好奇心和探索意识。
第二十一条 开放大学、老年大学、老年科技大学、社区学院等应当普及卫生健康、网络通信、智能技术、应急安全等知识技能，提升老年人、残疾人等群体信息获取、识别和应用等能力。
第二十二条 科学研究和技术开发机构、高等学校应当支持和组织科学技术人员、教师开展科普活动，有条件的可以设置专职科普岗位和专门科普场所，使科普成为机构运行的重要内容，为开展科普活动提供必要的支持和保障，促进科技研发、科技成果转化与科普紧密结合。
第二十三条 科技企业应当把科普作为履行社会责任的重要内容，结合科技创新和职工技能培训面向公众开展科普活动。
鼓励企业将自身科技资源转化为科普资源，向公众开放实验室、生产线等科研、生产设施，有条件的可以设立向公众开放的科普场馆和设施。
第二十四条 自然科学和社会科学类社会团体等应当组织开展专业领域科普活动，促进科学技术的普及推广。
第二十五条 新闻出版、电影、广播电视、文化、互联网信息服务等机构和团体应当发挥各自优势做好科普宣传工作。
综合类报纸、期刊、广播电台、电视台应当开展公益科普宣传；电影、广播电视生产、发行和播映机构应当加强科普作品的制作、发行和播映；书刊出版、发行机构应当扶持科普书刊的出版、发行；综合性互联网平台应当开设科普网页或者科普专区。
鼓励组织和个人利用新兴媒体开展多种形式的科普，拓展科普渠道和手段。
第二十六条 农村基层群众性自治组织协助当地人民政府根据当地经济与社会发展的需要，围绕科学生产、文明健康生活，发挥农村科普组织、农村学校、基层医疗卫生机构等作用，开展科普工作，提升农民科学文化素质。
各类农村经济组织、农业科研和技术推广机构、农民教育培训机构、农村专业技术协（学）会以及科技特派员等，应当开展农民科技培训和农业科技服务，结合推广先进适用技术和科技成果转化应用向农民普及科学技术。
第二十七条 城市基层群众性自治组织协助当地人民政府利用当地科技、教育、文化、旅游、医疗卫生等资源，结合居民的生活、学习等需要开展科普活动，完善社区综合服务设施科普功能，提高科普服务质量和水平。
第二十八条 科技馆（站）、科技活动中心和其他科普教育基地，应当组织开展科普教育活动。图书馆、博物馆、文化馆、规划展览馆等文化场所应当发挥科普教育的作用。
公园、自然保护地、风景名胜区、商场、机场、车站、码头等各类公共场所以及重大基础设施的经营管理单位，应当在所辖范围内加强科普宣传。
第四章 科普活动
第二十九条 国家支持科普产品和服务研究开发，鼓励新颖、独创、科学性强的高质量科普作品创作，提升科普原创能力，依法保护科普成果知识产权。
鼓励科学研究和技术开发机构、高等学校、企业等依托现有资源并根据发展需要建设科普创作中心。
第三十条 国家发展科普产业，鼓励兴办科普企业，促进科普与文化、旅游、体育、卫生健康、农业、生态环保等产业融合发展。
第三十一条 国家推动新技术、新知识在全社会各类人群中的传播与推广，鼓励各类创新主体围绕新技术、新知识开展科普，鼓励在科普中应用新技术，引导社会正确认识和使用科技成果，为科技成果应用创造良好环境。
第三十二条 国家部署实施新技术领域重大科技任务，在符合保密法律法规的前提下，可以组织开展必要的科普，增进公众理解、认同和支持。
第三十三条 国家加强自然灾害、事故灾难、公共卫生事件等突发事件预防、救援、应急处置等方面的科普工作，加强应急科普资源和平台建设，完善应急科普响应机制，提升公众应急处理能力和自我保护意识。
第三十四条 国家鼓励在职业培训、农民技能培训和干部教育培训中增加科普内容，促进培育高素质产业工人和农民，提高公职人员科学履职能力。
第三十五条 组织和个人提供的科普产品和服务、发布的科普信息应当具有合法性、科学性，不得有虚假错误的内容。
第三十六条 国家加强对科普信息发布和传播的监测与评估。对传播范围广、社会危害大的虚假错误信息，科学技术或者有关主管部门应当按照职责分工及时予以澄清和纠正。
网络服务提供者发现用户传播虚假错误信息的，应当立即采取处置措施，防止信息扩散。
第三十七条 有条件的科普组织和科学技术人员应当结合自身专业特色组织、参与国际科普活动，开展国际科技人文交流，拓展国际科普合作渠道，促进优秀科普成果共享。国家支持开展青少年国际科普交流。
第三十八条 国家完善科普工作评估体系和公民科学素质监测评估体系，开展科普调查统计和公民科学素质测评，监测和评估科普事业发展成效。
第五章 科普人员
第三十九条 国家加强科普工作人员培训和交流，提升科普工作人员思想道德品质、科学文化素质和业务水平，建立专业化科普工作人员队伍。
第四十条 科学技术人员和教师应当发挥自身优势和专长，积极参与和支持科普活动。
科技领军人才和团队应当发挥表率作用，带头开展科普。
鼓励和支持老年科学技术人员积极参与科普工作。
第四十一条 国家支持有条件的高等学校、职业学校设置和完善科普相关学科和专业，培养科普专业人才。
第四十二条 国家完善科普志愿服务制度和工作体系，支持志愿者开展科普志愿服务，加强培训与监督。
第四十三条 国家健全科普人员评价、激励机制，鼓励相关单位建立符合科普特点的职称评定、绩效考核等评价制度，为科普人员提供有效激励。
第六章 保障措施
第四十四条 各级人民政府应当将科普经费列入本级预算，完善科普投入经费保障机制，逐步提高科普投入水平，保障科普工作顺利开展。
各级人民政府有关部门应当根据需要安排经费支持科普工作。
第四十五条 国家完善科普场馆和科普基地建设布局，扩大科普设施覆盖面，促进城乡科普设施均衡发展。
国家鼓励有条件的地方和组织建设综合型科普场馆和专业型科普场馆，发展数字科普场馆，推进科普信息化发展，加强与社区建设、文化设施融合发展。
省、自治区、直辖市人民政府和其他有条件的地方人民政府，应当将科普场馆、设施建设纳入国土空间规划；对现有科普场馆、设施应当加强利用、维修和改造升级。
第四十六条 各级人民政府应当对符合规划的科普场馆、设施建设给予支持，开展财政性资金资助的科普场馆运营绩效评估，保障科普场馆有效运行。
政府投资建设的科普场馆，应当配备必要的专职人员，常年向公众开放，对青少年实行免费或者优惠，并不得擅自改为他用；经费困难的，政府可以根据需要予以补贴，使其正常运行。
尚无条件建立科普场馆的地方，应当利用现有的科技、教育、文化、旅游、医疗卫生、体育、交通运输、应急等设施开展科普，并设立科普画廊、橱窗等。
第四十七条 国家建设完善开放、共享的国家科普资源库和科普资源公共服务平台，推动全社会科普资源共建共享。
利用财政性资金设立的科学研究和技术开发机构、高等学校、职业学校，有条件的应当向公众开放科技基础设施和科技资源，为公众了解、认识、参与科学研究活动提供便利。
第四十八条 国家鼓励和引导社会资金投入科普事业。国家鼓励境内外的组织和个人设立科普基金，用于资助科普事业。
第四十九条 国家鼓励境内外的组织和个人依法捐赠财产资助科普事业；对捐赠财产用于科普事业或者投资建设科普场馆、设施的，依法给予优惠。
科普组织开展科普活动、兴办科普事业，可以依法获得资助和捐赠。
第五十条 国家依法对科普事业实行税收优惠。
第五十一条 利用财政性资金设立科学技术计划项目，除涉密项目外，应当结合任务需求，合理设置科普工作任务，充分发挥社会效益。
第五十二条 科学研究和技术开发机构、学校、企业的主管部门以及科学技术等相关行政部门应当支持开展科普活动，建立有利于促进科普的评价标准和制度机制。
第五十三条 科普经费和组织、个人资助科普事业的财产，应当用于科普事业，任何组织和个人不得克扣、截留、挪用。
第七章 法律责任
第五十四条 违反本法规定，制作、发布、传播虚假错误信息，或者以科普为名损害国家利益、社会公共利益或者他人合法权益的，由有关主管部门责令改正，给予警告或者通报批评，没收违法所得，对负有责任的领导人员和直接责任人员依法给予处分。
第五十五条 违反本法规定，克扣、截留、挪用科普款物或者骗取科普优惠政策支持的，由有关主管部门责令限期退还相关款物；对负有责任的领导人员和直接责任人员依法给予处分；情节严重的，禁止一定期限内申请科普优惠政策支持。
第五十六条 擅自将政府投资建设的科普场馆改为他用的，由有关主管部门责令限期改正；情节严重的，给予警告或者通报批评，对负有责任的领导人员和直接责任人员依法给予处分。
第五十七条 骗取科普表彰、奖励的，由授予表彰、奖励的部门或者单位撤销其所获荣誉，收回奖章、证书，追回其所获奖金等物质奖励，并由其所在单位或者有关部门依法给予处分。
第五十八条 公职人员在科普工作中滥用职权、玩忽职守、徇私舞弊的，依法给予处分。
第五十九条 违反本法规定，造成人身损害或者财产损失的，依法承担民事责任；构成违反治安管理行为的，依法给予治安管理处罚；构成犯罪的，依法追究刑事责任。
第八章 附则
第六十条 本法自公布之日起施行。
（来源：新华网）
[放大字体]
[缩小字体]
[打印]
[关闭窗口]
[返回顶部]
相关文档",全国人民代表大会常务委员会,全国,科技部-科技政策,科技人才,https://www.most.gov.cn/xxgk/xinxifenlei/fdzdgknr/fgzc/flfg/202412/t20241226_192778.html,,6054,,2026-04-25 16:18:49,ok
国家科学技术奖励条例（国务院令第782号第四次修订）,2024-05-02,"中华人民共和国国务院令
第782号
《国务院关于修改〈国家科学技术奖励条例〉的决定》已经2024年5月11日国务院第32次常务会议通过，现予公布，自公布之日起施行。
总理 李强
2024年5月26日
国务院关于修改
《国家科学技术奖励条例》的决定
国务院决定对《国家科学技术奖励条例》作如下修改：
一、
将第二条修改为：“国家设立下列国家科学技术奖：
“（一）国家最高科学技术奖；
“（二）国家自然科学奖；
“（三）国家技术发明奖；
“（四）国家科学技术进步奖；
“（五）中华人民共和国国际科学技术合作奖。”
二、
将第三条修改为：“国家科学技术奖应当坚持国家战略导向，与国家重大战略需要和中长期科技发展规划紧密结合。国家加大对自然科学基础研究和应用基础研究的奖励。国家自然科学奖应当注重前瞻性、理论性，国家技术发明奖应当注重原创性、实用性，国家科学技术进步奖应当注重创新性、效益性。”
三、
将第四条修改为：“国家科学技术奖励工作坚持党中央集中统一领导，实施创新驱动发展战略，贯彻尊重劳动、尊重知识、尊重人才、尊重创造的方针，培育和践行社会主义核心价值观。
“国家科学技术奖励工作重大事项，应当按照有关规定报党中央。”
四、
将第七条第二款修改为：“国家科学技术奖励委员会的组成人员人选由国务院科学技术行政部门提出，报党中央、国务院批准。”
五、
将第二十一条修改为：“国务院科学技术行政部门对国家科学技术奖励委员会作出的各奖种获奖者和奖励等级的决议进行审核，报党中央、国务院批准。”
六、
将第二十二条第二款修改为：“国家自然科学奖、国家技术发明奖、国家科学技术进步奖颁发证书和奖金。”
第三款修改为：“中华人民共和国国际科学技术合作奖颁发奖章和证书。”
七、
将第二十五条第一款修改为：“国家最高科学技术奖的奖金数额由国务院科学技术行政部门会同财政部门提出，报党中央、国务院批准。”
八、
将第三十条修改为：“获奖者剽窃、侵占他人的发现、发明或者其他科学技术成果的，或者以其他不正当手段骗取国家科学技术奖的，由国务院科学技术行政部门报党中央、国务院批准后撤销奖励，追回奖章、证书和奖金，并由所在单位或者有关部门依法给予处分。”
本决定自公布之日起施行。
《国家科学技术奖励条例》根据本决定作相应修改，重新公布。
国家科学技术奖励条例
（1999年5月23日中华人民共和国国务院令第265号发布 根据2003年12月20日《国务院关于修改〈国家科学技术奖励条例〉的决定》第一次修订 根据2013年7月18日《国务院关于废止和修改部分行政法规的决定》第二次修订 2020年10月7日中华人民共和国国务院令第731号第三次修订 根据2024年5月26日《国务院关于修改〈国家科学技术奖励条例〉的决定》第四次修订）
第一章 总 则
第一条
为了奖励在科学技术进步活动中做出突出贡献的个人、组织，调动科学技术工作者的积极性和创造性，建设创新型国家和世界科技强国，根据《中华人民共和国科学技术进步法》，制定本条例。
第二条
国家设立下列国家科学技术奖：
（一）国家最高科学技术奖；
（二）国家自然科学奖；
（三）国家技术发明奖；
（四）国家科学技术进步奖；
（五）中华人民共和国国际科学技术合作奖。
第三条
国家科学技术奖应当坚持国家战略导向，与国家重大战略需要和中长期科技发展规划紧密结合。国家加大对自然科学基础研究和应用基础研究的奖励。国家自然科学奖应当注重前瞻性、理论性，国家技术发明奖应当注重原创性、实用性，国家科学技术进步奖应当注重创新性、效益性。
第四条
国家科学技术奖励工作坚持党中央集中统一领导，实施创新驱动发展战略，贯彻尊重劳动、尊重知识、尊重人才、尊重创造的方针，培育和践行社会主义核心价值观。
国家科学技术奖励工作重大事项，应当按照有关规定报党中央。
第五条
国家维护国家科学技术奖的公正性、严肃性、权威性和荣誉性，将国家科学技术奖授予追求真理、潜心研究、学有所长、研有所专、敢于超越、勇攀高峰的科技工作者。
国家科学技术奖的提名、评审和授予，不受任何组织或者个人干涉。
第六条
国务院科学技术行政部门负责国家科学技术奖的相关办法制定和评审活动的组织工作。对涉及国家安全的项目，应当采取严格的保密措施。
国家科学技术奖励应当实施绩效管理。
第七条
国家设立国家科学技术奖励委员会。国家科学技术奖励委员会聘请有关方面的专家、学者等组成评审委员会和监督委员会，负责国家科学技术奖的评审和监督工作。
国家科学技术奖励委员会的组成人员人选由国务院科学技术行政部门提出，报党中央、国务院批准。
第二章 国家科学技术奖的设置
第八条
国家最高科学技术奖授予下列中国公民：
（一）在当代科学技术前沿取得重大突破或者在科学技术发展中有卓越建树的；
（二）在科学技术创新、科学技术成果转化和高技术产业化中，创造巨大经济效益、社会效益、生态环境效益或者对维护国家安全做出巨大贡献的。
国家最高科学技术奖不分等级，每次授予人数不超过2名。
第九条
国家自然科学奖授予在基础研究和应用基础研究中阐明自然现象、特征和规律，做出重大科学发现的个人。
前款所称重大科学发现，应当具备下列条件：
（一）前人尚未发现或者尚未阐明；
（二）具有重大科学价值；
（三）得到国内外自然科学界公认。
第十条
国家技术发明奖授予运用科学技术知识做出产品、工艺、材料、器件及其系统等重大技术发明的个人。
前款所称重大技术发明，应当具备下列条件：
（一）前人尚未发明或者尚未公开；
（二）具有先进性、创造性、实用性；
（三）经实施，创造显著经济效益、社会效益、生态环境效益或者对维护国家安全做出显著贡献，且具有良好的应用前景。
第十一条
国家科学技术进步奖授予完成和应用推广创新性科学技术成果，为推动科学技术进步和经济社会发展做出突出贡献的个人、组织。
前款所称创新性科学技术成果，应当具备下列条件：
（一）技术创新性突出，技术经济指标先进；
（二）经应用推广，创造显著经济效益、社会效益、生态环境效益或者对维护国家安全做出显著贡献；
（三）在推动行业科学技术进步等方面有重大贡献。
第十二条
国家自然科学奖、国家技术发明奖、国家科学技术进步奖分为一等奖、二等奖2个等级；对做出特别重大的科学发现、技术发明或者创新性科学技术成果的，可以授予特等奖。
第十三条
中华人民共和国国际科学技术合作奖授予对中国科学技术事业做出重要贡献的下列外国人或者外国组织：
（一）同中国的公民或者组织合作研究、开发，取得重大科学技术成果的；
（二）向中国的公民或者组织传授先进科学技术、培养人才，成效特别显著的；
（三）为促进中国与外国的国际科学技术交流与合作，做出重要贡献的。
中华人民共和国国际科学技术合作奖不分等级。
第三章 国家科学技术奖的提名、评审和授予
第十四条
国家科学技术奖实行提名制度，不受理自荐。候选者由下列单位或者个人提名：
（一）符合国务院科学技术行政部门规定的资格条件的专家、学者、组织机构；
（二）中央和国家机关有关部门，中央军事委员会科学技术部门，省、自治区、直辖市、计划单列市人民政府。
香港特别行政区、澳门特别行政区、台湾地区的有关个人、组织的提名资格条件，由国务院科学技术行政部门规定。
中华人民共和国驻外使馆、领馆可以提名中华人民共和国国际科学技术合作奖的候选者。
第十五条
提名者应当严格按照提名办法提名，提供提名材料，对材料的真实性和准确性负责，并按照规定承担相应责任。
提名办法由国务院科学技术行政部门制定。
第十六条
在科学技术活动中有下列情形之一的，相关个人、组织不得被提名或者授予国家科学技术奖：
（一）危害国家安全、损害社会公共利益、危害人体健康、违反伦理道德的；
（二）有科研不端行为，按照国家有关规定被禁止参与国家科学技术奖励活动的；
（三）有国务院科学技术行政部门规定的其他情形的。
第十七条
国务院科学技术行政部门应当建立覆盖各学科、各领域的评审专家库，并及时更新。评审专家应当精通所从事学科、领域的专业知识，具有较高的学术水平和良好的科学道德。
第十八条
评审活动应当坚持公开、公平、公正的原则。评审专家与候选者有重大利害关系，可能影响评审公平、公正的，应当回避。
评审委员会的评审委员和参与评审活动的评审专家应当遵守评审工作纪律，不得有利用评审委员、评审专家身份牟取利益或者与其他评审委员、评审专家串通表决等可能影响评审公平、公正的行为。
评审办法由国务院科学技术行政部门制定。
第十九条
评审委员会设立评审组进行初评，评审组负责提出初评建议并提交评审委员会。
参与初评的评审专家从评审专家库中抽取产生。
第二十条
评审委员会根据相关办法对初评建议进行评审，并向国家科学技术奖励委员会提出各奖种获奖者和奖励等级的建议。
监督委员会根据相关办法对提名、评审和异议处理工作全程进行监督，并向国家科学技术奖励委员会报告监督情况。
国家科学技术奖励委员会根据评审委员会的建议和监督委员会的报告，作出各奖种获奖者和奖励等级的决议。
第二十一条
国务院科学技术行政部门对国家科学技术奖励委员会作出的各奖种获奖者和奖励等级的决议进行审核，报党中央、国务院批准。
第二十二条
国家最高科学技术奖报请国家主席签署并颁发奖章、证书和奖金。
国家自然科学奖、国家技术发明奖、国家科学技术进步奖颁发证书和奖金。
中华人民共和国国际科学技术合作奖颁发奖章和证书。
第二十三条
国家科学技术奖提名和评审的办法、奖励总数、奖励结果等信息应当向社会公布，接受社会监督。
涉及国家安全的保密项目，应当严格遵守国家保密法律法规的有关规定，加强项目内容的保密管理，在适当范围内公布。
第二十四条
国家科学技术奖励工作实行科研诚信审核制度。国务院科学技术行政部门负责建立提名专家、学者、组织机构和评审委员、评审专家、候选者的科研诚信严重失信行为数据库。
禁止任何个人、组织进行可能影响国家科学技术奖提名和评审公平、公正的活动。
第二十五条
国家最高科学技术奖的奖金数额由国务院科学技术行政部门会同财政部门提出，报党中央、国务院批准。
国家自然科学奖、国家技术发明奖、国家科学技术进步奖的奖金数额由国务院科学技术行政部门会同财政部门规定。
国家科学技术奖的奖励经费列入中央预算。
第二十六条
宣传国家科学技术奖获奖者的突出贡献和创新精神，应当遵守法律法规的规定，做到安全、保密、适度、严谨。
第二十七条
禁止使用国家科学技术奖名义牟取不正当利益。
第四章 法律责任
第二十八条
候选者进行可能影响国家科学技术奖提名和评审公平、公正的活动的，由国务院科学技术行政部门给予通报批评，取消其参评资格，并由所在单位或者有关部门依法给予处分。
其他个人或者组织进行可能影响国家科学技术奖提名和评审公平、公正的活动的，由国务院科学技术行政部门给予通报批评；相关候选者有责任的，取消其参评资格。
第二十九条
评审委员、评审专家违反国家科学技术奖评审工作纪律的，由国务院科学技术行政部门取消其评审委员、评审专家资格，并由所在单位或者有关部门依法给予处分。
第三十条
获奖者剽窃、侵占他人的发现、发明或者其他科学技术成果的，或者以其他不正当手段骗取国家科学技术奖的，由国务院科学技术行政部门报党中央、国务院批准后撤销奖励，追回奖章、证书和奖金，并由所在单位或者有关部门依法给予处分。
第三十一条
提名专家、学者、组织机构提供虚假数据、材料，协助他人骗取国家科学技术奖的，由国务院科学技术行政部门给予通报批评；情节严重的，暂停或者取消其提名资格，并由所在单位或者有关部门依法给予处分。
第三十二条
违反本条例第二十七条规定的，由有关部门依照相关法律、行政法规的规定予以查处。
第三十三条
对违反本条例规定，有科研诚信严重失信行为的个人、组织，记入科研诚信严重失信行为数据库，并共享至全国信用信息共享平台，按照国家有关规定实施联合惩戒。
第三十四条
国家科学技术奖的候选者、获奖者、评审委员、评审专家和提名专家、学者涉嫌违反其他法律、行政法规的，国务院科学技术行政部门应当通报有关部门依法予以处理。
第三十五条
参与国家科学技术奖评审组织工作的人员在评审活动中滥用职权、玩忽职守、徇私舞弊的，依法给予处分；构成犯罪的，依法追究刑事责任。
第五章 附 则
第三十六条
有关部门根据国家安全领域的特殊情况，可以设立部级科学技术奖；省、自治区、直辖市、计划单列市人民政府可以设立一项省级科学技术奖。具体办法由设奖部门或者地方人民政府制定，并报国务院科学技术行政部门及有关单位备案。
设立省部级科学技术奖，应当按照精简原则，严格控制奖励数量，提高奖励质量，优化奖励程序。其他国家机关、群众团体，以及参照公务员法管理的事业单位，不得设立科学技术奖。
第三十七条
国家鼓励社会力量设立科学技术奖。社会力量设立科学技术奖的，在奖励活动中不得收取任何费用。
国务院科学技术行政部门应当对社会力量设立科学技术奖的有关活动进行指导服务和监督管理，并制定具体办法。
第三十八条
本条例自2020年12月1日起施行。
（来源：中国政府网）",国务院,全国,科技部-科技政策,科技人才,https://www.most.gov.cn/xxgk/xinxifenlei/fdzdgknr/fgzc/flfg/202405/t20240531_191008.html,,5381,,2026-04-25 16:18:52,ok
科学技术部令第21号 人类遗传资源管理条例实施细则,2023-05-02,"标 题：
科学技术部令第21号 人类遗传资源管理条例实施细则
索 引 号：
306-10-2023-221
发文机构：
科技部
成文日期：
2023年05月26日
发布日期：
2023年06月01日
发文字号：
科学技术部令第21号
有 效 性：
有效
科学技术部令第21号 人类遗传资源管理条例实施细则
《人类遗传资源管理条例实施细则》已经2023年5月11日科技部第3次部务会审议通过，现予公布，自2023年7月1日起施行。
部 长 王志刚
2023年5月26日
人类遗传资源管理条例实施细则
第一章  总  则
第一条
为有效保护和合理利用我国人类遗传资源，维护公众健康、国家安全和社会公共利益，根据《中华人民共和国生物安全法》《中华人民共和国人类遗传资源管理条例》（以下称《条例》）等有关法律、行政法规，制定本实施细则。
第二条
采集、保藏、利用、对外提供我国人类遗传资源，应当遵守本实施细则。
《条例》第二条所称人类遗传资源信息包括利用人类遗传资源材料产生的人类基因、基因组数据等信息资料。
前款所称人类遗传资源信息不包括临床数据、影像数据、蛋白质数据和代谢数据。
第三条
科学技术部（以下称科技部）负责全国人类遗传资源调查、行政许可、监督检查、行政处罚等管理工作。
科技部根据需要依法委托相关组织，开展人类遗传资源行政许可申请材料的形式审查、技术评审，以及人类遗传资源备案、事先报告、监督检查、行政处罚等工作。
第四条
省、自治区、直辖市科学技术厅（委、局）、新疆生产建设兵团科学技术局（以下称省级科技行政部门）负责本区域下列人类遗传资源管理工作：
（一）人类遗传资源监督检查与日常管理；
（二）职权范围内的人类遗传资源违法案件调查处理；
（三）根据科技部委托，开展本区域人类遗传资源调查、人类遗传资源行政许可、人类遗传资源违法案件调查处理等工作。
第五条
科技部和省级科技行政部门应当加强人类遗传资源监管力量，配备行政执法人员，依职权对人类遗传资源活动开展监督检查等工作，依法履行人类遗传资源监督管理职责。
第六条
科技部聘请生命科学与技术、医药、卫生、伦理、法律、信息安全等方面的专家组成人类遗传资源管理专家咨询委员会，为全国人类遗传资源管理工作提供决策咨询和技术支撑。
第七条
科技部支持合理利用人类遗传资源开展科学研究、发展生物医药产业、提高诊疗技术，加强人类遗传资源管理与监督，优化审批服务，提高审批效率，推进审批规范化和信息公开，提升管理和服务水平。
第二章  总体要求
第八条
采集、保藏、利用、对外提供我国人类遗传资源，应当符合伦理原则，通过已在有关管理部门备案的伦理（审查）委员会的伦理审查。开展伦理审查应当遵守法律、行政法规和国家有关规定。
第九条
采集、保藏、利用、对外提供我国人类遗传资源，应当尊重和保障人类遗传资源提供者的隐私权和个人信息等权益，按规定获取书面知情同意，确保人类遗传资源提供者的合法权益不受侵害。
第十条
采集、保藏、利用、对外提供我国人类遗传资源，应当遵守科技活动的相关要求及技术规范，包括但不限于标准、规范、规程等。
第十一条
在我国境内采集、保藏我国人类遗传资源或者向境外提供我国人类遗传资源，必须由我国科研机构、高等学校、医疗机构或者企业（以下称中方单位）开展。设在港澳的内资实控机构视为中方单位。
境外组织及境外组织、个人设立或者实际控制的机构（以下称外方单位）以及境外个人不得在我国境内采集、保藏我国人类遗传资源，不得向境外提供我国人类遗传资源。
第十二条
本实施细则第十一条所称境外组织、个人设立或者实际控制的机构，包括下列情形：
（一）境外组织、个人持有或者间接持有机构百分之五十以上的股份、股权、表决权、财产份额或者其他类似权益；
（二）境外组织、个人持有或者间接持有机构的股份、股权、表决权、财产份额或者其他类似权益不足百分之五十，但其所享有的表决权或者其他权益足以对机构的决策、管理等行为进行支配或者施加重大影响；
（三）境外组织、个人通过投资关系、协议或者其他安排，足以对机构的决策、管理等行为进行支配或者施加重大影响；
（四）法律、行政法规、规章规定的其他情形。
第十三条
采集、保藏、利用、对外提供我国人类遗传资源的单位应当加强管理制度建设，对涉及人类遗传资源开展科学研究的目的和研究方案等事项进行审查，确保人类遗传资源合法使用。
第十四条
利用我国人类遗传资源开展国际科学研究合作，应当保证中方单位及其研究人员全过程、实质性地参与研究，依法分享相关权益。国际科学研究合作过程中，利用我国人类遗传资源产生的所有记录以及数据信息等应当完全向中方单位开放，并向中方单位提供备份。
第十五条
科技部加强人类遗传资源管理信息化建设，建立公开统一的人类遗传资源行政许可、备案与安全审查工作信息系统平台，为申请人通过互联网办理行政许可、备案等事项提供便利，推进实时动态管理，实现人类遗传资源管理信息可追溯、可查询。
第十六条
科技部会同国务院有关部门及省级科技行政部门推动我国科研机构、高等学校、医疗机构和企业依法依规开展人类遗传资源保藏工作，推进标准化、规范化的人类遗传资源保藏基础平台和大数据建设，并依照国家有关规定向有关科研机构、高等学校、医疗机构和企业开放。
第十七条
针对公共卫生事件等突发事件，科技部建立快速审批机制，对突发事件应急处置中涉及的人类遗传资源行政许可申请，应当加快办理。
对实施快速审批的人类遗传资源行政许可申请，科技部按照统一指挥、高效快速、科学审批的原则，加快组织开展行政许可申请的受理、评审、审查等工作。快速审批的情形、程序、时限、要求等事项由科技部另行规定。
第十八条
科技部制定并及时发布采集、保藏、利用、对外提供我国人类遗传资源行政许可、备案等服务指南和示范文本，为申请人办理人类遗传资源行政许可、备案等事项提供便捷和专业的指导和服务。
第十九条
科技部定期对从事人类遗传资源采集、保藏、利用、对外提供等活动的科研人员和相关部门管理人员进行培训，增强法律意识和责任意识，提升管理服务能力。
第二十条
科技部和省级科技行政部门应当建立并不断完善廉政风险防控措施，健全监督制约机制，加强对本机关人类遗传资源管理重要环节和关键岗位的监督。
第三章  调查与登记
第二十一条
科技部负责组织开展全国人类遗传资源调查工作。省级科技行政部门受科技部委托，负责开展本区域人类遗传资源调查工作。
第二十二条
全国人类遗传资源调查每五年开展一次，必要时可以根据实际需要开展。
第二十三条
科技部组织相关领域专家制定全国人类遗传资源调查工作方案。省级科技行政部门完成本区域人类遗传资源调查工作后，应当将取得的调查数据、信息及时汇总并报送科技部。
第二十四条
科技部在全国人类遗传资源调查等工作基础上，组织开展重要遗传家系和特定地区人类遗传资源研究，逐步建立我国重要遗传家系和特定地区人类遗传资源清单目录，并适时修订完善。
第二十五条
科技部负责重要遗传家系和特定地区人类遗传资源登记工作，制定申报登记管理办法，建立申报登记管理信息服务平台。
第二十六条
我国科研机构、高等学校、医疗机构、企业发现重要遗传家系和特定地区人类遗传资源，应当及时通过申报登记管理信息服务平台进行申报。
第四章  行政许可与备案
第一节  采集、保藏行政许可
第二十七条
人类遗传资源采集行政许可适用于拟在我国境内开展的下列活动：
（一）重要遗传家系人类遗传资源采集活动。重要遗传家系是指患有遗传性疾病、具有遗传性特殊体质或者生理特征的有血缘关系的群体，且该群体中患有遗传性疾病、具有遗传性特殊体质或者生理特征的成员涉及三代或者三代以上，高血压、糖尿病、红绿色盲、血友病等常见疾病不在此列。首次发现的重要遗传家系应当按照本实施细则第二十六条规定及时进行申报。
（二）特定地区人类遗传资源采集活动。特定地区人类遗传资源是指在隔离或者特殊环境下长期生活，并具有特殊体质特征或者在生理特征方面有适应性性状发生的人类遗传资源。特定地区不以是否为少数民族聚居区为划分依据。
（三）用于大规模人群研究且人数大于3000例的人类遗传资源采集活动。大规模人群研究包括但不限于队列研究、横断面研究、临床研究、体质学研究等。为取得相关药品和医疗器械在我国上市许可的临床试验涉及的人类遗传资源采集活动不在此列，无需申请人类遗传资源采集行政许可。
第二十八条
人类遗传资源保藏行政许可适用于在我国境内开展人类遗传资源保藏、为科学研究提供基础平台的活动。
人类遗传资源保藏活动是指将有合法来源的人类遗传资源保存在适宜环境条件下，保证其质量和安全，用于未来科学研究的行为，不包括以教学为目的、在实验室检测后按照法律法规要求或者临床研究方案约定的临时存储行为。
第二十九条
应当申请行政许可的人类遗传资源保藏活动同时涉及人类遗传资源采集的，申请人仅需要申请人类遗传资源保藏行政许可，无需另行申请人类遗传资源采集行政许可。
第三十条
人类遗传资源保藏单位应当依据《条例》第十五条规定，于每年1月31日前向科技部提交上一年度本单位保藏人类遗传资源情况年度报告。年度报告应当载明下列内容：
（一）保藏的人类遗传资源情况；
（二）人类遗传资源来源信息和使用信息；
（三）人类遗传资源保藏相关管理制度的执行情况；
（四）本单位用于保藏人类遗传资源的场所、设施、设备的维护和变动情况；
（五）本单位负责保藏工作的主要管理人员变动情况。
人类遗传资源保藏单位应当加强管理，确保保藏的人类遗传资源来源合法。科技部组织各省级科技行政部门每年对本区域人类遗传资源保藏单位的保藏活动进行抽查。
第二节  国际合作行政许可与备案
第三十一条
申请人类遗传资源国际科学研究合作行政许可，应当通过合作双方各自所在国（地区）的伦理审查。外方单位确无法提供所在国（地区）伦理审查证明材料的，可以提交外方单位认可中方单位伦理审查意见的证明材料。
第三十二条
为取得相关药品和医疗器械在我国上市许可，在临床医疗卫生机构利用我国人类遗传资源开展国际合作临床试验、不涉及人类遗传资源材料出境的，不需要批准，但应当符合下列情况之一，并在开展临床试验前将拟使用的人类遗传资源种类、数量及其用途向科技部备案：
（一）涉及的人类遗传资源采集、检测、分析和剩余人类遗传资源材料处理等在临床医疗卫生机构内进行；
（二）涉及的人类遗传资源在临床医疗卫生机构内采集，并由相关药品和医疗器械上市许可临床试验方案指定的境内单位进行检测、分析和剩余样本处理。
前款所称临床医疗卫生机构是指在我国相关部门备案，依法开展临床试验的医疗机构、疾病预防控制机构等。
为取得相关药品和医疗器械在我国上市许可的临床试验涉及的探索性研究部分，应当申请人类遗传资源国际科学研究合作行政许可。
第三十三条
国际科学研究合作行政许可、国际合作临床试验备案应当由中方单位和外方单位共同申请。合作各方应当对申请材料信息的真实性、准确性、完整性作出承诺。
拟开展的人类遗传资源国际科学研究合作、国际合作临床试验涉及多中心临床研究的，不得拆分后申请行政许可或者备案。
第三十四条
开展多中心临床研究的，组长单位通过伦理审查后即可由申办方或者组长单位申请行政许可或者备案。
申办方或者组长单位取得行政许可或者完成备案后，参与临床研究的医疗卫生机构将本单位伦理审查批件或者认可组长单位所提供伦理审查批件的证明材料以及本单位出具的承诺书提交科技部，即可开展国际合作临床研究。
第三十五条
取得国际科学研究合作行政许可或者完成国际合作临床试验备案的合作双方，应当在行政许可或者备案有效期限届满后六个月内，共同向科技部提交合作研究情况报告。合作研究情况报告应当载明下列内容：
（一）研究目的、内容等事项变化情况；
（二）研究方案执行情况；
（三）研究内容完成情况；
（四）我国人类遗传资源使用、处置情况；
（五）研究过程中的所有记录以及数据信息的记录、储存、使用等情况；
（六）中方单位及其研究人员全过程、实质性参与研究情况以及外方单位参与研究情况；
（七）研究成果产出、归属与权益分配情况；
（八）研究涉及的伦理审查情况。
第三节  对外提供、开放使用事先报告
第三十六条
将人类遗传资源信息向境外组织、个人及其设立或者实际控制的机构提供或者开放使用的，中方信息所有者应当向科技部事先报告并提交信息备份。向科技部事先报告应当报送下列事项信息：
（一）向境外组织、个人及其设立或者实际控制的机构提供或者开放使用我国人类遗传资源信息的目的、用途；
（二）向境外组织、个人及其设立或者实际控制的机构提供或者开放使用我国人类遗传资源信息及信息备份情况；
（三）接收人类遗传资源信息的境外组织、个人及其设立或者实际控制的机构的基本情况；
（四）向境外组织、个人及其设立或者实际控制的机构提供或者开放使用对我国人类遗传资源保护的潜在风险评估情况。
已取得行政许可的国际科学研究合作或者已完成备案的国际合作临床试验实施过程中，中方单位向外方单位提供合作产生的人类遗传资源信息的，如国际合作协议中已约定由合作双方使用，不需要单独事先报告和提交信息备份。
第三十七条
将人类遗传资源信息向境外组织、个人及其设立或者实际控制的机构提供或者开放使用，可能影响我国公众健康、国家安全和社会公共利益的，应当通过科技部组织的安全审查。
应当进行安全审查的情形包括：
（一）重要遗传家系的人类遗传资源信息；
（二）特定地区的人类遗传资源信息；
（三）人数大于500例的外显子组测序、基因组测序信息资源；
（四）可能影响我国公众健康、国家安全和社会公共利益的其他情形。
第三十八条
科技部会同相关部门制定安全审查规则，组织相关领域专家进行安全评估，并根据安全评估意见作出审查决定。
人类遗传资源出口过程中如相关物项涉及出口管制范围，须遵守国家出口管制法律法规。
第四节  行政许可、备案与事先报告流程
第三十九条
申请人的申请材料齐全、形式符合规定的，科技部应当受理并出具加盖专用印章和注明日期的纸质或者电子凭证。
申请材料不齐全或者不符合法定形式的，科技部应当在收到正式申请材料之日起五个工作日内一次性告知申请人需要补正的全部内容。
第四十条
科技部根据技术评审和安全审查工作需要，组建专家库并建立专家管理制度。
科技部按照随机抽取方式从专家库中选取评审专家，对人类遗传资源行政许可申请事项进行技术评审，对应当进行安全审查的人类遗传资源信息对外提供或者开放使用事项进行安全评估。技术评审意见、安全评估意见作为作出行政许可决定或者安全审查决定的参考依据。
专家参与技术评审和安全审查一般采用网络方式，必要时可以采用会议、现场勘查等方式。
第四十一条
科技部应当自受理之日起二十个工作日内，对人类遗传资源行政许可申请作出行政许可决定。二十个工作日内不能作出行政许可决定的，经科技部负责人批准，可以延长十个工作日，并将延长期限的理由告知申请人。
第四十二条
科技部作出行政许可决定，依法需要听证、检验、检测、检疫、鉴定、技术评审的，所需时间不计算在本实施细则第四十一条规定的期限内，但应当将所需时间书面告知申请人。
第四十三条
科技部作出行政许可决定后，应当将行政许可决定书面告知申请人，并抄送申请人所在地的省级科技行政部门。
依法作出准予行政许可决定的，应当在科技部网站予以公开。依法作出不予行政许可决定的，应当说明理由，并告知申请人享有依法申请行政复议或者提起行政诉讼的权利。
第四十四条
取得人类遗传资源采集行政许可后，采集活动参与单位、采集目的、采集方案或者采集内容等重大事项发生变更的，被许可人应当向科技部提出变更申请。
第四十五条
取得人类遗传资源保藏行政许可后，保藏目的、保藏方案或者保藏内容等重大事项发生变更的，被许可人应当向科技部提出变更申请。
第四十六条
取得人类遗传资源国际科学研究合作行政许可后，开展国际科学研究合作过程中，研究目的、研究内容发生变更，研究方案涉及的人类遗传资源种类、数量、用途发生变更，或者申办方、组长单位、合同研究组织、第三方实验室等其他重大事项发生变更的，被许可人应当向科技部提出变更申请。
第四十七条
取得人类遗传资源国际科学研究合作行政许可后，出现下列情形的，被许可人不需要提出变更申请，但应当向科技部提交事项变更的书面说明及相应材料：
研究内容或者研究方案不变，仅涉及总量累计不超过获批数量10%变更的；
本实施细则第四十六条所列合作单位以外的参与单位发生变更的；
合作方法人单位名称发生变更的；
研究内容或者研究方案发生变更，但不涉及人类遗传资源种类、数量、用途的变化或者变更后内容不超出已批准范围的。
第四十八条
被许可人对本实施细则第四十四条至第四十六条所列事项提出变更申请的，科技部应当审查并作出是否准予变更的决定。符合法定条件、标准的，科技部应当予以变更。
变更申请的受理、审查、办理期限、决定、告知等程序参照本实施细则第三十九条至第四十三条有关行政许可申请的规定执行。
第四十九条
行政许可决定作出前，申请人书面撤回申请的，科技部终止对行政许可申请的审查。
第五十条
有下列情形之一的，科技部根据利害关系人请求或者依据职权，可以撤销人类遗传资源行政许可：
（一）滥用职权、玩忽职守作出准予行政许可决定的;
（二）超越法定职权作出准予行政许可决定的;
（三）违反法定程序作出准予行政许可决定的;
（四）对不具备申请资格或者不符合法定条件的申请人准予行政许可的;
（五）依法可以撤销行政许可的其他情形。
被许可人以欺骗、贿赂等不正当手段取得行政许可的，科技部应当予以撤销。
依照前两款的规定撤销行政许可，可能对公共利益造成重大损害的，不予撤销。
第五十一条
申请国际合作临床试验备案的，应当事先取得药品监督管理部门临床试验批件、通知书或者备案登记材料。
第五十二条
申请国际合作临床试验备案，应当提交下列材料：
（一）合作各方基本情况；
（二）研究涉及使用的人类遗传资源种类、数量和用途；
（三）研究方案；
（四）组长单位伦理审查批件；
（五）其他证明材料。
第五十三条
国际合作临床试验完成备案后，涉及的人类遗传资源种类、数量、用途发生变更，或者合作方、研究方案、研究内容、研究目的等重大事项发生变更的，备案人应当及时办理备案变更。
研究方案或者研究内容变更不涉及人类遗传资源种类、数量、用途变化的，不需要办理备案变更，但应当在变更活动开始前向科技部提交事项变更的书面说明及相应材料。
第五十四条
向境外组织、个人及其设立或者实际控制的机构提供或者开放使用人类遗传资源信息向科技部事先报告后，用途、接收方等事项发生变更的，应当在变更事项实施前向科技部提交事项变更报告。
第五十五条
被许可人需要延续行政许可有效期的，应当在该行政许可有效期限届满三十个工作日前向科技部提出申请。科技部应当根据被许可人的申请，在该行政许可有效期限届满前作出是否准予延续的决定；逾期未作出决定的，视为准予延续。
备案人需要延续备案有效期的，应当在该备案有效期限届满三十个工作日前向科技部提出申请。科技部应当在该备案有效期限届满前完成延续备案；逾期未完成的，视为已完成延续备案。
第五章  监督检查
第五十六条
科技部负责全国人类遗传资源监督检查，各省级科技行政部门负责本区域人类遗传资源监督检查。监督检查事项主要包括：
（一）人类遗传资源采集、保藏、利用、对外提供有关单位落实主体责任，建立、完善和执行有关规章制度的情况；
（二）获批人类遗传资源项目的有关单位采集、保藏、利用人类遗传资源的情况，材料或者信息出境、对外提供、开放使用以及出境后使用情况；
（三）利用人类遗传资源的剩余材料处置、知识产权及利益分享等情况；
（四）人类遗传资源备案事项的真实性等情况；
（五）科技部或者省级科技行政部门认为需要监督检查的其他事项。
第五十七条
科技部和省级科技行政部门应当编制年度监督检查计划，实施人类遗传资源风险管理。
年度监督检查计划应当包括检查事项、检查方式、检查频次以及抽查项目种类、抽查比例等内容。
第五十八条
对近三年内因人类遗传资源违法行为被实施过行政处罚、存在人类遗传资源管理风险未及时改正，以及被记入相关失信惩戒名单的单位，科技部和省级科技行政部门应当加大监督检查频次，纳入年度日常监督检查计划并开展监督检查。对管理体系和管理规范明显改进、未再发生违法行为的单位，可以适时减少监督检查频次。
第五十九条
对本实施细则第五十八条规定以外的其他单位，科技部和省级科技行政部门可以在该单位人类遗传资源活动范围内随机确定监督检查事项，随机选派监督检查人员，实施监督检查。
第六十条
遇有严重违法行为或者临时性、突发性任务以及通过投诉举报、转办交办、数据监测等发现的问题，科技部和省级科技行政部门可以部署开展专项监督检查。
第六十一条
科技部和省级科技行政部门应当及时记录、汇总人类遗传资源活动日常监督检查信息，完善日常监督检查措施。
第六十二条
发现被监督检查对象可能存在违反《条例》有关规定的风险时，科技部或者省级科技行政部门可以对其法定代表人、主要负责人等进行行政约谈。
第六十三条
发现被监督检查对象可能存在违反《条例》规定的行为，科技部或者省级科技行政部门应当进行调查，必要时可以采取下列措施：
（一）依法采取记录、复制、拍照、录像等措施；
（二）依法采取查封、扣押等行政强制措施；
（三）依法对相关物品进行检测、检验、检疫或者鉴定。
第六十四条
科技部或者省级科技行政部门实施行政强制措施应当依照《中华人民共和国行政强制法》规定的程序进行。
第六十五条
科技部和省级科技行政部门采取或者解除行政强制措施，应当经本机关负责人批准。
依法实施查封、扣押强制措施的，应当制作并当场向当事人交付查封、扣押决定书和清单。情况紧急，不及时查封、扣押可能影响案件查处，或者存在可能导致人类遗传资源损毁灭失等隐患，可以先行实施查封、扣押，并在二十四小时内补办查封、扣押决定书，送达当事人。
第六章  行政处罚
第六十六条
科技部和省级科技行政部门应当规范行使人类遗传资源行政处罚裁量权，综合考虑违法行为的事实、性质、情节以及社会危害程度，在《条例》规定范围内合理确定行政处罚的种类和幅度，确保过罚相当，防止畸轻畸重。
人类遗传资源行政处罚裁量基准由科技部另行制定并向社会公布。
第六十七条
拟给予行政处罚的案件，科技部和省级科技行政部门在作出行政处罚决定之前，应当书面告知当事人拟作出的行政处罚内容及事实、理由、依据，并告知当事人依法享有陈述、申辩的权利。拟作出的行政处罚属于听证范围的，还应当告知当事人有要求听证的权利。
当事人行使陈述、申辩权或者要求听证的，应当自告知书送达之日起五个工作日内书面提出，逾期未提出的，视为放弃上述权利。
科技部和省级科技行政部门不得因当事人陈述、申辩或者听证而给予更重的处罚。
第六十八条
科技部或者省级科技行政部门拟作出下列行政处罚决定，当事人要求听证的，应当组织听证：
（一）对法人、其他组织处以一百万元以上罚款或者对公民处以十万元以上罚款的；
（二）没收法人、其他组织违法所得三百万元以上或者没收公民违法所得三十万元以上的；
（三）禁止一年以上从事采集、保藏、利用、对外提供我国人类遗传资源活动的；
（四）二年以上不受理人类遗传资源行政许可申请的；
（五）撤销已取得的人类遗传资源行政许可的；
（六）法律、行政法规规定应当组织听证的其他情形。
第六十九条
科技部或者省级科技行政部门作出人类遗传资源行政处罚决定前，本部门案件办理机构应当将拟作出的行政处罚决定及案件材料送本部门负责法制审核的工作机构进行法制审核。未经法制审核或者审核未通过的，不得作出决定。
拟作出的行政处罚决定仅涉及警告的，不需要进行法制审核。
第七十条
行政处罚决定书作出后，科技部或者省级科技行政部门应当在七个工作日内依照有关法律规定，将行政处罚决定书送达当事人或者其他的法定受送达人。
第七十一条
行政处罚决定应当自立案之日起九十日内作出。案情复杂，不能在九十日内作出行政处罚决定的，经本机关负责人批准，可以延长九十日。案情特别复杂，经延期仍不能作出行政处罚决定的，经本机关负责人集体讨论决定是否继续延期。决定延期的，应当同时确定延长的合理期限，但最长不得超过六十日。
案件办理过程中，听证、公告、检测、检验、检疫、鉴定、审计、中止等时间，不计入本条第一款所指的案件办理期限。
第七十二条
《条例》第三十六条、第三十九条、第四十一条、第四十二条、第四十三条规定的违法所得，以实施违法行为所获得的全部收入扣除适当的合理支出计算；难以计算的，以违法行为涉及的人类遗传资源价值计算或者为人类遗传资源投入的资金数额作为违法所得。
第七十三条
在人类遗传资源监督检查或者违法案件调查处理中，发现相关公民、法人或者其他组织不具备人类遗传资源存储条件的，科技部或者省级科技行政部门应当组织将其存储的人类遗传资源转移至具备存储条件的单位临时存储。
第七十四条
省级科技行政部门依法作出人类遗传资源行政处罚的，应当自行政处罚决定作出之日起十五个工作日内将案件处理情况及行政处罚决定书副本报送科技部。
第七十五条
科技部有权对省级科技行政部门实施的人类遗传资源行政处罚进行监督，依法对有关违法或者不当行为责令改正。
第七章  附  则
第七十六条
本实施细则中涉及期限的规定，注明为工作日的，不包含法定节假日；未注明为工作日的，为自然日。
第七十七条
本实施细则所称“以上”“不超过”均包含本数，“大于”“不足”不包含本数。
第七十八条
本实施细则自2023年7月1日施行。
[放大字体]
[缩小字体]
[打印]
[关闭窗口]
[返回顶部]
相关文档
《人类遗传资源管理条例实施细则》政策解读",科技部,全国,科技部-科技政策,科技人才,https://www.most.gov.cn/xxgk/xinxifenlei/fdzdgknr/fgzc/bmgz/202306/t20230601_186416.html,,10563,,2026-04-25 16:18:55,ok
科学技术部令第20号 科学技术部行政处罚实施办法,2023-03-02,"标 题：
科学技术部令第20号 科学技术部行政处罚实施办法
索 引 号：
306-03-2023-199
发文机构：
科技部
成文日期：
2023年03月02日
发布日期：
2023年03月14日
发文字号：
科学技术部令第20号
有 效 性：
有效
科学技术部令第20号 科学技术部行政处罚实施办法
《科学技术部行政处罚实施办法》已经2023年2月23日科学技术部第2次部务会审议通过，现予公布，自2023年4月20日起施行。
部长  王志刚
2023年3月2日
科学技术部行政处罚实施办法
第一章  总则
第一条
为了规范科学技术部（以下称科技部）行政处罚行为，保障和监督行政处罚的有效实施，维护公共利益和科技行政管理秩序，保护公民、法人和其他组织的合法权益，根据《中华人民共和国科学技术进步法》《中华人民共和国行政处罚法》《中华人民共和国行政强制法》等法律和行政法规，制定本办法。
第二条
公民、法人或者其他组织在中华人民共和国领域内违反科技行政管理秩序的行为，依照《中华人民共和国科学技术进步法》《中华人民共和国促进科技成果转化法》《中华人民共和国科学技术普及法》《中华人民共和国生物安全法》《中华人民共和国人类遗传资源管理条例》《国家科学技术奖励条例》等法律、行政法规、规章的规定，应当由科技部实施行政处罚的，适用本办法。
第三条
科技部实施行政处罚，应当遵循公开公正、程序合法、宽严相济、过罚相当的原则，严格按照法定程序，规范行使裁量权，维护行政处罚决定执行的严肃性，依法保障当事人的陈述权、申辩权，以及要求听证、申请行政复议、提起行政诉讼等权利。
第四条
科技部以及参与案件办理的有关人员对实施行政处罚过程中知悉的国家秘密、商业秘密和个人隐私应当依法予以保密。
第二章  行政处罚的实施机关
第五条
科技部在法定职权范围内实施行政处罚，科技部的内设机构和直属事业单位不得以自己的名义实施行政处罚。
第六条
科技部各执法职能部门（以下称执法职能部门）按照职责分工，负责本业务领域行政处罚案件的立案、调查取证、实施查封扣押、提出处理意见、送达处罚决定、执行处罚决定等。
科技部法制机构负责对重大行政处罚决定进行法制审核，依法组织听证。
科技部政府信息公开工作机构会同执法职能部门负责行政处罚相关政府信息公开工作。
第七条
科技部可以依照法律、行政法规、规章的规定，在法定职权范围内委托其他行政机关或者具有管理公共事务职能的组织（以下称受委托组织）实施行政处罚。
委托行政处罚应当采取书面方式，由执法职能部门报科技部负责人批准后制发委托书，并向社会公布。委托书应当载明委托的具体事项、权限、期限等内容。
受委托组织应当在委托范围内以科技部名义实施行政处罚，不得再委托其他组织或者个人实施行政处罚。
第八条
执法职能部门应当对受委托组织实施相关行政处罚进行监督。发现受委托组织丧失委托条件、违法实施行政处罚或者有其他不宜继续委托情形的，执法职能部门应当报科技部负责人批准后解除委托。
第三章  行政处罚的决定
第一节  基本规定
第九条
科技部可以根据工作需要依法制定行政处罚裁量权基准，依法合理细化具体情节、量化罚款幅度。
行政处罚裁量权基准应当包括违法行为、法定依据、裁量阶次、适用条件和具体标准等内容。
科技部制定的行政处罚裁量权基准应当向社会公布。行政处罚裁量权基准所依据的法律、行政法规、规章作出修改，或者客观情势发生重大变更的，应当及时进行调整。
第十条
科技部实施行政处罚，应当以法律、行政法规、规章为依据，合理确定行政处罚的种类和幅度。
有行政处罚裁量权基准的，应当在行政处罚决定书中对行政处罚裁量权基准的适用情况予以明确。
第十一条
科技部行政处罚应当由具有行政执法资格的执法人员实施。执法人员不得少于两人，法律另有规定的除外。
执法人员在进行案件调查、检查等直接面对当事人或者有关人员的活动中，应当主动出示行政执法证和调查、检查通知书等执法文书。
第十二条
在实施行政处罚过程中，执法人员有下列情形之一的，应当主动回避，当事人及其代理人也有权申请其回避：
（一）是案件当事人或者当事人近亲属的；
（二）本人或者其近亲属与案件有利害关系的；
（三）是案件的证人或者鉴定人的；
（四）与案件有其他关系，可能影响公正处理的；
（五）法律、行政法规规定应当回避的其他情形。
第十三条
当事人或者其代理人对执法人员提出回避申请的，执法职能部门应当依法审查并提出是否回避的意见，报科技部负责人决定是否回避。回避决定作出前，不停止案件调查。
第十四条
实施行政处罚过程中，作出影响公民、法人或者其他组织权利义务的决定，应当书面告知其获得救济的途径和期限。特殊情况下采取口头方式告知的，应当制作笔录。
第十五条
执法职能部门应当对行政处罚过程进行文字记录，并根据行政处罚活动的环节、类别，采用相应音像记录形式：
（一）对现场调查取证、举行听证、留置送达等易引起争议的环节，应当根据实际情况进行音像记录。
（二）对查封扣押财物等直接涉及当事人重大利益的现场执法活动，应当推行全程音像记录。
第十六条
除涉及国家秘密、商业秘密、个人隐私等依法不得公开的情形外，科技部作出的具有一定社会影响的行政处罚决定应当依法公开，由执法职能部门会同政府信息公开工作机构在科技部网站公布。
公开的行政处罚决定被依法变更、撤销、确认违法或者确认无效的，执法职能部门应当在三个工作日内撤回行政处罚决定信息并公开说明理由。
第十七条
已作出的行政处罚决定存在未载明非主要事项等遗漏情形，对当事人合法权益没有实质影响的，应当予以补正；存在文字或者计算错误等情形，对当事人合法权益没有实质影响的，应当予以更正。
作出补正或者更正的，执法职能部门应当制作补正或者更正文书，报科技部负责人批准后送达当事人。
第十八条
执法职能部门在案件办理过程中获取的物品、设备、文字、视听资料、电子数据等证据材料应当及时进行登记并妥善保管。
第二节  立案
第十九条
执法职能部门在监督管理过程中发现违法线索，收到违法行为的举报、控告，或者收到其他机关移送的违法线索，应当进行登记。
科技部其他部门收到举报、控告或者其他机关移送的违法线索的，应当及时转交相关执法职能部门。
第二十条
执法职能部门应当在线索登记之日起十五个工作日内，对线索进行初步核实，提出是否立案的建议，报科技部负责人决定是否立案；线索复杂的，经科技部负责人批准，可以延长十五个工作日。
第二十一条
经初步核实认为存在应当给予行政处罚的违法行为，且科技部具有管辖权的，应当予以立案。
经核实没有发现违法行为、科技部不具有管辖权、违法行为已超过法定追究时效，或者存在其他依法不予立案情形的，不予立案。对科技部不具有管辖权的违法线索，应当及时移送有管辖权的机关。
第三节  调查取证
第二十二条
执法人员应当收集与案情有关的、能够证实违法行为性质和情节的证据。
证据类型包括书证、物证、视听资料、电子数据、证人证言、当事人陈述、鉴定意见、勘验笔录、现场笔录等。
第二十三条
执法人员不得以胁迫、利诱、欺骗等不正当手段收集证据，不得伪造证据。
第二十四条
执法人员进行调查取证，有权采取以下措施：
（一）要求被调查单位或者个人提供与案件有关的文件资料，并就相关问题作出说明；
（二）对当事人或者相关人员进行询问；
（三）进入涉案现场进行检查、拍照、录音、摄像，查阅和复制相关材料；
（四）对涉案物品、设施、场所进行先行登记保存；
（五）对涉案场所、物品、资料进行查封、扣押；
（六）法律、行政法规规定可以采取的其他措施。
第二十五条
执法人员对当事人或者相关人员进行调查、询问时，应当制作《行政案件调查询问笔录》，如实完整记录调查询问的时间和地点、被调查人或者被询问人的基本信息、与案件有关的事实和经过、有关证据情况等。调查询问过程进行录音、录像的，应当事先告知被调查人、被询问人。
《行政案件调查询问笔录》应当由被调查人、被询问人核对无误后逐页签字或者盖章。被调查人、被询问人拒绝签字或者盖章的，执法人员应当在笔录上注明。笔录应当由在场的至少两名执法人员签字，并载明时间。
第二十六条
调取的书证、物证应当是原件、原物。调取原件、原物确有困难的，可以调取复制件，注明“经核对与原件无异”字样或者相关文字说明。复制件及有关书证应当由证据提供人签字或者盖章，证据提供人拒绝签字或者盖章的，执法人员应当注明。
调取的视听资料、电子数据应当是原始载体或者备份介质。调取原始载体、备份介质确有困难的，可以调取复制件，注明复制件的制作方法、制作时间、制作人等情况。复制件应当由证据提供人签字或者盖章，证据提供人拒绝签字或者盖章的，执法人员应当注明。
第二十七条
为查明案情，需要对案件中专门性问题进行检测、检验、检疫、鉴定的，执法职能部门应当委托具有法定资质的机构进行；没有法定资质机构的，可以委托其他具备条件的机构进行。
第二十八条
执法人员收集证据时，发现证据可能灭失或者以后难以取得的，经所在执法职能部门报科技部负责人批准后可以先行登记保存。
依法对涉案相关物品先行登记保存的，执法职能部门应当制作《登记保存物品清单》，并向当事人或者物品持有人出具《登记保存物品通知书》。
执法人员实施先行登记保存时，应当通知当事人或者物品持有人到场，并在现场笔录中记载相关情况，必要时可以进行全程录音录像。
第二十九条
执法职能部门对先行登记保存的证据，应当在七个工作日内根据具体情况作出下列处理决定：
（一）需要采取证据保全措施的，应当采取记录、复制、拍照、录像等证据保全措施，返还登记保存物品；
（二）需要检测、检验、检疫、鉴定的，送交具有相应资质或者条件的机构进行检测、检验、检疫、鉴定；
（三）违法事实成立，依法应当予以没收的，应当作出行政处罚决定，没收非法财物；
（四）违法事实不成立，或者违法事实成立但依法不应当予以没收的，解除先行登记保存。
逾期未作出处理决定的，应当及时解除先行登记保存。
第三十条
下列证据不能作为行政处罚的定案依据：
（一）以非法手段取得的证据；
（二）被进行技术处理而无法辨明真伪的证据材料；
（三）不能正确表达意思的证人提供的证言；
（四）不具备真实性、合法性的其他证据材料；
（五）法律、行政法规规定不能作为定案依据的其他证据材料。
第四节  查封扣押
第三十一条
为制止违法行为、防止证据损毁、避免危害发生、控制危险扩大等，科技部可以依法采取查封场所、设施、财物或者扣押财物等行政强制措施。
查封、扣押限于涉案的场所、设施或者财物，不得查封、扣押与违法行为无关的场所、设施或者财物；不得查封、扣押公民个人及其扶养家属的生活必需品；不得对已被其他机关依法查封的场所、设施或者财物重复查封。
第三十二条
执法职能部门认为需要依法实施查封、扣押的，应当报科技部负责人批准后实施。
查封、扣押应当严格按照《中华人民共和国行政强制法》第十八条的规定，由两名以上执法人员实施，制作并当场交付查封、扣押决定书和清单。
第三十三条
查封、扣押的期限不得超过三十日。情况复杂的，经科技部负责人批准后可以延长，但是延长期限不得超过三十日，法律、行政法规另有规定的除外。延长查封、扣押决定应当及时书面告知当事人，并说明理由。
对查封、扣押的物品进行检测、检验、检疫或者鉴定的期间，不计算在查封、扣押期间内。
第三十四条
采取查封、扣押措施后，应当及时查清事实，在规定期限内作出处理决定。
对违法事实清楚，依法应当没收的非法财物予以没收；法律、行政法规规定应当销毁的，依法销毁；应当解除查封、扣押的，及时作出解除查封、扣押决定。
第三十五条
有下列情形之一的，应当及时作出解除查封、扣押决定，并立即退还财物：
（一）当事人没有违法行为的；
（二）被查封、扣押的财物与违法行为无关的；
（三）对违法行为已作出处理，不再需要查封、扣押的；
（四）查封、扣押期限已经届满的；
（五）不再需要采取查封、扣押措施的其他情形。
第五节  处罚意见事先告知
第三十六条
案件调查结束后，执法职能部门应当制作调查报告。调查报告应当载明以下内容：
（一）当事人的基本情况；
（二）调查经过及采取强制措施的情况；
（三）调查认定的事实及主要证据；
（四）受调查行为的性质及后果；
（五）其他需要说明的事项。
第三十七条
确有应受行政处罚的违法行为的，执法职能部门应当根据情节轻重及具体情况，提出给予相应行政处罚的意见，报科技部负责人批准后，制作《行政处罚意见告知书》并送达当事人。
违法事实不成立，或者违法行为轻微，依法可以不予行政处罚的，执法职能部门应当提出不予行政处罚的意见，报科技部负责人批准后，制作《不予行政处罚意见告知书》并送达当事人。
违法行为涉嫌犯罪的，执法职能部门应当报科技部负责人批准后，移送司法机关。
案件情节复杂或者对重大违法行为给予行政处罚的，执法职能部门可以在报科技部负责人批准前，征求科技部法制机构意见。
第三十八条
《行政处罚意见告知书》应当载明拟作出的行政处罚内容及事实、理由、依据，告知当事人依法享有陈述、申辩的权利。拟作出的行政处罚属于听证范围的，还应当告知当事人有要求听证的权利。
《不予行政处罚意见告知书》应当载明拟作出的不予行政处罚决定的事实、理由、依据，告知当事人依法享有陈述、申辩的权利。
第六节  陈述申辩
第三十九条
案件当事人行使陈述、申辩权的，应当自《行政处罚意见告知书》或者《不予行政处罚意见告知书》送达之日起五个工作日内向执法职能部门书面提出，逾期未提出的，视为放弃上述权利。
第四十条
执法职能部门应当充分听取当事人的陈述、申辩，当事人的主张成立的，应当采纳。听取陈述申辩后，执法职能部门应当依照《中华人民共和国行政处罚法》第五十七条规定提出处理意见。不得因当事人的陈述、申辩而给予更重的处罚。
第七节  听证
第四十一条
科技部拟作出的行政处罚决定属于下列情形之一的，应当告知当事人有要求听证的权利。当事人要求听证的，应当组织听证：
（一）对公民处以一万元以上罚款的；
（二）对法人或者其他组织处以一百万元以上罚款的；
（三）对公民处以没收违法所得和非法财物价值总额达到一万元以上的；
（四）对法人或者其他组织处以没收违法所得和非法财物价值总额达到一百万元以上的；
（五）降低资质等级、吊销许可证件的；
（六）责令停产停业、责令关闭、限制从业的；
（七）法律、行政法规规定应当听证的其他情形。
科技部制定的其他规章对前款第一至第四项所列数额标准另有规定的，从其规定。
第四十二条
案件当事人要求听证的，应当自《行政处罚意见告知书》送达之日起五个工作日内向科技部法制机构书面提出并提交有关材料，逾期未提出的，视为放弃上述权利。
科技部法制机构收到听证申请后，应当制作《科技部行政处罚听证通知书》，载明听证的日期、地点等，并在举行听证七个工作日前送达当事人及有关人员。
第四十三条
案件当事人可以亲自参加听证，也可以委托一至二人代理。委托他人代理参加听证的，应当提交书面委托书，载明委托事项及权限，并由委托人签字或者盖章。
案件当事人及其代理人无正当理由不出席听证或者未经许可中途退出听证的，视为放弃听证权利，听证依法终止。案件当事人中途主动要求终止听证的，应当准许。
第四十四条
听证由科技部法制机构负责人或者其指定的人员主持，可以设一至二名听证员和一至二名记录员协助主持人进行听证。执法职能部门应当委派参与案件调查处理的两名以上执法人员参加听证。
参与案件调查处理的执法人员不得担任听证主持人、听证员和记录员。除涉及国家秘密、商业秘密或者个人隐私外，听证应当公开举行，允许公众旁听。
第四十五条
听证实行回避制度。听证员、记录员的回避，由听证主持人决定；听证主持人的回避，由科技部法制机构主要负责人决定；听证主持人是科技部法制机构主要负责人的，其回避由科技部负责人决定。
第四十六条
听证应按照下列程序进行：
（一）听证主持人宣布听证开始；
（二）听证主持人或者听证员宣读听证纪律；
（三）执法人员就当事人的违法事实向听证主持人提出有关证据、依据和处理意见；
（四）案件当事人或者代理人出示证据，进行申辩和质证；
（五）听证双方就本案相关事实和认定进行辩论；
（六）听证双方作最后陈述；
（七）听证主持人或者听证员制作《科技部行政处罚听证笔录》，由听证双方核对无误后签字或者盖章，拒绝签字或者盖章的，听证主持人应当在笔录中注明。
听证结束后，执法职能部门应当根据听证笔录，依照《中华人民共和国行政处罚法》第五十七条规定提出处理意见。听证笔录应当及时归入行政处罚案卷。
第八节  法制审核
第四十七条
有下列情形之一的，在作出行政处罚决定前，应当进行法制审核：
（一）涉及重大公共利益的；
（二）直接关系当事人或者第三人重大权益，经过听证程序的；
（三）案件情况疑难复杂、涉及多个法律关系的；
（四）法律、行政法规规定应当法制审核的其他情形。
第四十八条
属于本办法第四十七条规定情形的，执法职能部门应当将拟作出的行政处罚决定、调查报告、案件材料等送科技部法制机构进行法制审核。当事人对行政处罚意见告知提出陈述、申辩意见或者经过听证程序的，执法职能部门应当同时送交对当事人意见和证据复核采纳情况的书面说明。
科技部法制机构根据《中华人民共和国行政处罚法》《科技部法制审核工作暂行办法》等规定，对拟作出的行政处罚决定进行法制审核，并出具法制审核意见。
对应当开展法制审核而未经法制审核或者法制审核未通过的，不得作出行政处罚决定。
第九节  行政处罚决定和送达
第四十九条
拟作出的行政处罚决定经法制审核且审核通过的，由执法职能部门提交科技部党组会、部务会或者其他专题会议，经科技部负责人集体讨论后，形成行政处罚决定。
拟作出的行政处罚决定不属于本办法第四十七条规定情形的，不需要进行法制审核，由执法职能部门报科技部负责人批准后，形成行政处罚决定。
第五十条
经科技部负责人批准或者集体讨论决定后，执法职能部门应当在七个工作日内制作《行政处罚决定书》或者《不予行政处罚决定书》，依照《中华人民共和国民事诉讼法》的规定送达当事人。
《行政处罚决定书》应当载明下列事项：
（一）当事人的姓名或者名称、地址；
（二）违反法律、行政法规、规章的事实和证据；
（三）行政处罚的种类和依据；
（四）行政处罚的履行方式和期限；
（五）申请行政复议、提起行政诉讼的途径和期限；
（六）作出决定的行政机关名称和决定日期；
（七）法律、行政法规规定应当载明的其他事项。
《不予行政处罚决定书》应当载明下列事项：
（一）当事人的姓名或者名称、地址；
（二）认定的事实、不予行政处罚的理由和依据；
（三）申请行政复议、提起行政诉讼的途径和期限；
（四）作出决定的行政机关名称和决定日期；
（五）法律、行政法规规定应当载明的其他事项。
第五十一条
行政处罚决定应当自立案之日起九十日内作出。案情复杂，不能在规定期限内作出行政处罚决定的，经科技部负责人批准，可以延长六十日。案情特别复杂，经延期仍不能作出行政处罚决定的，由科技部负责人集体讨论决定是否继续延期。决定延期的，应当同时确定延长的合理期限，但最长不得超过六十日。
案件办理过程中涉及的听证、公告、检测、检验、检疫、鉴定、审计、中止等时间不计入前款案件办理期限。
科技部制定的其他规章对案件办理期限另有规定的，从其规定。
第四章  行政处罚决定的执行
第五十二条
行政处罚决定作出后，当事人应当在《行政处罚决定书》载明的期限内履行。
第五十三条
当事人确有经济困难，向科技部提出延期或者分期缴纳罚款的，应当在《行政处罚决定书》载明的履行期限内以书面方式提出申请。
执法职能部门收到当事人延期、分期缴纳罚款的申请后，应当在十个工作日内作出是否准许决定。
第五十四条
当事人不履行行政处罚决定，且在法定期限内未申请行政复议、提起行政诉讼的，执法职能部门应当自期限届满之日起十个工作日内制发《履行行政处罚决定催告书》，书面催告当事人履行义务，并告知履行的期限和方式、依法享有的陈述权和申辩权。涉及金钱给付义务的，应当载明金额和给付方式。
第五十五条
当事人收到《履行行政处罚决定催告书》后有权进行陈述、申辩。执法职能部门应当对当事人提出的陈述、申辩进行复核。当事人提出的事实、理由和证据成立的，应当予以采纳。
第五十六条
经催告，当事人逾期仍不履行罚款的行政处罚决定且无正当理由的，执法职能部门可以提出每日按罚款数额的百分之三，总数额不超过罚款数额的加处罚款的行政强制执行建议，报科技部负责人批准后，作出行政强制执行决定，送达当事人。
科技部实施加处罚款超过三十日，经催告当事人仍不履行的，如已经依法采取查封、扣押措施，执法职能部门可以提出将已查封、扣押的财物依法拍卖抵缴罚款的行政强制执行建议，报科技部负责人批准后，作出行政强制执行决定，送达当事人。如未采取查封、扣押措施，应当向被执行人住所地或者被执行财产所在地的人民法院申请强制执行。
第五十七条
科技部实施行政处罚，应当严格实行罚缴分离制度。罚款和违法所得应当由当事人按照《中华人民共和国行政处罚法》第六十七条的规定上缴国库。
第五十八条
《履行行政处罚决定催告书》送达十个工作日后，当事人仍未履行非罚款的行政处罚决定的，执法职能部门报科技部负责人批准后，依照《中华人民共和国行政强制法》第五十三条的规定向人民法院申请强制执行。
第五十九条
《履行行政处罚决定催告书》、行政强制执行决定书应当直接送达当事人。当事人拒绝接收或者无法直接送达当事人的，应当依照《中华人民共和国民事诉讼法》的有关规定进行送达。
第六十条
对依法没收的非法物品，经科技部负责人批准，按照物品的不同性质分别作出下列处理：
（一）按照国家有关规定公开拍卖，拍卖所得全部款项上缴国库；
（二）没有价值或者价值轻微等无法拍卖的物品，统一登记造册后销毁；
（三）违禁品、危险物品、特殊性质物品等禁止或者不宜流入市场的物品，按照有关规定统一登记造册后销毁或者交有关机构进行处理。
第五章  法律责任
第六十一条
执法职能部门及其执法人员有下列情形之一的，依法追究行政责任：
（一）干扰、阻挠、拒绝行政执法监督的；
（二）被举报、投诉经依法审查被确认违法的；
（三）行政不作为造成严重不良影响的；
（四）隐瞒案件事实、出具伪证、隐匿毁灭证据或者以权谋私的；
（五）法律、行政法规、规章规定应当追究行政责任的其他情形。
第六十二条
执法职能部门及其执法人员违反本办法规定，科技部视具体情况作出以下处理：
（一）责令立即纠正或者限期改正；
（二）责令履行法定职责；
（三）撤销违法行政行为；
（四）注销行政执法证；
（五）对有关责任人员给予政务处分。
第六十三条
违法实施行政处罚对当事人合法权益造成侵害的，科技部依法予以赔偿。
第六十四条
实施行政处罚过程中，存在滥用职权、徇私舞弊、玩忽职守、贪污受贿等行为的，对负有责任的领导人员和直接责任人员依法依纪追究责任；构成犯罪的，依法追究刑事责任。
第六章  附则
第六十五条
本办法涉及期限的规定，注明为工作日的，不包含法定节假日；未注明为工作日的，为自然日。
本办法所称“以上”“不得超过”“不超过”“内”均包括本数或者本级。
第六十六条
本办法由科技部负责解释。
第六十七条
本办法自2023年4月20日起施行。
[放大字体]
[缩小字体]
[打印]
[关闭窗口]
[返回顶部]
相关文档",科技部,全国,科技部-科技政策,科技人才,https://www.most.gov.cn/xxgk/xinxifenlei/fdzdgknr/fgzc/bmgz/202303/t20230314_185108.html,,9622,,2026-04-25 16:18:57,ok
中华人民共和国科学技术进步法(2021年修订),2021-12-02,"标 题：
中华人民共和国科学技术进步法(2021年修订)
索 引 号：
306-03-2021-11
发文机构：
全国人民代表大会常务委员会
成文日期：
2021年12月24日
发布日期：
2021年12月24日
发文字号：
中华人民共和国主席令第一〇三号
有 效 性：
有效
中华人民共和国科学技术进步法(2021年修订)
中华人民共和国主席令  第一〇三号
《中华人民共和国科学技术进步法》已由中华人民共和国第十三届全国人民代表大会常务委员会第三十二次会议于2021年12月24日修订通过，现予公布，自2022年1月1日起施行。
中华人民共和国主席 习近平
2021年12月24日
中华人民共和国科学技术进步法
（1993年7月2日第八届全国人民代表大会常务委员会第二次会议通过 2007年12月29日第十届全国人民代表大会常务委员会第三十一次会议第一次修订 2021年12月24日第十三届全国人民代表大会常务委员会第三十二次会议第二次修订）
第一章 总 则
第二章 基础研究
第三章 应用研究与成果转化
第四章 企业科技创新
第五章 科学技术研究开发机构
第六章 科学技术人员
第七章 区域科技创新
第八章 国际科学技术合作
第九章 保障措施
第十章 监督管理
第十一章 法律责任
第十二章 附 则
第一章 总 则
第一条 为了全面促进科学技术进步，发挥科学技术第一生产力、创新第一动力、人才第一资源的作用，促进科技成果向现实生产力转化，推动科技创新支撑和引领经济社会发展，全面建设社会主义现代化国家，根据宪法，制定本法。
第二条 坚持中国共产党对科学技术事业的全面领导。
国家坚持新发展理念，坚持科技创新在国家现代化建设全局中的核心地位，把科技自立自强作为国家发展的战略支撑，实施科教兴国战略、人才强国战略和创新驱动发展战略，走中国特色自主创新道路，建设科技强国。
第三条 科学技术进步工作应当面向世界科技前沿、面向经济主战场、面向国家重大需求、面向人民生命健康，为促进经济社会发展、维护国家安全和推动人类可持续发展服务。
国家鼓励科学技术研究开发，推动应用科学技术改造提升传统产业、发展高新技术产业和社会事业，支撑实现碳达峰碳中和目标，催生新发展动能，实现高质量发展。
第四条 国家完善高效、协同、开放的国家创新体系，统筹科技创新与制度创新，健全社会主义市场经济条件下新型举国体制，充分发挥市场配置创新资源的决定性作用，更好发挥政府作用，优化科技资源配置，提高资源利用效率，促进各类创新主体紧密合作、创新要素有序流动、创新生态持续优化，提升体系化能力和重点突破能力，增强创新体系整体效能。
国家构建和强化以国家实验室、国家科学技术研究开发机构、高水平研究型大学、科技领军企业为重要组成部分的国家战略科技力量，在关键领域和重点方向上发挥战略支撑引领作用和重大原始创新效能，服务国家重大战略需要。
第五条 国家统筹发展和安全，提高科技安全治理能力，健全预防和化解科技安全风险的制度机制，加强科学技术研究、开发与应用活动的安全管理，支持国家安全领域科技创新，增强科技创新支撑国家安全的能力和水平。
第六条 国家鼓励科学技术研究开发与高等教育、产业发展相结合，鼓励学科交叉融合和相互促进。
国家加强跨地区、跨行业和跨领域的科学技术合作，扶持革命老区、民族地区、边远地区、欠发达地区的科学技术进步。
国家加强军用与民用科学技术协调发展，促进军用与民用科学技术资源、技术开发需求的互通交流和技术双向转移，发展军民两用技术。
第七条 国家遵循科学技术活动服务国家目标与鼓励自由探索相结合的原则，超前部署重大基础研究、有重大产业应用前景的前沿技术研究和社会公益性技术研究，支持基础研究、前沿技术研究和社会公益性技术研究持续、稳定发展，加强原始创新和关键核心技术攻关，加快实现高水平科技自立自强。
第八条 国家保障开展科学技术研究开发的自由，鼓励科学探索和技术创新，保护科学技术人员自由探索等合法权益。
科学技术研究开发机构、高等学校、企业事业单位和公民有权自主选择课题，探索未知科学领域，从事基础研究、前沿技术研究和社会公益性技术研究。
第九条 学校及其他教育机构应当坚持理论联系实际，注重培养受教育者的独立思考能力、实践能力、创新能力和批判性思维，以及追求真理、崇尚创新、实事求是的科学精神。
国家发挥高等学校在科学技术研究中的重要作用，鼓励高等学校开展科学研究、技术开发和社会服务，培养具有社会责任感、创新精神和实践能力的高级专门人才。
第十条 科学技术人员是社会主义现代化建设事业的重要人才力量，应当受到全社会的尊重。
国家坚持人才引领发展的战略地位，深化人才发展体制机制改革，全方位培养、引进、用好人才，营造符合科技创新规律和人才成长规律的环境，充分发挥人才第一资源作用。
第十一条 国家营造有利于科技创新的社会环境，鼓励机关、群团组织、企业事业单位、社会组织和公民参与和支持科学技术进步活动。
全社会都应当尊重劳动、尊重知识、尊重人才、尊重创造，形成崇尚科学的风尚。
第十二条 国家发展科学技术普及事业，普及科学技术知识，加强科学技术普及基础设施和能力建设，提高全体公民特别是青少年的科学文化素质。
科学技术普及是全社会的共同责任。国家建立健全科学技术普及激励机制，鼓励科学技术研究开发机构、高等学校、企业事业单位、社会组织、科学技术人员等积极参与和支持科学技术普及活动。
第十三条 国家制定和实施知识产权战略，建立和完善知识产权制度，营造尊重知识产权的社会环境，保护知识产权，激励自主创新。
企业事业单位、社会组织和科学技术人员应当增强知识产权意识，增强自主创新能力，提高创造、运用、保护、管理和服务知识产权的能力，提高知识产权质量。
第十四条 国家建立和完善有利于创新的科学技术评价制度。
科学技术评价应当坚持公开、公平、公正的原则，以科技创新质量、贡献、绩效为导向，根据不同科学技术活动的特点，实行分类评价。
第十五条 国务院领导全国科学技术进步工作，制定中长期科学和技术发展规划、科技创新规划，确定国家科学技术重大项目、与科学技术密切相关的重大项目。中长期科学和技术发展规划、科技创新规划应当明确指导方针，发挥战略导向作用，引导和统筹科技发展布局、资源配置和政策制定。
县级以上人民政府应当将科学技术进步工作纳入国民经济和社会发展规划，保障科学技术进步与经济建设和社会发展相协调。
地方各级人民政府应当采取有效措施，加强对科学技术进步工作的组织和管理，优化科学技术发展环境，推进科学技术进步。
第十六条 国务院科学技术行政部门负责全国科学技术进步工作的宏观管理、统筹协调、服务保障和监督实施；国务院其他有关部门在各自的职责范围内，负责有关的科学技术进步工作。
县级以上地方人民政府科学技术行政部门负责本行政区域的科学技术进步工作；县级以上地方人民政府其他有关部门在各自的职责范围内，负责有关的科学技术进步工作。
第十七条 国家建立科学技术进步工作协调机制，研究科学技术进步工作中的重大问题，协调国家科学技术计划项目的设立及相互衔接，协调科学技术资源配置、科学技术研究开发机构的整合以及科学技术研究开发与高等教育、产业发展相结合等重大事项。
第十八条 每年5月30日为全国科技工作者日。
国家建立和完善科学技术奖励制度，设立国家最高科学技术奖等奖项，对在科学技术进步活动中做出重要贡献的组织和个人给予奖励。具体办法由国务院规定。
国家鼓励国内外的组织或者个人设立科学技术奖项，对科学技术进步活动中做出贡献的组织和个人给予奖励。
第二章 基础研究
第十九条 国家加强基础研究能力建设，尊重科学发展规律和人才成长规律，强化项目、人才、基地系统布局，为基础研究发展提供良好的物质条件和有力的制度保障。
国家加强规划和部署，推动基础研究自由探索和目标导向有机结合，围绕科学技术前沿、经济社会发展、国家安全重大需求和人民生命健康，聚焦重大关键技术问题，加强新兴和战略产业等领域基础研究，提升科学技术的源头供给能力。
国家鼓励科学技术研究开发机构、高等学校、企业等发挥自身优势，加强基础研究，推动原始创新。
第二十条 国家财政建立稳定支持基础研究的投入机制。
国家鼓励有条件的地方人民政府结合本地区经济社会发展需要，合理确定基础研究财政投入，加强对基础研究的支持。
国家引导企业加大基础研究投入，鼓励社会力量通过捐赠、设立基金等方式多渠道投入基础研究，给予财政、金融、税收等政策支持。
逐步提高基础研究经费在全社会科学技术研究开发经费总额中的比例，与创新型国家和科技强国建设要求相适应。
第二十一条 国家设立自然科学基金，资助基础研究，支持人才培养和团队建设。确定国家自然科学基金资助项目，应当坚持宏观引导、自主申请、平等竞争、同行评审、择优支持的原则。
有条件的地方人民政府结合本地区经济社会实际情况和发展需要，可以设立自然科学基金，支持基础研究。
第二十二条 国家完善学科布局和知识体系建设，推进学科交叉融合，促进基础研究与应用研究协调发展。
第二十三条 国家加大基础研究人才培养力度，强化对基础研究人才的稳定支持，提高基础研究人才队伍质量和水平。
国家建立满足基础研究需要的资源配置机制，建立与基础研究相适应的评价体系和激励机制，营造潜心基础研究的良好环境，鼓励和吸引优秀科学技术人员投身基础研究。
第二十四条 国家强化基础研究基地建设。
国家完善基础研究的基础条件建设，推进开放共享。
第二十五条 国家支持高等学校加强基础学科建设和基础研究人才培养，增强基础研究自主布局能力，推动高等学校基础研究高质量发展。
第三章 应用研究与成果转化
第二十六条 国家鼓励以应用研究带动基础研究，促进基础研究与应用研究、成果转化融通发展。
国家完善共性基础技术供给体系，促进创新链产业链深度融合，保障产业链供应链安全。
第二十七条 国家建立和完善科研攻关协调机制，围绕经济社会发展、国家安全重大需求和人民生命健康，加强重点领域项目、人才、基地、资金一体化配置，推动产学研紧密合作，推动关键核心技术自主可控。
第二十八条 国家完善关键核心技术攻关举国体制，组织实施体现国家战略需求的科学技术重大任务，系统布局具有前瞻性、战略性的科学技术重大项目，超前部署关键核心技术研发。
第二十九条 国家加强面向产业发展需求的共性技术平台和科学技术研究开发机构建设，鼓励地方围绕发展需求建设应用研究科学技术研究开发机构。
国家鼓励科学技术研究开发机构、高等学校加强共性基础技术研究，鼓励以企业为主导，开展面向市场和产业化应用的研究开发活动。
第三十条 国家加强科技成果中试、工程化和产业化开发及应用，加快科技成果转化为现实生产力。
利用财政性资金设立的科学技术研究开发机构和高等学校，应当积极促进科技成果转化，加强技术转移机构和人才队伍建设，建立和完善促进科技成果转化制度。
第三十一条 国家鼓励企业、科学技术研究开发机构、高等学校和其他组织建立优势互补、分工明确、成果共享、风险共担的合作机制，按照市场机制联合组建研究开发平台、技术创新联盟、创新联合体等，协同推进研究开发与科技成果转化，提高科技成果转移转化成效。
第三十二条 利用财政性资金设立的科学技术计划项目所形成的科技成果，在不损害国家安全、国家利益和重大社会公共利益的前提下，授权项目承担者依法取得相关知识产权，项目承担者可以依法自行投资实施转化、向他人转让、联合他人共同实施转化、许可他人使用或者作价投资等。
项目承担者应当依法实施前款规定的知识产权，同时采取保护措施，并就实施和保护情况向项目管理机构提交年度报告；在合理期限内没有实施且无正当理由的，国家可以无偿实施，也可以许可他人有偿实施或者无偿实施。
项目承担者依法取得的本条第一款规定的知识产权，为了国家安全、国家利益和重大社会公共利益的需要，国家可以无偿实施，也可以许可他人有偿实施或者无偿实施。
项目承担者因实施本条第一款规定的知识产权所产生的利益分配，依照有关法律法规规定执行；法律法规没有规定的，按照约定执行。
第三十三条 国家实行以增加知识价值为导向的分配政策，按照国家有关规定推进知识产权归属和权益分配机制改革，探索赋予科学技术人员职务科技成果所有权或者长期使用权制度。
第三十四条 国家鼓励利用财政性资金设立的科学技术计划项目所形成的知识产权首先在境内使用。
前款规定的知识产权向境外的组织或者个人转让，或者许可境外的组织或者个人独占实施的，应当经项目管理机构批准；法律、行政法规对批准机构另有规定的，依照其规定。
第三十五条 国家鼓励新技术应用，按照包容审慎原则，推动开展新技术、新产品、新服务、新模式应用试验，为新技术、新产品应用创造条件。
第三十六条 国家鼓励和支持农业科学技术的应用研究，传播和普及农业科学技术知识，加快农业科技成果转化和产业化，促进农业科学技术进步，利用农业科学技术引领乡村振兴和农业农村现代化。
县级以上人民政府应当采取措施，支持公益性农业科学技术研究开发机构和农业技术推广机构进行农业新品种、新技术的研究开发、应用和推广。
地方各级人民政府应当鼓励和引导农业科学技术服务机构、科技特派员和农村群众性科学技术组织为种植业、林业、畜牧业、渔业等的发展提供科学技术服务，为农民提供科学技术培训和指导。
第三十七条 国家推动科学技术研究开发与产品、服务标准制定相结合，科学技术研究开发与产品设计、制造相结合；引导科学技术研究开发机构、高等学校、企业和社会组织共同推进国家重大技术创新产品、服务标准的研究、制定和依法采用，参与国际标准制定。
第三十八条 国家培育和发展统一开放、互联互通、竞争有序的技术市场，鼓励创办从事技术评估、技术经纪和创新创业服务等活动的中介服务机构，引导建立社会化、专业化、网络化、信息化和智能化的技术交易服务体系和创新创业服务体系，推动科技成果的应用和推广。
技术交易活动应当遵循自愿平等、互利有偿和诚实信用的原则。
第四章 企业科技创新
第三十九条 国家建立以企业为主体，以市场为导向，企业同科学技术研究开发机构、高等学校紧密合作的技术创新体系，引导和扶持企业技术创新活动，支持企业牵头国家科技攻关任务，发挥企业在技术创新中的主体作用，推动企业成为技术创新决策、科研投入、组织科研和成果转化的主体，促进各类创新要素向企业集聚，提高企业技术创新能力。
国家培育具有影响力和竞争力的科技领军企业，充分发挥科技领军企业的创新带动作用。
第四十条 国家鼓励企业开展下列活动：
（一）设立内部科学技术研究开发机构；
（二）同其他企业或者科学技术研究开发机构、高等学校开展合作研究，联合建立科学技术研究开发机构和平台，设立科技企业孵化机构和创新创业平台，或者以委托等方式开展科学技术研究开发；
（三）培养、吸引和使用科学技术人员；
（四）同科学技术研究开发机构、高等学校、职业院校或者培训机构联合培养专业技术人才和高技能人才，吸引高等学校毕业生到企业工作；
（五）设立博士后工作站或者流动站；
（六）结合技术创新和职工技能培训，开展科学技术普及活动，设立向公众开放的普及科学技术的场馆或者设施。
第四十一条 国家鼓励企业加强原始创新，开展技术合作与交流，增加研究开发和技术创新的投入，自主确立研究开发课题，开展技术创新活动。
国家鼓励企业对引进技术进行消化、吸收和再创新。
企业开发新技术、新产品、新工艺发生的研究开发费用可以按照国家有关规定，税前列支并加计扣除，企业科学技术研究开发仪器、设备可以加速折旧。
第四十二条 国家完善多层次资本市场，建立健全促进科技创新的机制，支持符合条件的科技型企业利用资本市场推动自身发展。
国家加强引导和政策扶持，多渠道拓宽创业投资资金来源，对企业的创业发展给予支持。
国家完善科技型企业上市融资制度，畅通科技型企业国内上市融资渠道，发挥资本市场服务科技创新的融资功能。
第四十三条 下列企业按照国家有关规定享受税收优惠：
（一）从事高新技术产品研究开发、生产的企业；
（二）科技型中小企业；
（三）投资初创科技型企业的创业投资企业；
（四）法律、行政法规规定的与科学技术进步有关的其他企业。
第四十四条 国家对公共研究开发平台和科学技术中介、创新创业服务机构的建设和运营给予支持。
公共研究开发平台和科学技术中介、创新创业服务机构应当为中小企业的技术创新提供服务。
第四十五条 国家保护企业研究开发所取得的知识产权。企业应当不断提高知识产权质量和效益，增强自主创新能力和市场竞争能力。
第四十六条 国有企业应当建立健全有利于技术创新的研究开发投入制度、分配制度和考核评价制度，完善激励约束机制。
国有企业负责人对企业的技术进步负责。对国有企业负责人的业绩考核，应当将企业的创新投入、创新能力建设、创新成效等情况纳入考核范围。
第四十七条 县级以上地方人民政府及其有关部门应当创造公平竞争的市场环境，推动企业技术进步。
国务院有关部门和省级人民政府应当通过制定产业、财政、金融、能源、环境保护和应对气候变化等政策，引导、促使企业研究开发新技术、新产品、新工艺，进行技术改造和设备更新，淘汰技术落后的设备、工艺，停止生产技术落后的产品。
第五章 科学技术研究开发机构
第四十八条 国家统筹规划科学技术研究开发机构布局，建立和完善科学技术研究开发体系。
国家在事关国家安全和经济社会发展全局的重大科技创新领域建设国家实验室，建立健全以国家实验室为引领、全国重点实验室为支撑的实验室体系，完善稳定支持机制。
利用财政性资金设立的科学技术研究开发机构，应当坚持以国家战略需求为导向，提供公共科技供给和应急科技支撑。
第四十九条 自然人、法人和非法人组织有权依法设立科学技术研究开发机构。境外的组织或者个人可以在中国境内依法独立设立科学技术研究开发机构，也可以与中国境内的组织或者个人联合设立科学技术研究开发机构。
从事基础研究、前沿技术研究、社会公益性技术研究的科学技术研究开发机构，可以利用财政性资金设立。利用财政性资金设立科学技术研究开发机构，应当优化配置，防止重复设置。
科学技术研究开发机构、高等学校可以设立博士后流动站或者工作站。科学技术研究开发机构可以依法在国外设立分支机构。
第五十条 科学技术研究开发机构享有下列权利：
（一）依法组织或者参加学术活动；
（二）按照国家有关规定，自主确定科学技术研究开发方向和项目，自主决定经费使用、机构设置、绩效考核及薪酬分配、职称评审、科技成果转化及收益分配、岗位设置、人员聘用及合理流动等内部管理事务；
（三）与其他科学技术研究开发机构、高等学校和企业联合开展科学技术研究开发、技术咨询、技术服务等活动；
（四）获得社会捐赠和资助；
（五）法律、行政法规规定的其他权利。
第五十一条 科学技术研究开发机构应当依法制定章程，按照章程规定的职能定位和业务范围开展科学技术研究开发活动；加强科研作风学风建设，建立和完善科研诚信、科技伦理管理制度，遵守科学研究活动管理规范；不得组织、参加、支持迷信活动。
利用财政性资金设立的科学技术研究开发机构开展科学技术研究开发活动，应当为国家目标和社会公共利益服务；有条件的，应当向公众开放普及科学技术的场馆或者设施，组织开展科学技术普及活动。
第五十二条 利用财政性资金设立的科学技术研究开发机构，应当建立职责明确、评价科学、开放有序、管理规范的现代院所制度，实行院长或者所长负责制，建立科学技术委员会咨询制和职工代表大会监督制等制度，并吸收外部专家参与管理、接受社会监督；院长或者所长的聘用引入竞争机制。
第五十三条 国家完善利用财政性资金设立的科学技术研究开发机构的评估制度，评估结果作为机构设立、支持、调整、终止的依据。
第五十四条 利用财政性资金设立的科学技术研究开发机构，应当建立健全科学技术资源开放共享机制，促进科学技术资源的有效利用。
国家鼓励社会力量设立的科学技术研究开发机构，在合理范围内实行科学技术资源开放共享。
第五十五条 国家鼓励企业和其他社会力量自行创办科学技术研究开发机构，保障其合法权益。
社会力量设立的科学技术研究开发机构有权按照国家有关规定，平等竞争和参与实施利用财政性资金设立的科学技术计划项目。
国家完善对社会力量设立的非营利性科学技术研究开发机构税收优惠制度。
第五十六条 国家支持发展新型研究开发机构等新型创新主体，完善投入主体多元化、管理制度现代化、运行机制市场化、用人机制灵活化的发展模式，引导新型创新主体聚焦科学研究、技术创新和研发服务。
第六章 科学技术人员
第五十七条 国家营造尊重人才、爱护人才的社会环境，公正平等、竞争择优的制度环境，待遇适当、保障有力的生活环境，为科学技术人员潜心科研创造良好条件。
国家采取多种措施，提高科学技术人员的社会地位，培养和造就专门的科学技术人才，保障科学技术人员投入科技创新和研究开发活动，充分发挥科学技术人员的作用。禁止以任何方式和手段不公正对待科学技术人员及其科技成果。
第五十八条 国家加快战略人才力量建设，优化科学技术人才队伍结构，完善战略科学家、科技领军人才等创新人才和团队的培养、发现、引进、使用、评价机制，实施人才梯队、科研条件、管理机制等配套政策。
第五十九条 国家完善创新人才教育培养机制，在基础教育中加强科学兴趣培养，在职业教育中加强技术技能人才培养，强化高等教育资源配置与科学技术领域创新人才培养的结合，加强完善战略性科学技术人才储备。
第六十条 各级人民政府、企业事业单位和社会组织应当采取措施，完善体现知识、技术等创新要素价值的收益分配机制，优化收入结构，建立工资稳定增长机制，提高科学技术人员的工资水平；对有突出贡献的科学技术人员给予优厚待遇和荣誉激励。
利用财政性资金设立的科学技术研究开发机构和高等学校的科学技术人员，在履行岗位职责、完成本职工作、不发生利益冲突的前提下，经所在单位同意，可以从事兼职工作获得合法收入。技术开发、技术咨询、技术服务等活动的奖酬金提取，按照科技成果转化有关规定执行。
国家鼓励科学技术研究开发机构、高等学校、企业等采取股权、期权、分红等方式激励科学技术人员。
第六十一条 各级人民政府和企业事业单位应当保障科学技术人员接受继续教育的权利，并为科学技术人员的合理、畅通、有序流动创造环境和条件，发挥其专长。
第六十二条 科学技术人员可以根据其学术水平和业务能力选择工作单位、竞聘相应的岗位，取得相应的职务或者职称。
科学技术人员应当信守工作承诺，履行岗位责任，完成职务或者职称相应工作。
第六十三条 国家实行科学技术人员分类评价制度，对从事不同科学技术活动的人员实行不同的评价标准和方式，突出创新价值、能力、贡献导向，合理确定薪酬待遇、配置学术资源、设置评价周期，形成有利于科学技术人员潜心研究和创新的人才评价体系，激发科学技术人员创新活力。
第六十四条 科学技术行政等有关部门和企业事业单位应当完善科学技术人员管理制度，增强服务意识和保障能力，简化管理流程，避免重复性检查和评估，减轻科学技术人员项目申报、材料报送、经费报销等方面的负担，保障科学技术人员科研时间。
第六十五条 科学技术人员在艰苦、边远地区或者恶劣、危险环境中工作，所在单位应当按照国家有关规定给予补贴，提供其岗位或者工作场所应有的职业健康卫生保护和安全保障，为其接受继续教育、业务培训等提供便利条件。
第六十六条 青年科学技术人员、少数民族科学技术人员、女性科学技术人员等在竞聘专业技术职务、参与科学技术评价、承担科学技术研究开发项目、接受继续教育等方面享有平等权利。鼓励老年科学技术人员在科学技术进步中发挥积极作用。
各级人民政府和企业事业单位应当为青年科学技术人员成长创造环境和条件，鼓励青年科学技术人员在科技领域勇于探索、敢于尝试，充分发挥青年科学技术人员的作用。发现、培养和使用青年科学技术人员的情况，应当作为评价科学技术进步工作的重要内容。
各级人民政府和企业事业单位应当完善女性科学技术人员培养、评价和激励机制，关心孕哺期女性科学技术人员，鼓励和支持女性科学技术人员在科学技术进步中发挥更大作用。
第六十七条 科学技术人员应当大力弘扬爱国、创新、求实、奉献、协同、育人的科学家精神，坚守工匠精神，在各类科学技术活动中遵守学术和伦理规范，恪守职业道德，诚实守信；不得在科学技术活动中弄虚作假，不得参加、支持迷信活动。
第六十八条 国家鼓励科学技术人员自由探索、勇于承担风险，营造鼓励创新、宽容失败的良好氛围。原始记录等能够证明承担探索性强、风险高的科学技术研究开发项目的科学技术人员已经履行了勤勉尽责义务仍不能完成该项目的，予以免责。
第六十九条 科研诚信记录作为对科学技术人员聘任专业技术职务或者职称、审批科学技术人员申请科学技术研究开发项目、授予科学技术奖励等的重要依据。
第七十条 科学技术人员有依法创办或者参加科学技术社会团体的权利。
科学技术协会和科学技术社会团体按照章程在促进学术交流、推进学科建设、推动科技创新、开展科学技术普及活动、培养专门人才、开展咨询服务、加强科学技术人员自律和维护科学技术人员合法权益等方面发挥作用。
科学技术协会和科学技术社会团体的合法权益受法律保护。
第七章 区域科技创新
第七十一条 国家统筹科学技术资源区域空间布局，推动中央科学技术资源与地方发展需求紧密衔接，采取多种方式支持区域科技创新。
第七十二条 县级以上地方人民政府应当支持科学技术研究和应用，为促进科技成果转化创造条件，为推动区域创新发展提供良好的创新环境。
第七十三条 县级以上人民政府及其有关部门制定的与产业发展相关的科学技术计划，应当体现产业发展的需求。
县级以上人民政府及其有关部门确定科学技术计划项目，应当鼓励企业平等竞争和参与实施；对符合产业发展需求、具有明确市场应用前景的项目，应当鼓励企业联合科学技术研究开发机构、高等学校共同实施。
地方重大科学技术计划实施应当与国家科学技术重大任务部署相衔接。
第七十四条 国务院可以根据需要批准建立国家高新技术产业开发区、国家自主创新示范区等科技园区，并对科技园区的建设、发展给予引导和扶持，使其形成特色和优势，发挥集聚和示范带动效应。
第七十五条 国家鼓励有条件的县级以上地方人民政府根据国家发展战略和地方发展需要，建设重大科技创新基地与平台，培育创新创业载体，打造区域科技创新高地。
国家支持有条件的地方建设科技创新中心和综合性科学中心，发挥辐射带动、深化创新改革和参与全球科技合作作用。
第七十六条 国家建立区域科技创新合作机制和协同互助机制，鼓励地方各级人民政府及其有关部门开展跨区域创新合作，促进各类创新要素合理流动和高效集聚。
第七十七条 国家重大战略区域可以依托区域创新平台，构建利益分享机制，促进人才、技术、资金等要素自由流动，推动科学仪器设备、科技基础设施、科学工程和科技信息资源等开放共享，提高科技成果区域转化效率。
第七十八条 国家鼓励地方积极探索区域科技创新模式，尊重区域科技创新集聚规律，因地制宜选择具有区域特色的科技创新发展路径。
第八章 国际科学技术合作
第七十九条 国家促进开放包容、互惠共享的国际科学技术合作与交流，支撑构建人类命运共同体。
第八十条 中华人民共和国政府发展同外国政府、国际组织之间的科学技术合作与交流。
国家鼓励科学技术研究开发机构、高等学校、科学技术社会团体、企业和科学技术人员等各类创新主体开展国际科学技术合作与交流，积极参与科学研究活动，促进国际科学技术资源开放流动，形成高水平的科技开放合作格局，推动世界科学技术进步。
第八十一条 国家鼓励企业事业单位、社会组织通过多种途径建设国际科技创新合作平台，提供国际科技创新合作服务。
鼓励企业事业单位、社会组织和科学技术人员参与和发起国际科学技术组织，增进国际科学技术合作与交流。
第八十二条 国家采取多种方式支持国内外优秀科学技术人才合作研发，应对人类面临的共同挑战，探索科学前沿。
国家支持科学技术研究开发机构、高等学校、企业和科学技术人员积极参与和发起组织实施国际大科学计划和大科学工程。
国家完善国际科学技术研究合作中的知识产权保护与科技伦理、安全审查机制。
第八十三条 国家扩大科学技术计划对外开放合作，鼓励在华外资企业、外籍科学技术人员等承担和参与科学技术计划项目，完善境外科学技术人员参与国家科学技术计划项目的机制。
第八十四条 国家完善相关社会服务和保障措施，鼓励在国外工作的科学技术人员回国，吸引外籍科学技术人员到中国从事科学技术研究开发工作。
科学技术研究开发机构及其他科学技术组织可以根据发展需要，聘用境外科学技术人员。利用财政性资金设立的科学技术研究开发机构、高等学校聘用境外科学技术人员从事科学技术研究开发工作的，应当为其工作和生活提供方便。
外籍杰出科学技术人员到中国从事科学技术研究开发工作的，按照国家有关规定，可以优先获得在华永久居留权或者取得中国国籍。
第九章 保障措施
第八十五条 国家加大财政性资金投入，并制定产业、金融、税收、政府采购等政策，鼓励、引导社会资金投入，推动全社会科学技术研究开发经费持续稳定增长。
第八十六条 国家逐步提高科学技术经费投入的总体水平；国家财政用于科学技术经费的增长幅度，应当高于国家财政经常性收入的增长幅度。全社会科学技术研究开发经费应当占国内生产总值适当的比例，并逐步提高。
第八十七条 财政性科学技术资金应当主要用于下列事项的投入：
（一）科学技术基础条件与设施建设；
（二）基础研究和前沿交叉学科研究；
（三）对经济建设和社会发展具有战略性、基础性、前瞻性作用的前沿技术研究、社会公益性技术研究和重大共性关键技术研究；
（四）重大共性关键技术应用和高新技术产业化示范；
（五）关系生态环境和人民生命健康的科学技术研究开发和成果的应用、推广；
（六）农业新品种、新技术的研究开发和农业科技成果的应用、推广；
（七）科学技术人员的培养、吸引和使用；
（八）科学技术普及。
对利用财政性资金设立的科学技术研究开发机构，国家在经费、实验手段等方面给予支持。
第八十八条 设立国家科学技术计划，应当按照国家需求，聚焦国家重大战略任务，遵循科学研究、技术创新和成果转化规律。
国家建立科学技术计划协调机制和绩效评估制度，加强专业化管理。
第八十九条 国家设立基金，资助中小企业开展技术创新，推动科技成果转化与应用。
国家在必要时可以设立支持基础研究、社会公益性技术研究、国际联合研究等方面的其他非营利性基金，资助科学技术进步活动。
第九十条 从事下列活动的，按照国家有关规定享受税收优惠：
（一）技术开发、技术转让、技术许可、技术咨询、技术服务；
（二）进口国内不能生产或者性能不能满足需要的科学研究、技术开发或者科学技术普及的用品；
（三）为实施国家重大科学技术专项、国家科学技术计划重大项目，进口国内不能生产的关键设备、原材料或者零部件；
（四）科学技术普及场馆、基地等开展面向公众开放的科学技术普及活动；
（五）捐赠资助开展科学技术活动；
（六）法律、国家有关规定规定的其他科学研究、技术开发与科学技术应用活动。
第九十一条 对境内自然人、法人和非法人组织的科技创新产品、服务，在功能、质量等指标能够满足政府采购需求的条件下，政府采购应当购买；首次投放市场的，政府采购应当率先购买，不得以商业业绩为由予以限制。
政府采购的产品尚待研究开发的，通过订购方式实施。采购人应当优先采用竞争性方式确定科学技术研究开发机构、高等学校或者企业进行研究开发，产品研发合格后按约定采购。
第九十二条 国家鼓励金融机构开展知识产权质押融资业务，鼓励和引导金融机构在信贷、投资等方面支持科学技术应用和高新技术产业发展，鼓励保险机构根据高新技术产业发展的需要开发保险品种，促进新技术应用。
第九十三条 国家遵循统筹规划、优化配置的原则，整合和设置国家科学技术研究实验基地。
国家鼓励设置综合性科学技术实验服务单位，为科学技术研究开发机构、高等学校、企业和科学技术人员提供或者委托他人提供科学技术实验服务。
第九十四条 国家根据科学技术进步的需要，按照统筹规划、突出共享、优化配置、综合集成、政府主导、多方共建的原则，统筹购置大型科学仪器、设备，并开展对以财政性资金为主购置的大型科学仪器、设备的联合评议工作。
第九十五条 国家加强学术期刊建设，完善科研论文和科学技术信息交流机制，推动开放科学的发展，促进科学技术交流和传播。
第九十六条 国家鼓励国内外的组织或者个人捐赠财产、设立科学技术基金，资助科学技术研究开发和科学技术普及。
第九十七条 利用财政性资金设立的科学技术研究开发机构、高等学校和企业，在推进科技管理改革、开展科学技术研究开发、实施科技成果转化活动过程中，相关负责人锐意创新探索，出现决策失误、偏差，但尽到合理注意义务和监督管理职责，未牟取非法利益的，免除其决策责任。
第十章 监督管理
第九十八条 国家加强科技法治化建设和科研作风学风建设，建立和完善科研诚信制度和科技监督体系，健全科技伦理治理体制，营造良好科技创新环境。
第九十九条 国家完善科学技术决策的规则和程序，建立规范的咨询和决策机制，推进决策的科学化、民主化和法治化。
国家改革完善重大科学技术决策咨询制度。制定科学技术发展规划和重大政策，确定科学技术重大项目、与科学技术密切相关的重大项目，应当充分听取科学技术人员的意见，发挥智库作用，扩大公众参与，开展科学评估，实行科学决策。
第一百条 国家加强财政性科学技术资金绩效管理，提高资金配置效率和使用效益。财政性科学技术资金的管理和使用情况，应当接受审计机关、财政部门的监督检查。
科学技术行政等有关部门应当加强对利用财政性资金设立的科学技术计划实施情况的监督，强化科研项目资金协调、评估、监管。
任何组织和个人不得虚报、冒领、贪污、挪用、截留财政性科学技术资金。
第一百零一条 国家建立科学技术计划项目分类管理机制，强化对项目实效的考核评价。利用财政性资金设立的科学技术计划项目，应当坚持问题导向、目标导向、需求导向进行立项，按照国家有关规定择优确定项目承担者。
国家建立科技管理信息系统，建立评审专家库，健全科学技术计划项目的专家评审制度和评审专家的遴选、回避、保密、问责制度。
第一百零二条 国务院科学技术行政部门应当会同国务院有关主管部门，建立科学技术研究基地、科学仪器设备等资产和科学技术文献、科学技术数据、科学技术自然资源、科学技术普及资源等科学技术资源的信息系统和资源库，及时向社会公布科学技术资源的分布、使用情况。
科学技术资源的管理单位应当向社会公布所管理的科学技术资源的共享使用制度和使用情况，并根据使用制度安排使用；法律、行政法规规定应当保密的，依照其规定。
科学技术资源的管理单位不得侵犯科学技术资源使用者的知识产权，并应当按照国家有关规定确定收费标准。管理单位和使用者之间的其他权利义务关系由双方约定。
第一百零三条 国家建立科技伦理委员会，完善科技伦理制度规范，加强科技伦理教育和研究，健全审查、评估、监管体系。
科学技术研究开发机构、高等学校、企业事业单位等应当履行科技伦理管理主体责任，按照国家有关规定建立健全科技伦理审查机制，对科学技术活动开展科技伦理审查。
第一百零四条 国家加强科研诚信建设，建立科学技术项目诚信档案及科研诚信管理信息系统，坚持预防与惩治并举、自律与监督并重，完善对失信行为的预防、调查、处理机制。
县级以上地方人民政府和相关行业主管部门采取各种措施加强科研诚信建设，企业事业单位和社会组织应当履行科研诚信管理的主体责任。
任何组织和个人不得虚构、伪造科研成果，不得发布、传播虚假科研成果，不得从事学术论文及其实验研究数据、科学技术计划项目申报验收材料等的买卖、代写、代投服务。
第一百零五条 国家建立健全科学技术统计调查制度和国家创新调查制度，掌握国家科学技术活动基本情况，监测和评价国家创新能力。
国家建立健全科技报告制度，财政性资金资助的科学技术计划项目的承担者应当按照规定及时提交报告。
第一百零六条 国家实行科学技术保密制度，加强科学技术保密能力建设，保护涉及国家安全和利益的科学技术秘密。
国家依法实行重要的生物种质资源、遗传资源、数据资源等科学技术资源和关键核心技术出境管理制度。
第一百零七条 禁止危害国家安全、损害社会公共利益、危害人体健康、违背科研诚信和科技伦理的科学技术研究开发和应用活动。
从事科学技术活动，应当遵守科学技术活动管理规范。对严重违反科学技术活动管理规范的组织和个人，由科学技术行政等有关部门记入科研诚信严重失信行为数据库。
第十一章 法律责任
第一百零八条 违反本法规定，科学技术行政等有关部门及其工作人员，以及其他依法履行公职的人员滥用职权、玩忽职守、徇私舞弊的，对直接负责的主管人员和其他直接责任人员依法给予处分。
第一百零九条 违反本法规定，滥用职权阻挠、限制、压制科学技术研究开发活动，或者利用职权打压、排挤、刁难科学技术人员的，对直接负责的主管人员和其他直接责任人员依法给予处分。
第一百一十条 违反本法规定，虚报、冒领、贪污、挪用、截留用于科学技术进步的财政性资金或者社会捐赠资金的，由有关主管部门责令改正，追回有关财政性资金，责令退还捐赠资金，给予警告或者通报批评，并可以暂停拨款，终止或者撤销相关科学技术活动；情节严重的，依法处以罚款，禁止一定期限内承担或者参与财政性资金支持的科学技术活动；对直接负责的主管人员和其他直接责任人员依法给予行政处罚和处分。
第一百一十一条 违反本法规定，利用财政性资金和国有资本购置大型科学仪器、设备后，不履行大型科学仪器、设备等科学技术资源共享使用义务的，由有关主管部门责令改正，给予警告或者通报批评，对直接负责的主管人员和其他直接责任人员依法给予处分。
第一百一十二条 违反本法规定，进行危害国家安全、损害社会公共利益、危害人体健康、违背科研诚信和科技伦理的科学技术研究开发和应用活动的，由科学技术人员所在单位或者有关主管部门责令改正；获得用于科学技术进步的财政性资金或者有违法所得的，由有关主管部门终止或者撤销相关科学技术活动，追回财政性资金，没收违法所得；情节严重的，由有关主管部门向社会公布其违法行为，依法给予行政处罚和处分，禁止一定期限内承担或者参与财政性资金支持的科学技术活动、申请相关科学技术活动行政许可；对直接负责的主管人员和其他直接责任人员依法给予行政处罚和处分。
违反本法规定，虚构、伪造科研成果，发布、传播虚假科研成果，或者从事学术论文及其实验研究数据、科学技术计划项目申报验收材料等的买卖、代写、代投服务的，由有关主管部门给予警告或者通报批评，处以罚款；有违法所得的，没收违法所得；情节严重的，吊销许可证件。
第一百一十三条 违反本法规定，从事科学技术活动违反科学技术活动管理规范的，由有关主管部门责令限期改正，并可以追回有关财政性资金，给予警告或者通报批评，暂停拨款、终止或者撤销相关财政性资金支持的科学技术活动；情节严重的，禁止一定期限内承担或者参与财政性资金支持的科学技术活动，取消一定期限内财政性资金支持的科学技术活动管理资格；对直接负责的主管人员和其他直接责任人员依法给予处分。
第一百一十四条 违反本法规定，骗取国家科学技术奖励的，由主管部门依法撤销奖励，追回奖章、证书和奖金等，并依法给予处分。
违反本法规定，提名单位或者个人提供虚假数据、材料，协助他人骗取国家科学技术奖励的，由主管部门给予通报批评；情节严重的，暂停或者取消其提名资格，并依法给予处分。
第一百一十五条 违反本法规定的行为，本法未作行政处罚规定，其他有关法律、行政法规有规定的，依照其规定；造成财产损失或者其他损害的，依法承担民事责任；构成违反治安管理行为的，依法给予治安管理处罚；构成犯罪的，依法追究刑事责任。
第十二章 附 则
第一百一十六条 涉及国防科学技术进步的其他有关事项，由国务院、中央军事委员会规定。
第一百一十七条 本法自2022年1月1日起施行。
[放大字体]
[缩小字体]
[打印]
[关闭窗口]
[返回顶部]
相关文档
全面促进科学技术进步的关键之举——贯彻落实科学技术进步法四大看点
科技部副秘书长贺德方：增强国家创新体系效能，支撑科技强国建设",全国人民代表大会常务委员会,全国,科技部-科技政策,科技人才,https://www.most.gov.cn/xxgk/xinxifenlei/fdzdgknr/fgzc/flfg/202201/t20220118_179043.html,,16526,,2026-04-25 16:18:59,ok
国家科学技术奖励条例（国务院令第731号第三次修订）,2020-10-07,"标 题：
国家科学技术奖励条例（国务院令第731号第三次修订）
索 引 号：
306-03-2020-431
发文机构：
国务院
成文日期：
2020年10月07日
发布日期：
2020年10月27日
发文字号：
国务院令第731号
有 效 性：
有效
国家科学技术奖励条例（国务院令第731号第三次修订）
中华人民共和国国务院令
第731号
现公布修订后的《国家科学技术奖励条例》，自2020年12月1日起施行。
总 理  李克强
2020年10月7日
国家科学技术奖励条例
（1999年5月23日中华人民共和国国务院令第265号发布 根据2003年12月20日《国务院关于修改〈国家科学技术奖励条例〉的决定》第一次修订 根据2013年7月18日《国务院关于废止和修改部分行政法规的决定》第二次修订 2020年10月7日中华人民共和国国务院令第731号第三次修订）
第一章 总    则
第一条
为了奖励在科学技术进步活动中做出突出贡献的个人、组织，调动科学技术工作者的积极性和创造性，建设创新型国家和世界科技强国，根据《中华人民共和国科学技术进步法》，制定本条例。
第二条
国务院设立下列国家科学技术奖：
（一）国家最高科学技术奖；
（二）国家自然科学奖；
（三）国家技术发明奖；
（四）国家科学技术进步奖；
（五）中华人民共和国国际科学技术合作奖。
第三条
国家科学技术奖应当与国家重大战略需要和中长期科技发展规划紧密结合。国家加大对自然科学基础研究和应用基础研究的奖励。国家自然科学奖应当注重前瞻性、理论性，国家技术发明奖应当注重原创性、实用性，国家科学技术进步奖应当注重创新性、效益性。
第四条
国家科学技术奖励工作坚持中国共产党领导，实施创新驱动发展战略，贯彻尊重劳动、尊重知识、尊重人才、尊重创造的方针，培育和践行社会主义核心价值观。
第五条
国家维护国家科学技术奖的公正性、严肃性、权威性和荣誉性，将国家科学技术奖授予追求真理、潜心研究、学有所长、研有所专、敢于超越、勇攀高峰的科技工作者。
国家科学技术奖的提名、评审和授予，不受任何组织或者个人干涉。
第六条
国务院科学技术行政部门负责国家科学技术奖的相关办法制定和评审活动的组织工作。对涉及国家安全的项目，应当采取严格的保密措施。
国家科学技术奖励应当实施绩效管理。
第七条
国家设立国家科学技术奖励委员会。国家科学技术奖励委员会聘请有关方面的专家、学者等组成评审委员会和监督委员会，负责国家科学技术奖的评审和监督工作。
国家科学技术奖励委员会的组成人员人选由国务院科学技术行政部门提出，报国务院批准。
第二章 国家科学技术奖的设置
第八条
国家最高科学技术奖授予下列中国公民：
（一）在当代科学技术前沿取得重大突破或者在科学技术发展中有卓越建树的；
（二）在科学技术创新、科学技术成果转化和高技术产业化中，创造巨大经济效益、社会效益、生态环境效益或者对维护国家安全做出巨大贡献的。
国家最高科学技术奖不分等级，每次授予人数不超过2名。
第九条
国家自然科学奖授予在基础研究和应用基础研究中阐明自然现象、特征和规律，做出重大科学发现的个人。
前款所称重大科学发现，应当具备下列条件：
（一）前人尚未发现或者尚未阐明；
（二）具有重大科学价值；
（三）得到国内外自然科学界公认。
第十条
国家技术发明奖授予运用科学技术知识做出产品、工艺、材料、器件及其系统等重大技术发明的个人。
前款所称重大技术发明，应当具备下列条件：
（一）前人尚未发明或者尚未公开；
（二）具有先进性、创造性、实用性；
（三）经实施，创造显著经济效益、社会效益、生态环境效益或者对维护国家安全做出显著贡献，且具有良好的应用前景。
第十一条
国家科学技术进步奖授予完成和应用推广创新性科学技术成果，为推动科学技术进步和经济社会发展做出突出贡献的个人、组织。
前款所称创新性科学技术成果，应当具备下列条件：
（一）技术创新性突出，技术经济指标先进；
（二）经应用推广，创造显著经济效益、社会效益、生态环境效益或者对维护国家安全做出显著贡献；
（三）在推动行业科学技术进步等方面有重大贡献。
第十二条
国家自然科学奖、国家技术发明奖、国家科学技术进步奖分为一等奖、二等奖2个等级；对做出特别重大的科学发现、技术发明或者创新性科学技术成果的，可以授予特等奖。
第十三条
中华人民共和国国际科学技术合作奖授予对中国科学技术事业做出重要贡献的下列外国人或者外国组织：
（一）同中国的公民或者组织合作研究、开发，取得重大科学技术成果的；
（二）向中国的公民或者组织传授先进科学技术、培养人才，成效特别显著的；
（三）为促进中国与外国的国际科学技术交流与合作，做出重要贡献的。
中华人民共和国国际科学技术合作奖不分等级。
第三章 国家科学技术奖的提名、评审和授予
第十四条
国家科学技术奖实行提名制度，不受理自荐。候选者由下列单位或者个人提名：
（一）符合国务院科学技术行政部门规定的资格条件的专家、学者、组织机构；
（二）中央和国家机关有关部门，中央军事委员会科学技术部门，省、自治区、直辖市、计划单列市人民政府。
香港特别行政区、澳门特别行政区、台湾地区的有关个人、组织的提名资格条件，由国务院科学技术行政部门规定。
中华人民共和国驻外使馆、领馆可以提名中华人民共和国国际科学技术合作奖的候选者。
第十五条
提名者应当严格按照提名办法提名，提供提名材料，对材料的真实性和准确性负责，并按照规定承担相应责任。
提名办法由国务院科学技术行政部门制定。
第十六条
在科学技术活动中有下列情形之一的，相关个人、组织不得被提名或者授予国家科学技术奖：
（一）危害国家安全、损害社会公共利益、危害人体健康、违反伦理道德的；
（二）有科研不端行为，按照国家有关规定被禁止参与国家科学技术奖励活动的；
（三）有国务院科学技术行政部门规定的其他情形的。
第十七条
国务院科学技术行政部门应当建立覆盖各学科、各领域的评审专家库，并及时更新。评审专家应当精通所从事学科、领域的专业知识，具有较高的学术水平和良好的科学道德。
第十八条
评审活动应当坚持公开、公平、公正的原则。评审专家与候选者有重大利害关系，可能影响评审公平、公正的，应当回避。
评审委员会的评审委员和参与评审活动的评审专家应当遵守评审工作纪律，不得有利用评审委员、评审专家身份牟取利益或者与其他评审委员、评审专家串通表决等可能影响评审公平、公正的行为。
评审办法由国务院科学技术行政部门制定。
第十九条
评审委员会设立评审组进行初评，评审组负责提出初评建议并提交评审委员会。
参与初评的评审专家从评审专家库中抽取产生。
第二十条
评审委员会根据相关办法对初评建议进行评审，并向国家科学技术奖励委员会提出各奖种获奖者和奖励等级的建议。
监督委员会根据相关办法对提名、评审和异议处理工作全程进行监督，并向国家科学技术奖励委员会报告监督情况。
国家科学技术奖励委员会根据评审委员会的建议和监督委员会的报告，作出各奖种获奖者和奖励等级的决议。
第二十一条
国务院科学技术行政部门对国家科学技术奖励委员会作出的各奖种获奖者和奖励等级的决议进行审核，报国务院批准。
第二十二条
国家最高科学技术奖报请国家主席签署并颁发奖章、证书和奖金。
国家自然科学奖、国家技术发明奖、国家科学技术进步奖由国务院颁发证书和奖金。
中华人民共和国国际科学技术合作奖由国务院颁发奖章和证书。
第二十三条
国家科学技术奖提名和评审的办法、奖励总数、奖励结果等信息应当向社会公布，接受社会监督。
涉及国家安全的保密项目，应当严格遵守国家保密法律法规的有关规定，加强项目内容的保密管理，在适当范围内公布。
第二十四条
国家科学技术奖励工作实行科研诚信审核制度。国务院科学技术行政部门负责建立提名专家、学者、组织机构和评审委员、评审专家、候选者的科研诚信严重失信行为数据库。
禁止任何个人、组织进行可能影响国家科学技术奖提名和评审公平、公正的活动。
第二十五条
国家最高科学技术奖的奖金数额由国务院规定。
国家自然科学奖、国家技术发明奖、国家科学技术进步奖的奖金数额由国务院科学技术行政部门会同财政部门规定。
国家科学技术奖的奖励经费列入中央预算。
第二十六条
宣传国家科学技术奖获奖者的突出贡献和创新精神，应当遵守法律法规的规定，做到安全、保密、适度、严谨。
第二十七条
禁止使用国家科学技术奖名义牟取不正当利益。
第四章 法律责任
第二十八条
候选者进行可能影响国家科学技术奖提名和评审公平、公正的活动的，由国务院科学技术行政部门给予通报批评，取消其参评资格，并由所在单位或者有关部门依法给予处分。
其他个人或者组织进行可能影响国家科学技术奖提名和评审公平、公正的活动的，由国务院科学技术行政部门给予通报批评；相关候选者有责任的，取消其参评资格。
第二十九条
评审委员、评审专家违反国家科学技术奖评审工作纪律的，由国务院科学技术行政部门取消其评审委员、评审专家资格，并由所在单位或者有关部门依法给予处分。
第三十条
获奖者剽窃、侵占他人的发现、发明或者其他科学技术成果的，或者以其他不正当手段骗取国家科学技术奖的，由国务院科学技术行政部门报国务院批准后撤销奖励，追回奖章、证书和奖金，并由所在单位或者有关部门依法给予处分。
第三十一条
提名专家、学者、组织机构提供虚假数据、材料，协助他人骗取国家科学技术奖的，由国务院科学技术行政部门给予通报批评；情节严重的，暂停或者取消其提名资格，并由所在单位或者有关部门依法给予处分。
第三十二条
违反本条例第二十七条规定的，由有关部门依照相关法律、行政法规的规定予以查处。
第三十三条
对违反本条例规定，有科研诚信严重失信行为的个人、组织，记入科研诚信严重失信行为数据库，并共享至全国信用信息共享平台，按照国家有关规定实施联合惩戒。
第三十四条
国家科学技术奖的候选者、获奖者、评审委员、评审专家和提名专家、学者涉嫌违反其他法律、行政法规的，国务院科学技术行政部门应当通报有关部门依法予以处理。
第三十五条
参与国家科学技术奖评审组织工作的人员在评审活动中滥用职权、玩忽职守、徇私舞弊的，依法给予处分；构成犯罪的，依法追究刑事责任。
第五章 附    则
第三十六条
有关部门根据国家安全领域的特殊情况，可以设立部级科学技术奖；省、自治区、直辖市、计划单列市人民政府可以设立一项省级科学技术奖。具体办法由设奖部门或者地方人民政府制定，并报国务院科学技术行政部门及有关单位备案。
设立省部级科学技术奖，应当按照精简原则，严格控制奖励数量，提高奖励质量，优化奖励程序。其他国家机关、群众团体，以及参照公务员法管理的事业单位，不得设立科学技术奖。
第三十七条
国家鼓励社会力量设立科学技术奖。社会力量设立科学技术奖的，在奖励活动中不得收取任何费用。
国务院科学技术行政部门应当对社会力量设立科学技术奖的有关活动进行指导服务和监督管理，并制定具体办法。
第三十八条
本条例自2020年12月1日起施行。
（来源：中国政府网）
[放大字体]
[缩小字体]
[打印]
[关闭窗口]
[返回顶部]
相关文档",国务院,全国,科技部-科技政策,科技人才,https://www.most.gov.cn/xxgk/xinxifenlei/fdzdgknr/fgzc/flfg/202010/t20201028_159431.html,,4584,,2026-04-25 16:19:02,ok
科学技术部令第19号 科学技术活动违规行为处理暂行规定,2020-07-01,"标 题：
科学技术部令第19号 科学技术活动违规行为处理暂行规定
索 引 号：
306-03-2020-050
发文机构：
科学技术部
成文日期：
2020年07月17日
发布日期：
2020年07月31日
发文字号：
科学技术部令第19号
有 效 性：
有效
科学技术部令第19号 科学技术活动违规行为处理暂行规定
《科学技术活动违规行为处理暂行规定》已经2020年6月18日科学技术部第10次部务会审议通过，现予公布，自2020年9月1日起施行。
部长 王志刚
二○二○年七月十七日
科学技术活动违规行为处理暂行规定
第一章  总 则
第一条 为规范科学技术活动违规行为处理，营造风清气正的良好科研氛围，根据《中华人民共和国科学技术进步法》等法律法规，制定本规定。
第二条 对下列单位和人员在开展有关科学技术活动过程中出现的违规行为的处理，适用本规定。
（一）受托管理机构及其工作人员，即受科学技术行政部门委托开展相关科学技术活动管理工作的机构及其工作人员；
（二）科学技术活动实施单位，即具体开展科学技术活动的科学技术研究开发机构、高等学校、企业及其他组织；
（三）科学技术人员，即直接从事科学技术活动的人员和为科学技术活动提供管理、服务的人员；
（四）科学技术活动咨询评审专家，即为科学技术活动提供咨询、评审、评估、评价等意见的专业人员；
（五）第三方科学技术服务机构及其工作人员，即为科学技术活动提供审计、咨询、绩效评估评价、经纪、知识产权代理、检验检测、出版等服务的第三方机构及其工作人员。
第三条 科学技术部加强对科学技术活动违规行为处理工作的统筹、协调和督促指导。
各级科学技术行政部门根据职责和权限对科学技术活动实施中发生的违规行为进行处理。
第四条 科学技术活动违规行为的处理，应区分主观过错、性质、情节和危害程度，做到程序正当、事实清楚、证据确凿、依据准确、处理恰当。
第二章  违规行为
第五条 受托管理机构的违规行为包括以下情形：
（一）采取弄虚作假等不正当手段获得管理资格；
（二）内部管理混乱，影响受托管理工作正常开展；
（三）重大事项未及时报告；
（四）存在管理过失，造成负面影响或财政资金损失；
（五）设租寻租、徇私舞弊、滥用职权、私分受托管理的科研资金；
（六）隐瞒、包庇科学技术活动中相关单位或人员的违法违规行为；
（七）不配合监督检查或评估评价工作，不整改、虚假整改或整改未达到要求；
（八）违反任务委托协议等合同约定的主要义务；
（九）违反国家科学技术活动保密相关规定；
（十）法律、行政法规、部门规章或规范性文件规定的其他相关违规行为。
第六条 受托管理机构工作人员的违规行为包括以下情形：
（一）管理失职，造成负面影响或财政资金损失；
（二）设租寻租、徇私舞弊等利用组织科学技术活动之便谋取不正当利益；
（三）承担或参加所管理的科技计划（专项、基金等）项目；
（四）参与所管理的科学技术活动中有关论文、著作、专利等科学技术成果的署名及相关科技奖励、人才评选等；
（五）未经批准在相关科学技术活动实施单位兼职；
（六）干预咨询评审或向咨询评审专家施加倾向性影响；
（七）泄露科学技术活动管理过程中需保密的专家名单、专家意见、评审结论和立项安排等相关信息；
（八）违反回避制度要求，隐瞒利益冲突；
（九）虚报、冒领、挪用、套取所管理的科研资金；
（十）违反国家科学技术活动保密相关规定；
（十一）法律、行政法规、部门规章或规范性文件规定的其他相关违规行为。
第七条 科学技术活动实施单位的违规行为包括以下情形：
（一）在科学技术活动的申报、评审、实施、验收、监督检查和评估评价等活动中提供虚假材料，组织“打招呼”“走关系”等请托行为；
（二）管理失职，造成负面影响或财政资金损失；
（三）无正当理由不履行科学技术活动管理合同约定的主要义务；
（四）隐瞒、迁就、包庇、纵容或参与本单位人员的违法违规活动；
（五）未经批准，违规转包、分包科研任务；
（六）截留、挤占、挪用、套取、转移、私分财政科研资金；
（七）不配合监督检查或评估评价工作，不整改、虚假整改或整改未达到要求；
（八）不按规定上缴应收回的财政科研结余资金；
（九）未按规定进行科技伦理审查并监督执行；
（十）开展危害国家安全、损害社会公共利益、危害人体健康的科学技术活动；
（十一）违反国家科学技术活动保密相关规定；
（十二）法律、行政法规、部门规章或规范性文件规定的其他相关违规行为。
第八条 科学技术人员的违规行为包括以下情形：
（一）在科学技术活动的申报、评审、实施、验收、监督检查和评估评价等活动中提供虚假材料，实施“打招呼”“走关系”等请托行为；
（二）故意夸大研究基础、学术价值或科技成果的技术价值、社会经济效益，隐瞒技术风险，造成负面影响或财政资金损失；
（三）人才计划入选者、重大科研项目负责人在聘期内或项目执行期内擅自变更工作单位，造成负面影响或财政资金损失；
（四）故意拖延或拒不履行科学技术活动管理合同约定的主要义务；
（五）随意降低目标任务和约定要求，以项目实施周期外或不相关成果充抵交差；
（六）抄袭、剽窃、侵占、篡改他人科学技术成果，编造科学技术成果，侵犯他人知识产权等；
（七）虚报、冒领、挪用、套取财政科研资金；
（八）不配合监督检查或评估评价工作，不整改、虚假整改或整改未达到要求；
（九）违反科技伦理规范；
（十）开展危害国家安全、损害社会公共利益、危害人体健康的科学技术活动；
（十一）违反国家科学技术活动保密相关规定；
（十二）法律、行政法规、部门规章或规范性文件规定的其他相关违规行为。
第九条 科学技术活动咨询评审专家的违规行为包括以下情形：
（一）采取弄虚作假等不正当手段获取咨询、评审、评估、评价、监督检查资格；
（二）违反回避制度要求；
（三）接受“打招呼”“走关系”等请托；
（四）引导、游说其他专家或工作人员，影响咨询、评审、评估、评价、监督检查过程和结果；
（五）索取、收受利益相关方财物或其他不正当利益；
（六）出具明显不当的咨询、评审、评估、评价、监督检查意见；
（七）泄漏咨询评审过程中需保密的申请人、专家名单、专家意见、评审结论等相关信息；
（八）抄袭、剽窃咨询评审对象的科学技术成果；
（九）违反国家科学技术活动保密相关规定；
（十）法律、行政法规、部门规章或规范性文件规定的其他相关违规行为。
第十条 第三方科学技术服务机构及其工作人员的违规行为包括以下情形：
（一）采取弄虚作假等不正当手段获取科学技术活动相关业务；
（二）从事学术论文买卖、代写代投以及伪造、虚构、篡改研究数据等；
（三）违反回避制度要求；
（四）擅自委托他方代替提供科学技术活动相关服务；
（五）出具虚假或失实结论；
（六）索取、收受利益相关方财物或其他不正当利益；
（七）泄漏需保密的相关信息或材料等；
（八）违反国家科学技术活动保密相关规定；
（九）法律、行政法规、部门规章或规范性文件规定的其他相关违规行为。
第三章  处理措施
第十一条 对科学技术活动违规行为，视违规主体和行为性质，可单独或合并采取以下处理措施：
（一）警告；
（二）责令限期整改；
（三）约谈；
（四）一定范围内或公开通报批评；
（五）终止、撤销有关财政性资金支持的科学技术活动；
（六）追回结余资金，追回已拨财政资金以及违规所得；
（七）撤销奖励或荣誉称号，追回奖金；
（八）取消一定期限内财政性资金支持的科学技术活动管理资格；
（九）禁止在一定期限内承担或参与财政性资金支持的科学技术活动；
（十）记入科研诚信严重失信行为数据库。
第十二条 违规行为涉嫌违反党纪政纪、违法犯罪的，移交有关机关处理。
第十三条 对于第三方科学技术服务机构及人员违规的，可视情况将相关问题及线索移交具有处罚或处理权限的主管部门或行业协会处理。
第十四条 受托管理机构、科学技术活动实施单位有组织地开展科学技术活动违规行为的，或存在重大管理过失的，按本规定第十一条第（八）项追究主要负责人、直接负责人的责任，具体期限与被处理单位的受限年限保持一致。
第十五条 有证据表明违规行为已经造成恶劣影响或财政资金严重损失的，应直接或提请具有相应职责和权限的行政机关责令采取有效措施，防止影响或损失扩大，中止相关科学技术活动，暂停拨付相应财政资金，同时暂停接受相关责任主体申请新的财政性资金支持的科学技术活动。
第十六条 采取本规定第十一条第（九）项处理措施的，违规行为未涉及科学技术活动核心关键任务、约束性目标或指标，但造成较大负面影响或财政资金损失，对违规单位取消2年以内（含2年）相关资格，对违规个人取消3年以内（含3年）相关资格。
上述违规行为涉及科学技术活动的核心关键任务、约束性目标或指标，并导致相关科学技术活动偏离约定目标，或造成严重负面影响或财政资金损失，对违规单位取消2至5年相关资格，对违规个人取消3至5年相关资格。
上述违规行为涉及科学技术活动的核心关键任务、约束性目标或指标，并导致相关科学技术活动停滞、严重偏离约定目标，或造成特别严重负面影响或财政资金损失，对违规单位和个人取消5年以上直至永久相关资格。
第十七条 有以下情形之一的，可以给予从轻处理：
（一）主动反映问题线索，并经查属实；
（二）主动承认错误并积极配合调查和整改；
（三）主动退回因违规行为所获各种利益；
（四）主动挽回损失浪费或有效阻止危害结果发生；
（五）通过全国性媒体公开作出严格遵守科学技术活动相关国家法律及管理规定、不再实施违规行为的承诺；
（六）其他可以给予从轻处理情形。
第十八条 有以下情形之一的，应当给予从重处理：
（一）伪造、销毁、藏匿证据；
（二）阻止他人提供证据，或干扰、妨碍调查核实；
（三）打击、报复举报人；
（四）有组织地实施违规行为；
（五）多次违规或同时存在多种违规行为；
（六）其他应当给予从重处理情形。
第十九条 科学技术活动违规行为涉及多个主体的，应甄别不同主体的责任，并视其违规行为在负面影响或财政资金损失发生过程和结果中所起作用等因素分别给予相应处理。
第四章  处理程序
第二十条 科学技术活动违规行为认定后，视事实、性质、情节，按照本规定第十一条的处理措施作出相应处理决定，并制作处理决定书。
第二十一条 作出处理决定前，应告知被处理单位或人员拟作出处理决定的事实、理由及依据，并告知其享有陈述与申辩的权利及其行使的方式和期限。被处理单位或人员逾期未提出陈述或申辩的，视为放弃陈述与申辩的权利；作出陈述或申辩的，应充分听取其意见。
第二十二条 处理决定书应载明以下内容：
（一）被处理主体的基本情况；
（二）违规行为情况及事实根据；
（三）处理依据和处理决定；
（四）救济途径和期限；
（五）作出处理决定的单位名称和时间；
（六）法律、行政法规、部门规章或规范性文件规定的其他相关事项。
第二十三条 处理决定书应送达被处理单位或人员，抄送被处理人员所在单位或被处理单位的上级主管部门，并可视情通知被处理人员或单位所属相关行业协会。
处理决定书可采取直接送达、委托送达、邮寄送达等方式；被送达人下落不明的，可公告送达。涉及保密内容的，按照保密相关规定送达。
对于影响范围广、社会关注度高的违规行为的处理决定，除涉密内容外，应向社会公开，发挥警示教育作用。
第二十四条 被处理单位或人员对处理决定不服的，可自收到处理决定书之日起15个工作日内，按照处理决定书载明的救济途径向作出处理决定的相关部门或单位提出复查申请，写明理由并提供相关证据或线索。
处理主体应自收到复查申请后15个工作日内作出是否受理的决定。决定受理的，应当另行组织对处理决定所认定的事实和相关依据进行复查。
复查应制作复查决定书，复查原则上应自受理之日起90个工作日内完成并送达复查申请人。复查期间，不停止原处理决定的执行。
第二十五条 被处理单位或人员也可以不经复查，直接依法申请复议或提起诉讼。
第二十六条 采取本规定第十一条第（九）项处理措施的，取消资格期限自处理决定下达之日起计算，处理决定作出前已执行本规定第十五条采取暂停活动的，暂停活动期限可折抵处理期限。
第二十七条 科学技术活动违规行为涉及多个部门的，可组织开展联合调查，按职责和权限分别予以处理。
第二十八条 科学技术活动违规行为处理超出科学技术行政部门职责和权限范围内的，应将问题及线索移交相关部门、机构，并可以适当方式向相关部门、机构提出意见建议。
第五章  附 则
第二十九条 科学技术行政部门委托受托管理机构管理的科学技术活动中，项目承担单位和人员出现的情节轻微、未造成明显负面影响或财政资金损失的违规行为，由受托管理机构依据有关科学技术活动管理合同、管理办法等处理。
第三十条 各级科学技术行政部门已在职责和权限范围内制定科学技术活动违规行为处理规定且处理尺度不低于本规定的，可按照已有规定进行处理。
第三十一条 科学技术活动违规行为处理属其他部门、机构职责和权限的，由有权处理的部门、机构依据法律、行政法规及其他有关规定处理。
科学技术活动违规行为涉事单位或人员属军队管理的，由军队按照其有关规定进行处理。
第三十二条 法律、行政法规对科学技术活动违规行为及相应处理另有规定的，从其规定。
科学技术部部门规章或规范性文件相关内容与本规定不一致的，适用本规定。
第三十三条 本规定自2020年9月1日起施行。
第三十四条 本规定由科学技术部负责解释。
正文下载链接：
科学技术部令第19号.doc
科学技术部令第19号.pdf
[放大字体]
[缩小字体]
[打印]
[关闭窗口]
[返回顶部]
相关文档",科学技术部,全国,科技部-科技政策,科技人才,https://www.most.gov.cn/xxgk/xinxifenlei/fdzdgknr/fgzc/bmgz/202007/t20200731_158050.html,,5590,https://www.most.gov.cn/xxgk/xinxifenlei/fdzdgknr/fgzc/bmgz/202007/W020200803557078752731.doc;https://www.most.gov.cn/xxgk/xinxifenlei/fdzdgknr/fgzc/bmgz/202007/W020200803557079064802.pdf,2026-04-25 16:19:04,ok
中华人民共和国人类遗传资源管理条例,2019-05-02,"标 题：
中华人民共和国人类遗传资源管理条例
索 引 号：
306-10-2019-044
发文机构：
国务院
成文日期：
2019年05月28日
发布日期：
2019年06月12日
发文字号：
国务院令第717号
有 效 性：
有效
中华人民共和国人类遗传资源管理条例
中华人民共和国国务院令
第717号
《中华人民共和国人类遗传资源管理条例》已经2019年3月20日国务院第41次常务会议通过，现予公布，自2019年7月1日起施行。
总理  李克强
2019年5月28日
中华人民共和国人类遗传资源管理条例
第一章 总    则
第一条
为了有效保护和合理利用我国人类遗传资源，维护公众健康、国家安全和社会公共利益，制定本条例。
第二条
本条例所称人类遗传资源包括人类遗传资源材料和人类遗传资源信息。
人类遗传资源材料是指含有人体基因组、基因等遗传物质的器官、组织、细胞等遗传材料。
人类遗传资源信息是指利用人类遗传资源材料产生的数据等信息资料。
第三条
采集、保藏、利用、对外提供我国人类遗传资源，应当遵守本条例。
为临床诊疗、采供血服务、查处违法犯罪、兴奋剂检测和殡葬等活动需要，采集、保藏器官、组织、细胞等人体物质及开展相关活动，依照相关法律、行政法规规定执行。
第四条
国务院科学技术行政部门负责全国人类遗传资源管理工作；国务院其他有关部门在各自的职责范围内，负责有关人类遗传资源管理工作。
省、自治区、直辖市人民政府科学技术行政部门负责本行政区域人类遗传资源管理工作；省、自治区、直辖市人民政府其他有关部门在各自的职责范围内，负责本行政区域有关人类遗传资源管理工作。
第五条
国家加强对我国人类遗传资源的保护，开展人类遗传资源调查，对重要遗传家系和特定地区人类遗传资源实行申报登记制度。
国务院科学技术行政部门负责组织我国人类遗传资源调查，制定重要遗传家系和特定地区人类遗传资源申报登记具体办法。
第六条
国家支持合理利用人类遗传资源开展科学研究、发展生物医药产业、提高诊疗技术，提高我国生物安全保障能力，提升人民健康保障水平。
第七条
外国组织、个人及其设立或者实际控制的机构不得在我国境内采集、保藏我国人类遗传资源，不得向境外提供我国人类遗传资源。
第八条
采集、保藏、利用、对外提供我国人类遗传资源，不得危害我国公众健康、国家安全和社会公共利益。
第九条
采集、保藏、利用、对外提供我国人类遗传资源，应当符合伦理原则，并按照国家有关规定进行伦理审查。
采集、保藏、利用、对外提供我国人类遗传资源，应当尊重人类遗传资源提供者的隐私权，取得其事先知情同意，并保护其合法权益。
采集、保藏、利用、对外提供我国人类遗传资源，应当遵守国务院科学技术行政部门制定的技术规范。
第十条
禁止买卖人类遗传资源。
为科学研究依法提供或者使用人类遗传资源并支付或者收取合理成本费用，不视为买卖。
第二章 采集和保藏
第十一条
采集我国重要遗传家系、特定地区人类遗传资源或者采集国务院科学技术行政部门规定种类、数量的人类遗传资源的，应当符合下列条件，并经国务院科学技术行政部门批准：
（一）具有法人资格；
（二）采集目的明确、合法；
（三）采集方案合理；
（四）通过伦理审查；
（五）具有负责人类遗传资源管理的部门和管理制度；
（六）具有与采集活动相适应的场所、设施、设备和人员。
第十二条
采集我国人类遗传资源，应当事先告知人类遗传资源提供者采集目的、采集用途、对健康可能产生的影响、个人隐私保护措施及其享有的自愿参与和随时无条件退出的权利，征得人类遗传资源提供者书面同意。
在告知人类遗传资源提供者前款规定的信息时，必须全面、完整、真实、准确，不得隐瞒、误导、欺骗。
第十三条
国家加强人类遗传资源保藏工作，加快标准化、规范化的人类遗传资源保藏基础平台和人类遗传资源大数据建设，为开展相关研究开发活动提供支撑。
国家鼓励科研机构、高等学校、医疗机构、企业根据自身条件和相关研究开发活动需要开展人类遗传资源保藏工作，并为其他单位开展相关研究开发活动提供便利。
第十四条
保藏我国人类遗传资源、为科学研究提供基础平台的，应当符合下列条件，并经国务院科学技术行政部门批准：
（一）具有法人资格；
（二）保藏目的明确、合法；
（三）保藏方案合理；
（四）拟保藏的人类遗传资源来源合法；
（五）通过伦理审查；
（六）具有负责人类遗传资源管理的部门和保藏管理制度；
（七）具有符合国家人类遗传资源保藏技术规范和要求的场所、设施、设备和人员。
第十五条
保藏单位应当对所保藏的人类遗传资源加强管理和监测，采取安全措施，制定应急预案，确保保藏、使用安全。
保藏单位应当完整记录人类遗传资源保藏情况，妥善保存人类遗传资源的来源信息和使用信息，确保人类遗传资源的合法使用。
保藏单位应当就本单位保藏人类遗传资源情况向国务院科学技术行政部门提交年度报告。
第十六条
国家人类遗传资源保藏基础平台和数据库应当依照国家有关规定向有关科研机构、高等学校、医疗机构、企业开放。
为公众健康、国家安全和社会公共利益需要，国家可以依法使用保藏单位保藏的人类遗传资源。
第三章 利用和对外提供
第十七条
国务院科学技术行政部门和省、自治区、直辖市人民政府科学技术行政部门应当会同本级人民政府有关部门对利用人类遗传资源开展科学研究、发展生物医药产业统筹规划，合理布局，加强创新体系建设，促进生物科技和产业创新、协调发展。
第十八条
科研机构、高等学校、医疗机构、企业利用人类遗传资源开展研究开发活动，对其研究开发活动以及成果的产业化依照法律、行政法规和国家有关规定予以支持。
第十九条
国家鼓励科研机构、高等学校、医疗机构、企业根据自身条件和相关研究开发活动需要，利用我国人类遗传资源开展国际合作科学研究，提升相关研究开发能力和水平。
第二十条
利用我国人类遗传资源开展生物技术研究开发活动或者开展临床试验的，应当遵守有关生物技术研究、临床应用管理法律、行政法规和国家有关规定。
第二十一条
外国组织及外国组织、个人设立或者实际控制的机构（以下称外方单位）需要利用我国人类遗传资源开展科学研究活动的，应当遵守我国法律、行政法规和国家有关规定，并采取与我国科研机构、高等学校、医疗机构、企业（以下称中方单位）合作的方式进行。
第二十二条
利用我国人类遗传资源开展国际合作科学研究的，应当符合下列条件，并由合作双方共同提出申请，经国务院科学技术行政部门批准：
（一）对我国公众健康、国家安全和社会公共利益没有危害；
（二）合作双方为具有法人资格的中方单位、外方单位，并具有开展相关工作的基础和能力；
（三）合作研究目的和内容明确、合法，期限合理；
（四）合作研究方案合理；
（五）拟使用的人类遗传资源来源合法，种类、数量与研究内容相符；
（六）通过合作双方各自所在国（地区）的伦理审查；
（七）研究成果归属明确，有合理明确的利益分配方案。
为获得相关药品和医疗器械在我国上市许可，在临床机构利用我国人类遗传资源开展国际合作临床试验、不涉及人类遗传资源材料出境的，不需要审批。但是，合作双方在开展临床试验前应当将拟使用的人类遗传资源种类、数量及其用途向国务院科学技术行政部门备案。国务院科学技术行政部门和省、自治区、直辖市人民政府科学技术行政部门加强对备案事项的监管。
第二十三条
在利用我国人类遗传资源开展国际合作科学研究过程中，合作方、研究目的、研究内容、合作期限等重大事项发生变更的，应当办理变更审批手续。
第二十四条
利用我国人类遗传资源开展国际合作科学研究，应当保证中方单位及其研究人员在合作期间全过程、实质性地参与研究，研究过程中的所有记录以及数据信息等完全向中方单位开放并向中方单位提供备份。
利用我国人类遗传资源开展国际合作科学研究，产生的成果申请专利的，应当由合作双方共同提出申请，专利权归合作双方共有。研究产生的其他科技成果，其使用权、转让权和利益分享办法由合作双方通过合作协议约定；协议没有约定的，合作双方都有使用的权利，但向第三方转让须经合作双方同意，所获利益按合作双方贡献大小分享。
第二十五条
利用我国人类遗传资源开展国际合作科学研究，合作双方应当按照平等互利、诚实信用、共同参与、共享成果的原则，依法签订合作协议，并依照本条例第二十四条的规定对相关事项作出明确、具体的约定。
第二十六条
利用我国人类遗传资源开展国际合作科学研究，合作双方应当在国际合作活动结束后6个月内共同向国务院科学技术行政部门提交合作研究情况报告。
第二十七条
利用我国人类遗传资源开展国际合作科学研究，或者因其他特殊情况确需将我国人类遗传资源材料运送、邮寄、携带出境的，应当符合下列条件，并取得国务院科学技术行政部门出具的人类遗传资源材料出境证明：
（一）对我国公众健康、国家安全和社会公共利益没有危害；
（二）具有法人资格；
（三）有明确的境外合作方和合理的出境用途；
（四）人类遗传资源材料采集合法或者来自合法的保藏单位；
（五）通过伦理审查。
利用我国人类遗传资源开展国际合作科学研究，需要将我国人类遗传资源材料运送、邮寄、携带出境的，可以单独提出申请，也可以在开展国际合作科学研究申请中列明出境计划一并提出申请，由国务院科学技术行政部门合并审批。
将我国人类遗传资源材料运送、邮寄、携带出境的，凭人类遗传资源材料出境证明办理海关手续。
第二十八条
将人类遗传资源信息向外国组织、个人及其设立或者实际控制的机构提供或者开放使用，不得危害我国公众健康、国家安全和社会公共利益；可能影响我国公众健康、国家安全和社会公共利益的，应当通过国务院科学技术行政部门组织的安全审查。
将人类遗传资源信息向外国组织、个人及其设立或者实际控制的机构提供或者开放使用的，应当向国务院科学技术行政部门备案并提交信息备份。
利用我国人类遗传资源开展国际合作科学研究产生的人类遗传资源信息，合作双方可以使用。
第四章 服务和监督
第二十九条
国务院科学技术行政部门应当加强电子政务建设，方便申请人利用互联网办理审批、备案等事项。
第三十条
国务院科学技术行政部门应当制定并及时发布有关采集、保藏、利用、对外提供我国人类遗传资源的审批指南和示范文本，加强对申请人办理有关审批、备案等事项的指导。
第三十一条
国务院科学技术行政部门应当聘请生物技术、医药、卫生、伦理、法律等方面的专家组成专家评审委员会，对依照本条例规定提出的采集、保藏我国人类遗传资源，开展国际合作科学研究以及将我国人类遗传资源材料运送、邮寄、携带出境的申请进行技术评审。评审意见作为作出审批决定的参考依据。
第三十二条
国务院科学技术行政部门应当自受理依照本条例规定提出的采集、保藏我国人类遗传资源，开展国际合作科学研究以及将我国人类遗传资源材料运送、邮寄、携带出境申请之日起20个工作日内，作出批准或者不予批准的决定；不予批准的，应当说明理由。因特殊原因无法在规定期限内作出审批决定的，经国务院科学技术行政部门负责人批准，可以延长10个工作日。
第三十三条
国务院科学技术行政部门和省、自治区、直辖市人民政府科学技术行政部门应当加强对采集、保藏、利用、对外提供人类遗传资源活动各环节的监督检查，发现违反本条例规定的，及时依法予以处理并向社会公布检查、处理结果。
第三十四条
国务院科学技术行政部门和省、自治区、直辖市人民政府科学技术行政部门进行监督检查，可以采取下列措施：
（一）进入现场检查；
（二）询问相关人员；
（三）查阅、复制有关资料；
（四）查封、扣押有关人类遗传资源。
第三十五条
任何单位和个人对违反本条例规定的行为，有权向国务院科学技术行政部门和省、自治区、直辖市人民政府科学技术行政部门投诉、举报。
国务院科学技术行政部门和省、自治区、直辖市人民政府科学技术行政部门应当公布投诉、举报电话和电子邮件地址，接受相关投诉、举报。对查证属实的，给予举报人奖励。
第五章 法律责任
第三十六条
违反本条例规定，有下列情形之一的，由国务院科学技术行政部门责令停止违法行为，没收违法采集、保藏的人类遗传资源和违法所得，处50万元以上500万元以下罚款，违法所得在100万元以上的，处违法所得5倍以上10倍以下罚款：
（一）未经批准，采集我国重要遗传家系、特定地区人类遗传资源，或者采集国务院科学技术行政部门规定种类、数量的人类遗传资源；
（二）未经批准，保藏我国人类遗传资源；
（三）未经批准，利用我国人类遗传资源开展国际合作科学研究；
（四）未通过安全审查，将可能影响我国公众健康、国家安全和社会公共利益的人类遗传资源信息向外国组织、个人及其设立或者实际控制的机构提供或者开放使用；
（五）开展国际合作临床试验前未将拟使用的人类遗传资源种类、数量及其用途向国务院科学技术行政部门备案。
第三十七条
提供虚假材料或者采取其他欺骗手段取得行政许可的，由国务院科学技术行政部门撤销已经取得的行政许可，处50万元以上500万元以下罚款，5年内不受理相关责任人及单位提出的许可申请。
第三十八条
违反本条例规定，未经批准将我国人类遗传资源材料运送、邮寄、携带出境的，由海关依照法律、行政法规的规定处罚。科学技术行政部门应当配合海关开展鉴定等执法协助工作。海关应当将依法没收的人类遗传资源材料移送省、自治区、直辖市人民政府科学技术行政部门进行处理。
第三十九条
违反本条例规定，有下列情形之一的，由省、自治区、直辖市人民政府科学技术行政部门责令停止开展相关活动，没收违法采集、保藏的人类遗传资源和违法所得，处50万元以上100万元以下罚款，违法所得在100万元以上的，处违法所得5倍以上10倍以下罚款：
（一）采集、保藏、利用、对外提供我国人类遗传资源未通过伦理审查；
（二）采集我国人类遗传资源未经人类遗传资源提供者事先知情同意，或者采取隐瞒、误导、欺骗等手段取得人类遗传资源提供者同意；
（三）采集、保藏、利用、对外提供我国人类遗传资源违反相关技术规范；
（四）将人类遗传资源信息向外国组织、个人及其设立或者实际控制的机构提供或者开放使用，未向国务院科学技术行政部门备案或者提交信息备份。
第四十条
违反本条例规定，有下列情形之一的，由国务院科学技术行政部门责令改正，给予警告，可以处50万元以下罚款：
（一）保藏我国人类遗传资源过程中未完整记录并妥善保存人类遗传资源的来源信息和使用信息；
（二）保藏我国人类遗传资源未提交年度报告；
（三）开展国际合作科学研究未及时提交合作研究情况报告。
第四十一条
外国组织、个人及其设立或者实际控制的机构违反本条例规定，在我国境内采集、保藏我国人类遗传资源，利用我国人类遗传资源开展科学研究，或者向境外提供我国人类遗传资源的，由国务院科学技术行政部门责令停止违法行为，没收违法采集、保藏的人类遗传资源和违法所得，处100万元以上1000万元以下罚款，违法所得在100万元以上的，处违法所得5倍以上10倍以下罚款。
第四十二条
违反本条例规定，买卖人类遗传资源的，由国务院科学技术行政部门责令停止违法行为，没收违法采集、保藏的人类遗传资源和违法所得，处100万元以上1000万元以下罚款，违法所得在100万元以上的，处违法所得5倍以上10倍以下罚款。
第四十三条
对有本条例第三十六条、第三十九条、第四十一条、第四十二条规定违法行为的单位，情节严重的，由国务院科学技术行政部门或者省、自治区、直辖市人民政府科学技术行政部门依据职责禁止其1至5年内从事采集、保藏、利用、对外提供我国人类遗传资源的活动；情节特别严重的，永久禁止其从事采集、保藏、利用、对外提供我国人类遗传资源的活动。
对有本条例第三十六条至第三十九条、第四十一条、第四十二条规定违法行为的单位的法定代表人、主要负责人、直接负责的主管人员以及其他责任人员，依法给予处分，并由国务院科学技术行政部门或者省、自治区、直辖市人民政府科学技术行政部门依据职责没收其违法所得，处50万元以下罚款；情节严重的，禁止其1至5年内从事采集、保藏、利用、对外提供我国人类遗传资源的活动；情节特别严重的，永久禁止其从事采集、保藏、利用、对外提供我国人类遗传资源的活动。
单位和个人有本条例规定违法行为的，记入信用记录，并依照有关法律、行政法规的规定向社会公示。
第四十四条
违反本条例规定，侵害他人合法权益的，依法承担民事责任；构成犯罪的，依法追究刑事责任。
第四十五条
国务院科学技术行政部门和省、自治区、直辖市人民政府科学技术行政部门的工作人员违反本条例规定，不履行职责或者滥用职权、玩忽职守、徇私舞弊的，依法给予处分；构成犯罪的，依法追究刑事责任。
第六章 附    则
第四十六条
人类遗传资源相关信息属于国家秘密的，应当依照《中华人民共和国保守国家秘密法》和国家其他有关保密规定实施保密管理。
第四十七条
本条例自2019年7月1日起施行。
来源：
中国政府网
[放大字体]
[缩小字体]
[打印]
[关闭窗口]
[返回顶部]
相关文档
司法部、科技部负责人就《中华人民共和国人类遗传资源管理条例》答记者问",国务院,全国,科技部-科技政策,科技人才,https://www.most.gov.cn/xxgk/xinxifenlei/fdzdgknr/fgzc/flfg/201906/t20190612_147044.html,,7003,,2026-04-25 16:19:06,ok
科学技术部令第18号 关于修改《高等级病原微生物实验室建设审查办法》的决定,2018-07-01,"标 题：
科学技术部令第18号 关于修改《高等级病原微生物实验室建设审查办法》的决定
索 引 号：
306-10-2018-877
发文机构：
科学技术部
成文日期：
2018年07月16日
发布日期：
2018年11月22日
发文字号：
科学技术部令第18号
有 效 性：
有效
科学技术部令第18号 关于修改《高等级病原微生物实验室建设审查办法》的决定
《关于修改〈高等级病原微生物实验室建设审查办法〉的决定》已经2017年11月30日科学技术部第28次部务会议审议通过，现予公布，自2018年10月31日起施行。
部长 王志刚
二○一八年七月十六日
关于修改《高等级病原微生物实验室建设审查办法》的决定
为进一步做好高等级病原微生物实验室建设审查工作，提高行政许可审批效率，现对2011年6月24日公布、2011年8月1日开始施行的《高等级病原微生物实验室建设审查办法》（科学技术部令第15号）作如下修改：
一、第三条修改为：“向科学技术部申请建设实验室，应当符合下列条件：（一）符合国家生物安全实验室体系建设规划要求；（二）开展实验室建设确属必要；（三）具备保障实验室规范安全运行的能力和机制；（四）符合法律法规规定的其他条件。”
二、第四条修改为：“符合第三条规定的申请单位向科学技术部提交《高等级病原微生物实验室建设审查申请书》（以下简称《申请书》）。《申请书》应当经其所在地的省级人民政府或按照行政隶属关系经国务院有关部门盖章同意。”
三、删除第五条。
四、第六条和第七条合并为第五条，并修改为：“科学技术部设立实验室建设审查专家委员会（以下简称专家委员会）。专家委员会由从事实验室管理及相关领域科研工作的专家组成，任期5年。专家委员会对实验室建设审查工作提供咨询意见。专家委员会专家受科学技术部委托组成专家组，对每个具体实验室建设申请进行审查并提出专家组审查意见。专家组一般不少于5人。”
五、第八条调整为第六条，并修改为：“科学技术部将组织专家组对实验室建设申请进行专家审查。基本程序包括：（一）资料审核；（二）申请单位陈述；（三）现场勘查（现场审查方式）；（四）专家提问；（五）讨论形成专家组审查意见。”
六、第十条调整为第八条，并修改为：“科学技术部根据专家组审查意见，经科学技术部部务会审定同意后形成科学技术部审查决定。”
七、第十一条调整为第九条，并修改为：“科学技术部自收到申请单位报送的申请材料后，应当在5个工作日内完成形式审查。申请材料不齐全或不符合规定形式的，科学技术部应当在5个工作日内退回申请单位。申请材料齐全并符合规定形式的，科学技术部自受理之日起20个工作日内作出批准或者不予批准的决定；不予批准的应当说明理由。因特殊原因无法在规定期限内做出审查决定的，经科学技术部负责人批准可以延长10个工作日，并将延长期限的理由告知申请单位。”
八、第十二条调整为第十条，并修改为：“申请单位对科学技术部审查决定有异议的，可自收到通知之日起15个工作日内以书面形式向科学技术部申请复核。科学技术部将组织专家进行复核审查。”
九、增加一条作为第十三条：“通过建设审查的实验室建成后，依据《病原微生物实验室生物安全管理条例》，由有关部门根据相关规定进行建筑质量验收、建设项目竣工环境保护验收、实验室国家认可和实验活动审批及监管等，确保实验室安全。”
此外，对条文的顺序做了相应调整，并进一步规范文字表述。
本决定自2018年10月31日起施行。
《高等级病原微生物实验室建设审查办法》根据本决定做相应的修改，重新公布。
高等级病原微生物实验室
建设审查办法
（2011年6月24日科学技术部令第15号公布，根据2018年7月16日科学技术部令第18号《关于修改〈高等级病原微生物实验室建设审查办法〉的决定》修改）
第一章  总则
第一条  为规范三级、四级病原微生物实验室（以下简称实验室）建设审查，根据《病原微生物实验室生物安全管理条例》（国务院令第424号）的有关规定，制定本办法。
第二条  新建、改建、扩建实验室或者生产、进口移动式实验室应当报科学技术部审查同意。
第二章  申请
第三条  向科学技术部申请建设实验室，应当符合下列条件：
（一）符合国家生物安全实验室体系建设规划要求；
（二）开展实验室建设确属必要；
（三）具备保障实验室规范安全运行的能力和机制；
（四）符合法律法规规定的其他条件。
第四条  符合第三条规定的申请单位向科学技术部提交《高等级病原微生物实验室建设审查申请书》（以下简称《申请书》）。《申请书》应当经其所在地的省级人民政府或按照行政隶属关系经国务院有关部门盖章同意。
第三章  审查
第五条  科学技术部设立实验室建设审查专家委员会（以下简称专家委员会）。专家委员会由从事实验室管理及相关领域科研工作的专家组成，任期5年。
专家委员会对实验室建设审查工作提供咨询意见。
专家委员会专家受科学技术部委托组成专家组，对每个具体实验室建设申请进行审查并提出专家组审查意见。专家组一般不少于5人。
第六条  科学技术部将组织专家组对实验室建设申请进行专家审查。基本程序包括：
（一）资料审核；
（二）申请单位陈述；
（三）现场勘查（现场审查方式）；
（四）专家提问；
（五）讨论形成专家组审查意见。
第七条  专家组成员应遵守诚信和回避制度，客观、公正地开展工作。
第八条  科学技术部根据专家组审查意见，经科学技术部部务会审定同意后形成科学技术部审查决定。
第九条  科学技术部自收到申请单位报送的申请材料后，应当在5个工作日内完成形式审查。申请材料不齐全或不符合规定形式的，科学技术部应当在5个工作日内退回申请单位。申请材料齐全并符合规定形式的，科学技术部自受理之日起20个工作日内作出批准或者不予批准的决定；不予批准的应当说明理由。因特殊原因无法在规定期限内做出审查决定的，经科学技术部负责人批准可以延长10个工作日，并将延长期限的理由告知申请单位。
第十条  申请单位对科学技术部审查决定有异议的，可自收到通知之日起15个工作日内以书面形式向科学技术部申请复核。科学技术部将组织专家进行复核审查。
第十一条  实验室建设申请单位在实验室建设审查过程中存在弄虚作假等行为的，科学技术部将终止对其申请的审查或撤销已作出的审查决定，书面通知申请单位，并根据情节轻重决定在1-3年内不再受理其申请。
第四章  附则
第十二条  实验室建设申请与审查过程中涉及国家秘密的，应严格按照有关保密规定执行。
第十三条  通过建设审查的实验室建成后，依据《病原微生物实验室生物安全管理条例》，由有关部门根据相关规定进行建筑质量验收、建设项目竣工环境保护验收、实验室国家认可和实验活动审批及监管等，确保实验室安全。
第十四条  实验室建设申请与审查工作不收取任何费用。
第十五条  本办法自2018年10月31日起施行。
第十六条  本办法由科学技术部负责解释。
附件：
高等级病原微生物实验室建设审查申请书
正文下载链接：
科学技术部令第18号.doc
科学技术部令第18号.pdf
[放大字体]
[缩小字体]
[打印]
[关闭窗口]
[返回顶部]
相关文档",科学技术部,全国,科技部-科技政策,科技人才,https://www.most.gov.cn/xxgk/xinxifenlei/fdzdgknr/fgzc/bmgz/201811/t20181122_142877.html,,2954,https://www.most.gov.cn/xxgk/xinxifenlei/fdzdgknr/fgzc/bmgz/201811/W020181122552355934107.doc;https://www.most.gov.cn/xxgk/xinxifenlei/fdzdgknr/fgzc/bmgz/201811/W020200721523780626262.doc;https://www.most.gov.cn/xxgk/xinxifenlei/fdzdgknr/fgzc/bmgz/201811/W020200721523780788500.pdf,2026-04-25 16:19:08,ok
科学技术部令第17号 《科技部关于对部分规章和文件予以废止的决定》,2016-06-02,"标 题：
科学技术部令第17号 《科技部关于对部分规章和文件予以废止的决定》
索 引 号：
306-03-2016-107
发文机构：
科学技术部
成文日期：
2016年06月23日
发布日期：
2016年08月08日
发文字号：
科学技术部令第17号
有 效 性：
有效
科学技术部令第17号 《科技部关于对部分规章和文件予以废止的决定》
《科技部关于对部分规章和文件予以废止的决定》已经科学技术部2016年第21次部务会议审议通过，现予公布，自公布之日起施行。
部长 万钢
二○一六年六月二十三日
科技部关于对部分规章和文件予以废止的决定
根据《国务院办公厅关于做好行政法规部门规章和文件清理工作有关事项的通知》（国办函〔2016〕12号）精神，按照依法行政、转变职能、加强监管、优化服务的原则和稳增长、促改革、调结构、惠民生的要求，科技部对单独制定的以及牵头会同其他部门制定的规章和文件进行了全面清理。现决定对《科学技术成果鉴定办法》等2部规章（附件1）予以废止，对《关于科学事业费管理的暂行规定》等128份政策性文件（附件2）予以废止。
附件：1. 科技部决定废止的规章目录
2. 科技部决定废止的政策性文件目录
附件1
科技部决定废止的规章目录
1、科学技术成果鉴定办法
发文单位：国家科委
发文时间：1994年10月26日
文    号：国家科学技术委员会令第19号
说    明：2004年国务院发布《关于第三批取消和调整行政审批项目决定》（国发〔2004〕16号），规定科技成果鉴定改变管理方式，不再作为行政审批，由行业组织或中介机构实行自律管理。
2、社会力量设立科学技术奖管理办法
发文单位：科技部
发文时间与文号：1999年12月26日科学技术部令第3号发布，2006年2月5日科学技术部令第10号修改
说    明：2013年国务院作出了《关于取消和下放一批行政审批项目等事项的决定》（国发〔2013〕19号），其中取消了科技部对社会力量设立的面向全国、跨国境和跨省区域的科学技术奖的登记许可。
附件2
科技部决定废止的政策性文件目录
1、关于科学事业费管理的暂行规定
发文单位：国家科委、财政部
发文时间：1987年2月27日
文    号：（87）国科发条字第0125号
说    明：《事业单位财务规则》（财政部第68号令）提出的财务管理和会计核算方式已发生根本性变化。
2、关于科研单位减少科学事业费拨款比例的核定办法
发文单位：国家科委
发文时间：1987年6月20日
文    号：（87）国科发条字0422号
说    明：《事业单位财务规则》（财政部第68号令）提出的财务管理和会计核算方式已发生根本性变化。
3、关于科研单位建立三项基金的规定
发文单位：国家科委、财政部
发文时间：1987年9月22日
文    号：（87）国科发条字0708号
说    明：《事业单位财务规则》（财政部第68号令）、《科学事业单位财务制度》（财教〔2012〕502号）等对基金做了明确要求。
4、国家分析测试中心管理暂行办法
发文单位：国家科委
发文时间：1987年11月27日
文    号：（87）国科发条字0849号
说    明：废止该文件有利于简政放权。
5、关于科研单位实行经济核算制的通知
发文单位：国家科委、财政部
发文时间：1988年9月20日
文    号：（88）国科发条字637号
说    明：该文件与新的科技计划、专项经费管理办法和科学事业单位财务会计制度的规定不一致。
6、关于使用《执行科技合作协议出国合作研究、进修人员登记表》（简称KW121表）的通知
发文单位：国家科委、外交部
发文时间：1988年9月20日
文    号：（88）国科发外字473号
说    明：美国等国家的护照和签证办理政策已发生变化。
7、技术市场统计工作规定
发文单位：国家科委、国家统计局
发文时间：1990年2月12日
文    号：（90）国科发市字092号
说    明：目前均已参照国家统计局、科技部相关规定开展技术市场统计工作。
8、关于设立“中华人民共和国国家科学技术委员会国际科技合作奖”的通知
发文单位：国家科委、外交部
发文时间：1991年5月31日
文    号：（91）国科发外字392号
说    明：《国家科学技术奖励条例》及有关政策对国际科技合作奖的授予对象、评审和授奖等工作做出了具体规定。
9、关于科技管理干部岗位专业知识培训工作的意见
发文单位：国家科委
发文时间：1991年7月20日
文    号：（91）国科发改字513号
说    明：工作任务已经完成。
10、国家科委行政复议办法（试行）
发文单位：国家科委
发文时间：1991年7月31日
文    号：（91）国科发策字534号
说    明：该文件已不适应现行法律法规的规定。
11、关于放射性同位素及制品供销工作管理的通知
发文单位：国家科委、卫生部、公安部、能源部
发文时间：1991年10月4日
文    号：（91）国科发高字732号
说    明：文件主要内容已被2011年修订后的行政法规《放射性药品管理办法》，以及2005年发布的《放射性同位素与射线装置安全和防护条例》（国务院第449号令）替代。
12、关于改进赴国外举办培训班工作的几点意见
发文单位：国家科委国际合作司
发文时间：1993年1月12日
文    号：（93）国科外字023号
说    明：目前举办赴外培训班均依据国家外国专家局现行管理办法执行。
13、关于加强科研单位收入财务管理的暂行办法
发文单位：国家科委、财政部
发文时间：1993年9月1日
文    号：（93）国科发财字475号
说    明：《事业单位财务规则》（财政部第68号令）、《科学事业单位财务制度》（财教〔2012〕502号）等对收入管理做了明确要求。
14、关于执行科技合作协议公派出国进行合作研究和交流人员仍持因公普通护照的通知
发文单位：国家科委、外交部
发文时间：1993年11月2日
文    号：（93）国科发外字615号
说    明：美国等国家的护照和签证办理政策已发生变化。
15、科技成果鉴定规程
发文单位：国家科委
发文时间：1995年2月23日
文    号：国科发成字〔1995〕048号
说    明：该文件是《科学技术成果鉴定办法》（国家科学技术委员会令第19号）的配套文件，与19号令同时废止。
16、集体科技企业产权界定若干问题的暂行规定
发文单位：国家科委、国家国有资产管理局
发文时间：1996年2月27日
文    号：国科发政字〔1996〕075号
说    明：该文件的主要内容已不适应现实需要。
17、国家重点新产品计划管理办法
发文单位：国家科委、税务总局、国家工商行政管理局、对外贸易经济合作部、国家技术监督局、国家环保局、国家外国专家局、劳动部
发文时间：1997年11月29日
文    号：国科发计字〔1997〕503号
说    明：该文件已不适应新的经济发展环境。
18、省级实验动物质量检测机构技术审查准则
发文单位：科技部条件财务司
发文时间：1998年9月12日
文    号：国科财字〔1998〕059号
说    明：废止该文件符合简政放权的要求。
19、国家啮齿类实验动物种子中心引种、供种实施细则
发文单位：科技部条件财务司
发文时间：1998年10月6日
文    号：国科财字〔1998〕048号
说    明：废止该文件符合简政放权的要求。
20、省级实验动物质量检测机构技术审查细则
发文单位：科技部条件财务司
发文时间：1998年11月12日
文    号：国科财字〔1998〕059号
说    明：废止该文件符合简政放权的要求。
21、关于农业信息化科技工作的若干意见
发文单位：科技部
发文时间：1999年3月15日
文    号：国科发高字〔1999〕097号
说    明：该文件已不适应当前的发展情况。
22、国家863计划智能化农业信息技术应用示范工程实施办法
发文单位：科技部
发文时间：1999年3月15日
文    号：国科发高字〔1999〕097号
说    明：按照2014年开始的中央财政科技计划管理改革要求，863计划已整合到重点研发计划中。
23、全国技术市场统计调查方案
发文单位：科技部发展计划司
发文时间：1999年5月18日
文    号：国科计字〔1999〕024号
说    明：目前均已参照国家统计局、科技部相关规定开展技术市场统计工作。
24、科技兴贸行动计划
发文单位：科技部、对外贸易经济合作部
发文时间：1999年6月3日
文    号：国科发计字〔1999〕219号
说    明：《国务院办公厅转发商务部等部门关于进一步实施科技兴贸战略若干意见的通知》（国办发〔2003〕92号）对科技兴贸工作进行了新的全面部署。
25、国家高新技术产业开发区高新技术产品出口基地认定暂行办法
发文单位：科技部、对外贸易经济合作部
发文时间：1999年11月16日
文    号：国科发计字〔1999〕523号
说    明：该文件已被商务部、科技部发布的《国家科技兴贸创新基地建设和管理办法》（商产发〔2010〕298号）替代。
26、科技项目招标投标管理暂行办法
发文单位：科技部
发文时间：2000年12月28日
文    号：国科发计字〔2000〕589号
说    明：该文件已不适应当前的发展形势。
27、农业科技园区管理办法（试行）
发文单位：科技部
发文时间：2001年7月6日
文    号：国科发农社字〔2001〕229号
说    明：该文件已不适应当前的发展形势。
28、国家科技计划项目编号、编码规范
发文单位：科技部
发文时间：2001年8月12日
文    号：国科发计字〔2001〕287号
说    明：中央财政科技计划管理改革于2014年启动后，项目编号、编码规范等内容已不再适用。
29、国际科学技术会议与展览管理暂行办法
发文单位：科技部、外交部、海关总署、工商行政管理总局
发文时间：2001年8月23日
文    号：国科发外字〔2001〕311号
说    明：《国务院关于取消非行政许可审批事项的决定》（国发〔2015〕27号），已经取消国际科技会展的审批。
30、关于规范国际科学技术会议和展览申报和审批文件内容的通知
发文单位：科技部国际合作司
发文时间：2001年9月12日
文    号：国科外字〔2001〕210号
说    明：《国务院关于取消非行政许可审批事项的决定》（国发〔2015〕27号），已经取消国际科技会展的审批。
31、国家高技术研究发展计划课题预算评估规范（试行）
发文单位：科技部
发文时间：2002年2月1日
文    号：国科发财字〔2002〕35号
说    明：863计划原则上不再新立项目（课题）。
32、国家高技术研究发展计划课题预算评审规范（试行）
发文单位：科技部
发文时间：2002年2月1日
文    号：国科发财字〔2002〕35号
说    明：863计划原则上不再新立项目（课题）。
33、国家科研计划课题招标投标管理暂行办法
发文单位：科技部、财政部、国家计委、国家经贸委
发文时间：2002年5月28日
文    号：国科发财字〔2002〕165号
说    明：该文件已不适应当前的发展形势。
34、关于大力发展科技中介机构的意见
发文单位：科技部
发文时间：2002年12月20日
文    号：国科发政字〔2002〕488号
说    明：国务院印发的《关于加快科技服务业发展的若干意见》（国发〔2014〕49号），是指导当前和今后一个阶段科技服务业发展的指导性文件。
35、关于加强对科技型中小企业金融服务的指导意见
发文单位：科技部、中国农业银行
发文时间：2003年1月7日
文    号：国科发财字〔2003〕27号
说    明：该文件已不适应当前的发展形势。
36、星火科技培训管理细则
发文单位：科技部星火计划办公室
发文时间：2003年2月23日
文    号：国科星办字〔2003〕7号
说    明：按照2014年开始的中央科技计划管理改革的部署，“星火计划”已整合到技术创新引导专项，相应的培训管理已结束。
37、国家863计划产业化促进中心认定和管理办法（试行）
发文单位：科技部
发文时间：2003年7月18日
文    号：国科发计字〔2003〕232号
说    明：财政部、科技部印发的《国家科技成果转化引导基金管理暂行办法》（财教〔2011〕289号）对转化成果项目库的建设以及基金的组织管理均有所规范。该文件已不适应当前形势。
38、星火学校建设实施方案
发文单位：科技部星火计划办公室
发文时间：2004年4月30日
文    号：国科星办字〔2004〕4号
说    明：按照2014年开始的中央科技计划管理改革的部署，“星火计划”已整合到技术创新引导专项。
39、农村科技服务体系建设管理细则（试行）
发文单位：科技部星火计划办公室
发文时间：2004年5月26日
文    号：国科星办字〔2004〕8号
说    明：该文件的相关内容已被《关于深入推行科技特派员制度的若干意见》替代。
40、关于进一步加快生产力促进中心发展的意见
发文单位：科技部
发文时间：2004年9月3日
文    号：国科发高字〔2004〕283号
说    明：国家级生产力促进中心的行政审批已经取消，以创建国家级生产力促进中心为抓手的举措就没有了基础。
41、科学仪器设备升级改造专项管理暂行办法
发文单位：科技部
发文时间：2005年4月6日
文    号：国科发财字〔2005〕93号
说    明：此专项已停止实施。
42、关于严肃财经纪律 规范国家科技计划课题经费使用和加强监管的通知
发文单位：科技部
发文时间：2005年11月16日
文    号：国科发财字〔2005〕462号
说    明：该文件相关内容已被国科发财字〔2007〕393号文件吸收。
43、关于国家科技计划管理改革的若干意见
发文单位：科技部
发文时间：2006年1月17日
文    号：国科发计字〔2006〕23号
说    明：该文件已不适应当前的发展形势。
44、科技型中小企业贷款平台建设指引
发文单位：科技部办公厅、国家开发银行办公厅
文时间：2006年3月27日
文    号：国科办财字〔2006〕21号
说    明：该文件已不适应当前的发展形势。
45、关于加强科技部科技计划管理和健全监督制约机制的意见
发文单位：科技部
发文时间：2006年6月16日
文    号：国科发计字〔2006〕218号
说    明：该文件相关内容已被《中央财政科技计划（专项、基金等）监督工作暂行规定》（国科发政〔2015〕471号）、《科技监督和评估体系建设工作方案》（国科发政〔2016〕79号）等文件替代。
46、关于进一步推动科研基地和科研基础设施向企业及社会开放的若干意见
发文单位：科技部
发文时间：2006年12月31日
文    号：国科发基字〔2006〕558号
说    明：该文件内容已被国务院印发的《关于国家重大科研基础设施和大型科研仪器向社会开放的意见》（国发〔2014〕70号）替代。
47、科技计划支持重要技术标准研究与应用的实施细则
发文单位：科技部、国家质检总局、发展改革委、财政部
发文时间：2007年1月15日
文    号：国科发计字〔2007〕24号
说    明：该文件已不适应当前的发展形势。
48、关于支持重点科研机构进一步扩大国际科技合作的意见
发文单位：科技部、国家外国专家局
发文时间：2007年9月10日
文    号：国科发外字〔2007〕567号
说    明：该文件已不适应当前的发展形势。
49、高新技术企业认定管理工作指引
发文单位：科技部、财政部、税务总局
发文时间：2008年7月8日
文    号：国科发火〔2008〕362号
说    明：文件已被科技部、财政部、税务总局新修订的《高新技术企业认定管理工作指引》（国科发火〔2016〕195号）替代。
50、关于做好支持科技人员服务企业工作的通知
发文单位：科技部
发文时间：2009年4月29日
文    号：国科发计〔2009〕190号
说    明：该文件已不适应当前的发展形势。
51、关于深入开展科技特派员农村科技创业行动的意见
发文单位：科技部、人力资源社会保障部、农业部、教育部、中央宣传部、林业局、共青团中央、银监会
发文时间：2009年7月30日
文    号：国科发农〔2009〕242号
说    明：该文件主要内容已被国务院办公厅印发的《关于深入推行科技特派员制度的若干意见》（国办发〔2016〕32号）替代。
52、科技成果评价试点暂行办法
发文单位：科技部办公厅
发文时间：2009年10月9日
文    号：国科办奖〔2009〕63号
说    明：该文件已不适应当前的发展形势。
53、科技成果评价试点工作方案
发文单位：科技部办公厅
发文时间：2009年10月9日
文    号：国科办奖〔2009〕63号
说    明：该文件已不适应当前的发展形势。
54、科技富民强县专项行动计划绩效考评实施细则
发文单位：科技部、财政部
发文时间：2009年10月16日
文    号：国科发农〔2009〕591号
说    明：按照2014年开始的中央科技计划管理改革的部署，富民强县专项行动已整合到技术创新引导专项。
55、国家火炬计划重点高新技术企业管理办法
发文单位：科技部火炬中心
发文时间：2010年7月9日
文    号：国科火字〔2010〕179号
说    明：该文件已不适应当前的发展形势。
56、关于贯彻落实全国知识产权保护与执法工作会议精神 进一步加强科技创新知识产权工作的通知
发文单位：科技部
发文时间：2010年12月1日
文    号：国科发政〔2010〕690号
说    明：该文件的适用期已满。
57、关于进一步促进科技型中小企业创新发展的若干意见
发文单位：科技部
发文时间：2011年5月12日
文    号：国科发政〔2011〕178号
说    明：该文件主要内容已被《科技部关于进一步促进科技型中小企业创新发展的若干意见》（国科发高〔2015〕3号）所取代。
58、“十二五”国家农业科技园区发展规划
发文单位：科技部、农业部、水利部、林业局、中科院、中国农业银行
发文时间：2011年6月16日
文    号：国科发农〔2011〕268号
说    明：该文件适用期已满。
59、国家“十二五”科学和技术发展规划
发文单位：科技部
发文时间：2011年7月4日
文    号：国科发计〔2011〕269号
说    明：该文件适用期已满。
60、国家“十二五”科学和技术发展规划
发文单位：科技部
发文时间：2011年7月4日
文    号：国科发计〔2011〕270号
说    明：该文件适用期已满。
61、国家科技重大专项实施及其经费管理使用情况监督检查工作方案
发文单位：科技部、发展改革委、财政部
发文时间：2011年7月8日
文    号：国科发专〔2011〕272号
说    明：该文件主要用于指导当年重大专项监督检查工作，适用期已满。
62、关于加快发展民生科技的意见
发文单位：科技部
发文时间：2011年7月15日
文    号：国科发社〔2011〕279号
说    明：该文件适用期已满。
63、国家大学科技园“十二五”发展规划纲要
发文单位：科技部、教育部
发文时间：2011年8月5日
文    号：国科发高〔2011〕362号
说    明：该文件适用期已满。
64、国际科技合作“十二五”专项规划
发文单位：科技部
发文时间：2011年8月19日
文    号：国科发计〔2011〕381号
说    明：该文件适用期已满。
65、发展中国家技术培训班项目承担单位资质认定办法
发文单位：科技部国际合作司
发文时间：2011年9月19日
文    号：国科外字〔2011〕268号
说    明：该文件已不适应当前的发展形势。
66、医学科技发展“十二五”规划
发文单位：科技部、卫生部、食品药品管理局、中医药局、教育部、人口计生委、中科院、工程院、自然科学基金会、总后卫生部
发文时间：2011年10月28日
文    号：国科发计〔2011〕552号
说    明：该文件适用期已满。
67、“十二五”现代生物制造科技发展专项规划
发文单位：科技部
发文时间：2011年11月14日
文    号：国科发计〔2011〕587号
说    明：该文件适用期已满。
68、“十二五”生物技术发展规划
发文单位：科技部
发文时间：2011年11月14日
文    号：国科发社〔2011〕588号
说    明：该文件适用期已满。
69、科技兴县市专项工作“十二五”规划
发文单位：科技部
发文时间：2011年12月28日
文    号：国科发农〔2011〕681号
说    明：该专项工作已经结束。
70、医疗器械科技产业“十二五”专项规划
发文单位：科技部
发文时间：2011年12月31日
文    号：国科发计〔2011〕705号
说    明：该文件适用期已满。
71、现代服务业科技发展“十二五”专项规划
发文单位：科技部
发文时间：2012年1月29日
文    号：国科发计〔2012〕70号
说    明：该文件适用期已满。
72、高新技术产业化及其环境建设“十二五”专项规划
发文单位：科技部
发文时间：2012年1月29日
文    号：国科发计〔2012〕71号
说    明：该文件适用期已满。
73、科研条件发展“十二五”专项规划
发文单位：科技部
发文时间：2012年2月7日
文    号：国科发计〔2012〕89号
说    明：该文件适用期已满。
74、国家基础研究发展“十二五”专项规划
发文单位：科技部、自然科学基金会
发文时间：2012年2月17日
文    号：国科发计〔2012〕115号
说    明：该文件适用期已满。
75、科技创新知识产权工作“十二五”专项规划
发文单位：科技部
发文时间：2012年2月20日
文    号：国科发政〔2012〕120号
说    明：该文件适用期已满
76、数控一代机械产品创新应用示范工程“十二五”规划
发文单位：科技部、工信部、工程院
发文时间：2012年3月2日
文    号：国科发高〔2012〕131号
说    明：该文件适用期已满。
77、“十二五”农业与农村科技发展规划
发文单位：科技部、教育部、国土资源部、住建部、水利部、农业部、质检总局、林业局、中科院、气象局、粮食局、海洋局、供销总社
发文时间：2012年3月15日
文    号：国科发农〔2012〕98号
说    明：该文件适用期已满。
78、国家公共安全科技发展“十二五”专项规划
发文单位：科技部
发文时间：2012年3月21日
文    号：国科发计〔2012〕155号
说    明：该文件适用期已满。
79、贯彻落实中央一号文件精神 加快农村科技创新创业意见
发文单位：科技部
发文时间：2012年3月27日
文    号：国科发农〔2012〕156号
说    明：该文件已被2016年《关于深入推行科技特派员制度的若干意见》（国办发〔2016〕32号）替代。
80、智能制造科技发展“十二五”专项规划
发文单位：科技部
发文时间：2012年3月27日
文    号：国科发计〔2012〕193号
说    明：该文件适用期已满。
81、电动汽车科技发展“十二五”专项规划
发文单位：科技部
发文时间：2012年3月27日
文    号：国科发计〔2012〕195号
说    明：该文件适用期已满。
82、洁净煤技术科技发展“十二五”专项规划
发文单位：科技部
发文时间：2012年3月27日
文    号：国科发计〔2012〕196号
说    明：该文件适用期已满。
83、风力发电科技发展“十二五”专项规划
发文单位：科技部
发文时间：2012年3月27日
文    号：国科发计〔2012〕197号
说    明：该文件适用期已满。
84、太阳能发电科技发展“十二五”专项规划
发文单位：科技部
发文时间：2012年3月27日
文    号：国科发计〔2012〕198号
说    明：该文件适用期已满。
85、智能电网重大科技产业化工程“十二五”专项规划
发文单位：科技部
发文时间：2012年3月27日
文    号：国科发计〔2012〕232号
说    明：该文件适用期已满。
86、服务机器人科技发展“十二五”专项规划
发文单位：科技部
发文时间：2012年4月1日
文    号：国科发计〔2012〕194号
说    明：该文件适用期已满。
87、高速列车科技发展“十二五”专项规划
发文单位：科技部
发文时间：2012年4月1日
文    号：国科发计〔2012〕230号
说    明：该文件适用期已满。
88、绿色制造科技发展“十二五”专项规划
发文单位：科技部
发文时间：2012年4月1日
文    号：国科发计〔2012〕231号
说    明：该文件适用期已满。
89、国家科学技术普及“十二五”专项规划
发文单位：科技部
发文时间：2012年4月5日
文    号：国科发政〔2012〕224号
说    明：该文件适用期已满。
90、废物资源化科技工程“十二五”专项规划
发文单位：科技部、发展改革委、工信部、环保部、住建部、商务部、中科院
发文时间：2012年4月13日
文    号：国科发计〔2012〕116号
说    明：该文件适用期已满。
91、“十二五”国家可持续发展实验区建设与发展规划纲要
发文单位：科技部
发文时间：2012年4月26日
文    号：国科发社〔2012〕287号
说    明：该文件适用期已满。
92、“十二五”制造业信息化科技工程规划
发文单位：科技部、发展改革委、工信部、商务部、教育部、国家标准委、机械工业联合会
发文时间：2012年4月28日
文    号：国科发高〔2012〕312号
说    明：该文件适用期已满。
93、“十二五”国家应对气候变化科技发展专项规划
发文单位：科技部、外交部、发展改革委、教育部、工信部、财政部、环保部、住建部、水利部、农业部、林业局、中科院、气象局、自然科学基金会、海洋局、中国科协
发文时间：2012年5月4日
文    号：国科发计〔2012〕700号
说    明：该文件适用期已满。
94、纳米研究等6个国家重大科学研究计划“十二五”专项规划
发文单位：科技部
发文时间：2012年5月14日
文    号：国科发基〔2012〕627号
说    明：该文件规定的主要内容适用期已满，工作任务已完成。
95、国家科技基础性工作专项“十二五”专项规划
发文单位：科技部
发文时间：2012年5月14日
文    号：国科发基〔2012〕628号
说    明：该文件适用期已满。
96、“十二五”绿色建筑科技发展专项规划
发文单位：科技部
发文时间：2012年5月24日
文    号：国科发计〔2012〕692号
说    明：该文件适用期已满。
97、国家防灾减灾科技发展“十二五”专项规划
发文单位：科技部
发文时间：2012年5月24日
文    号：国科发计〔2012〕693号
说    明：该文件适用期已满。
98、“十二五”国家农业科技园区管理办法
发文单位：科技部、农业部、水利部、中科院、中国农业银行
发文时间：2012年5月31日
文    号：国科发农〔2012〕760号
说    明：该文件适用期已满。
99、国家磁约束核聚变能发展“十二五”专项规划
发文单位：科技部
发文时间：2012年6月13日
文    号：国科发基〔2012〕731号
说    明：该文件适用期已满。
100、半导体照明科技发展“十二五”专项规划
发文单位：科技部
发文时间：2012年7月3日
文    号：国科发计〔2012〕772号
说    明：该文件适用期已满。
101、蓝天科技工程“十二五”专项规划
发文单位：科技部、环保部
发文时间：2012年7月10日
文    号：国科发计〔2012〕719号
说    明：该文件适用期已满。
102、高品质特殊钢科技发展“十二五”专项规划
发文单位：科技部
发文时间：2012年8月6日
文    号：国科发高〔2012〕849号
说    明：该文件适用期已满。
103、海水淡化科技发展“十二五”专项规划
发文单位：科技部、发展改革委
发文时间：2012年8月14日
文    号：国科发计〔2012〕900号
说    明：该文件适用期已满。
104、高性能膜材料科技发展“十二五”专项规划
发文单位：科技部
发文时间：2012年8月21日
文    号：国科发高〔2012〕895号
说    明：该文件适用期已满。
105、新型显示科技发展“十二五”专项规划
发文单位：科技部
发文时间：2012年8月21日
文    号：国科发高〔2012〕896号
说    明：该文件适用期已满。
106、导航与位置服务科技发展“十二五”专项规划
发文单位：科技部
发文时间：2012年8月22日
文    号：国科发高〔2012〕901号
说    明：该文件适用期已满。
107、国家科技重大专项（民口）“十二五”发展规划
发文单位：科技部、发展改革委、财政部
发文时间：2012年8月29日
文    号：国科发专〔2012〕954号
说    明：该文件主要用于指导重大专项“十二五”期间的实施推进，适用期已满。
108、国家宽带网络科技发展“十二五”专项规划
发文单位：科技部
发文时间：2012年9月3日
文    号：国科发计〔2012〕906号
说    明：该文件适用期已满。
109、中国云科技发展“十二五”专项规划
发文单位：科技部
发文时间：2012年9月3日
文    号：国科发计〔2012〕907号
说    明：该文件适用期已满。
110、节水农业科技发展“十二五”专项规划
发文单位：科技部
发文时间：2012年10月10日
文    号：国科发计〔2012〕949号
说    明：该文件适用期已满。
111、农业生物药物产业科技发展“十二五”专项规划
发文单位：科技部
发文时间：2012年10月10日
文    号：国科发计〔2012〕950号
说    明：该文件适用期已满。
112、粮食丰产科技发展“十二五”专项规划
发文单位：科技部
发文时间：2012年10月10日
文    号：国科发计〔2012〕951号
说    明：该文件适用期已满。
113、生物种业科技发展“十二五”专项规划
发文单位：科技部
发文时间：2012年10月10日
文    号：国科发计〔2012〕952号
说    明：该文件适用期已满。
114、海洋农业科技发展“十二五”专项规划
发文单位：科技部
发文时间：2012年10月10日
文    号：国科发计〔2012〕953号
说    明：该文件适用期已满。
115、村镇建设科技发展“十二五”专项规划
发文单位：科技部
发文时间：2012年10月12日
文    号：国科发计〔2012〕958号
说    明：该文件适用期已满。
116、农业装备产业科技发展“十二五”专项规划
发文单位：科技部
发文时间：2012年10月12日
文    号：国科发计〔2012〕959号
说    明：该文件适用期已满。
117、食品产业科技发展“十二五”专项规划
发文单位：科技部
发文时间：2012年10月12日
文    号：国科发计〔2012〕960号
说    明：该文件适用期已满。
118、生物质能源科技发展“十二五”专项规划
发文单位：科技部
发文时间：2012年10月12日
文    号：国科发计〔2012〕961号
说    明：该文件适用期已满。
119、农村与农业信息化科技发展“十二五”专项规划
发文单位：科技部
发文时间：2012年10月12日
文    号：国科发计〔2012〕962号
说    明：该文件适用期已满。
120、高性能纤维及其复合材料科技发展“十二五”专项规划
发文单位：科技部
发文时间：2012年11月27日
文    号：国科发计〔2012〕1080号
说    明：该文件适用期已满。
121、“十二五”技术标准科技发展专项规划
发文单位：科技部、质检总局、国家标准委
发文时间：2012年11月28日
文    号：国科发计〔2012〕1100号
说    明：该文件适用期已满。
122、国家科技企业孵化器“十二五”发展规划
发文单位：科技部
发文时间：2012年12月29日
文    号：国科发高〔2012〕1222号
说    明：该文件适用期已满。
123、国家高新技术产业开发区“十二五”发展规划纲要
发文单位：科技部
发文时间：2013年1月18日
文    号：国科发高〔2013〕23号
说    明：该文件适用期已满。
124、技术市场“十二五”发展规划
发文单位：科技部
发文时间：2013年2月5日
文    号：国科发高〔2013〕110号
说    明：该文件适用期已满。
125、“十二五”国家碳捕集利用与封存科技发展专项规划
发文单位：科技部
发文时间：2013年2月16日
文    号：国科发社〔2013〕142号
说    明：该文件适用期已满。
126、“十二五”国家重大创新基地建设规划
发文单位：科技部、发展改革委
发文时间：2013年3月1日
文    号：国科发计〔2013〕381号
说    明：该文件适用期已满。
127、关于进一步加强人类遗传资源管理工作的通知
发文单位：科技部
发文时间：2013年10月11日
文    号：国科发社〔2013〕615号
说    明：工作已经完成。
128、国家粮食安全科技支撑专项行动方案
发文单位：科技部
发文时间：2014年4月2日
文    号：国科发农〔2014〕78号
说    明：工作任务已于2015年完成。
正文下载链接：
科学技术部令第17号.doc
科学技术部令第17号.pdf
[放大字体]
[缩小字体]
[打印]
[关闭窗口]
[返回顶部]
相关文档",科学技术部,全国,科技部-科技政策,科技人才,https://www.most.gov.cn/xxgk/xinxifenlei/fdzdgknr/fgzc/bmgz/201608/t20160808_127107.html,国办函〔2016〕12号,14287,https://www.most.gov.cn/xxgk/xinxifenlei/fdzdgknr/fgzc/bmgz/201608/W020200721524503430903.doc;https://www.most.gov.cn/xxgk/xinxifenlei/fdzdgknr/fgzc/bmgz/201608/W020200721524503758234.pdf,2026-04-25 16:19:10,ok
科学技术部、国家保密局令第16号《科学技术保密规定》,2015-11-01,"标 题：
科学技术部、国家保密局令第16号《科学技术保密规定》
索 引 号：
306-32-2015-507
发文机构：
科学技术部;国家保密局
成文日期：
2015年11月16日
发布日期：
2015年11月26日
发文字号：
科学技术部令第16号
有 效 性：
有效
科学技术部、国家保密局令第16号《科学技术保密规定》
根据《中华人民共和国保守国家秘密法》《中华人民共和国科学技术进步法》和《中华人民共和国保守国家秘密法实施条例》，现公布修订后的《科学技术保密规定》，自公布之日起施行。《科学技术保密规定》（原国家科学技术委员会、国家保密局1995年第20号令）同时废止。
科学技术部部长：万钢
国家保密局局长：田静
2015年11月16日
科学技术保密规定
第一章 总则
第一条 为保障国家科学技术秘密安全，促进科学技术事业发展，根据《中华人民共和国保守国家秘密法》《中华人民共和国科学技术进步法》和《中华人民共和国保守国家秘密法实施条例》，制定本规定。
第二条 本规定所称国家科学技术秘密，是指科学技术规划、计划、项目及成果中，关系国家安全和利益，依照法定程序确定，在一定时间内只限一定范围的人员知悉的事项。
第三条 涉及国家科学技术秘密的国家机关、单位（以下简称机关、单位）以及个人开展保守国家科学技术秘密的工作（以下简称科学技术保密工作），适用本规定。
第四条 科学技术保密工作坚持积极防范、突出重点、依法管理的方针，既保障国家科学技术秘密安全，又促进科学技术发展。
第五条 科学技术保密工作应当与科学技术管理工作相结合，同步规划、部署、落实、检查、总结和考核，实行全程管理。
第六条 国家科学技术行政管理部门管理全国的科学技术保密工作。省、自治区、直辖市科学技术行政管理部门管理本行政区域的科学技术保密工作。
中央国家机关在其职责范围内，管理或者指导本行业、本系统的科学技术保密工作。
第七条 国家保密行政管理部门依法对全国的科学技术保密工作进行指导、监督和检查。县级以上地方各级保密行政管理部门依法对本行政区域的科学技术保密工作进行指导、监督和检查。
第八条 机关、单位应当实行科学技术保密工作责任制，健全科学技术保密管理制度，完善科学技术保密防护措施，开展科学技术保密宣传教育，加强科学技术保密检查。
第二章 国家科学技术秘密的范围和密级
第九条 关系国家安全和利益，泄露后可能造成下列后果之一的科学技术事项，应当确定为国家科学技术秘密：
（一）削弱国家防御和治安能力；
（二）降低国家科学技术国际竞争力；
（三）制约国民经济和社会长远发展；
（四）损害国家声誉、权益和对外关系。
国家科学技术秘密及其密级的具体范围（以下简称国家科学技术保密事项范围），由国家保密行政管理部门会同国家科学技术行政管理部门另行制定。
第十条 国家科学技术秘密的密级分为绝密、机密和秘密三级。国家科学技术秘密密级应当根据泄露后可能对国家安全和利益造成的损害程度确定。
除泄露后会给国家安全和利益带来特别严重损害的外，科学技术原则上不确定为绝密级国家科学技术秘密。
第十一条 有下列情形之一的科学技术事项，不得确定为国家科学技术秘密：
（一）国内外已经公开；
（二）难以采取有效措施控制知悉范围；
（三）无国际竞争力且不涉及国家防御和治安能力；
（四）已经流传或者受自然条件制约的传统工艺。
第三章 国家科学技术秘密的确定、变更和解除
第十二条 中央国家机关、省级机关及其授权的机关、单位可以确定绝密级、机密级和秘密级国家科学技术秘密；设区的市、自治州一级的机关及其授权的机关、单位可以确定机密级、秘密级国家科学技术秘密。
第十三条 国家科学技术秘密定密授权应当符合国家秘密定密管理的有关规定。中央国家机关作出的国家科学技术秘密定密授权，应当向国家科学技术行政管理部门和国家保密行政管理部门备案。省级机关，设区的市、自治州一级的机关作出的国家科学技术秘密定密授权，应当向省、自治区、直辖市科学技术行政管理部门和保密行政管理部门备案。
第十四条 机关、单位负责人及其指定的人员为国家科学技术秘密的定密责任人，负责本机关、本单位的国家科学技术秘密确定、变更和解除工作。
第十五条 机关、单位和个人产生需要确定为国家科学技术秘密的科学技术事项时，应当先行采取保密措施，并依照下列途径进行定密：
（一）属于本规定第十二条规定的机关、单位，根据定密权限自行定密；
（二）不属于本规定第十二条规定的机关、单位，向有相应定密权限的上级机关、单位提请定密；没有上级机关、单位的，向有相应定密权限的业务主管部门提请定密；没有业务主管部门的，向所在省、自治区、直辖市科学技术行政管理部门提请定密；
（三）个人完成的符合本规定第九条规定的科学技术成果，应当经过评价、检测并确定成熟、可靠后，向所在省、自治区、直辖市科学技术行政管理部门提请定密。
第十六条 实行市场准入管理的技术或者实行市场准入管理的产品涉及的科学技术事项需要确定为国家科学技术秘密的，向批准准入的国务院有关主管部门提请定密。
第十七条 机关、单位在科学技术管理的以下环节，应当及时做好定密工作：
（一）编制科学技术规划；
（二）制定科学技术计划；
（三）科学技术项目立项；
（四）科学技术成果评价与鉴定；
（五）科学技术项目验收。
第十八条 确定国家科学技术秘密，应当同时确定其名称、密级、保密期限、保密要点和知悉范围。
第十九条 国家科学技术秘密保密要点是指必须确保安全的核心事项或者信息，主要涉及以下内容：
（一）不宜公开的国家科学技术发展战略、方针、政策、专项计划；
（二）涉密项目研制目标、路线和过程；
（三）敏感领域资源、物种、物品、数据和信息；
（四）关键技术诀窍、参数和工艺；
（五）科学技术成果涉密应用方向；
（六）其他泄露后会损害国家安全和利益的核心信息。
第二十条 国家科学技术秘密有下列情形之一的，应当及时变更密级、保密期限或者知悉范围：
（一）定密时所依据的法律法规或者国家科学技术保密事项范围已经发生变化的；
（二）泄露后对国家安全和利益的损害程度会发生明显变化的。
国家科学技术秘密的变更，由原定密机关、单位决定，也可由其上级机关、单位决定。
第二十一条 国家科学技术秘密的具体保密期限届满、解密时间已到或者符合解密条件的，自行解密。出现下列情形之一时，应当提前解密：
（一）已经扩散且无法采取补救措施的；
（二）法律法规或者国家科学技术保密事项范围调整后，不再属于国家科学技术秘密的；
（三）公开后不会损害国家安全和利益的。
提前解密由原定密机关、单位决定，也可由其上级机关、单位决定。
第二十二条 国家科学技术秘密需要延长保密期限的，应当在原保密期限届满前作出决定并书面通知原知悉范围内的机关、单位或者人员。延长保密期限由原定密机关、单位决定，也可由其上级机关、单位决定。
第二十三条 国家科学技术秘密确定、变更和解除应当进行备案：
（一）省、自治区、直辖市科学技术行政管理部门和中央国家机关有关部门每年12月31日前将本行政区域或者本部门当年确定、变更和解除的国家科学技术秘密情况报国家科学技术行政管理部门备案；
（二）其他机关、单位确定、变更和解除的国家科学技术秘密，应当在确定、变更、解除后20个工作日内报同级政府科学技术行政管理部门备案。
第二十四条 科学技术行政管理部门发现机关、单位国家科学技术秘密确定、变更和解除不当的，应当及时通知其纠正。
第二十五条 机关、单位对已定密事项是否属于国家科学技术秘密或者属于何种密级有不同意见的，按照国家有关保密规定解决。
第四章  国家科学技术秘密保密管理
第二十六条 国家科学技术行政管理部门管理全国的科学技术保密工作。主要职责如下：
（一）制定或者会同有关部门制定科学技术保密规章制度；
（二）指导和管理国家科学技术秘密定密工作；
（三）按规定审查涉外国家科学技术秘密事项；
（四）检查全国科学技术保密工作，协助国家保密行政管理部门查处泄露国家科学技术秘密案件；
（五）组织开展科学技术保密宣传教育和培训；
（六）表彰全国科学技术保密工作先进集体和个人。
国家科学技术行政管理部门设立国家科技保密办公室，负责国家科学技术保密管理的日常工作。
第二十七条 省、自治区、直辖市科学技术行政管理部门和中央国家机关有关部门，应当设立或者指定专门机构管理科学技术保密工作。主要职责如下：
（一）贯彻执行国家科学技术保密工作方针、政策，制定本行政区域、本部门或者本系统的科学技术保密规章制度；
（二）指导和管理本行政区域、本部门或者本系统的国家科学技术秘密定密工作；
（三）按规定审查涉外国家科学技术秘密事项；
（四）监督检查本行政区域、本部门或者本系统的科学技术保密工作，协助保密行政管理部门查处泄露国家科学技术秘密案件；
（五）组织开展本行政区域、本部门或者本系统科学技术保密宣传教育和培训；
（六）表彰本行政区域、本部门或者本系统的科学技术保密工作先进集体和个人。
第二十八条 机关、单位管理本机关、本单位的科学技术保密工作。主要职责如下：
（一）建立健全科学技术保密管理制度；
（二）设立或者指定专门机构管理科学技术保密工作；
（三）依法开展国家科学技术秘密定密工作，管理涉密科学技术活动、项目及成果；
（四）确定涉及国家科学技术秘密的人员（以下简称涉密人员），并加强对涉密人员的保密宣传、教育培训和监督管理；
（五）加强计算机及信息系统、涉密载体和涉密会议活动保密管理，严格对外科学技术交流合作和信息公开保密审查；
（六）发生资产重组、单位变更等影响国家科学技术秘密管理的事项时，及时向上级机关或者业务主管部门报告。
第二十九条 涉密人员应当遵守以下保密要求：
（一）严格执行国家科学技术保密法律法规和规章以及本机关、本单位科学技术保密制度；
（二）接受科学技术保密教育培训和监督检查；
（三）产生涉密科学技术事项时，先行采取保密措施，按规定提请定密，并及时向本机关、本单位科学技术保密管理机构报告；
（四）参加对外科学技术交流合作与涉外商务活动前向本机关、本单位科学技术保密管理机构报告；
（五）发表论文、申请专利、参加学术交流等公开行为前按规定履行保密审查手续；
（六）发现国家科学技术秘密正在泄露或者可能泄露时，立即采取补救措施，并向本机关、本单位科学技术保密管理机构报告；
（七）离岗离职时，与机关、单位签订保密协议，接受脱密期保密管理，严格保守国家科学技术秘密。
第三十条 机关、单位和个人在下列科学技术合作与交流活动中，不得涉及国家科学技术秘密：
（一）进行公开的科学技术讲学、进修、考察、合作研究等活动；
（二）利用互联网及其他公共信息网络、广播、电影、电视以及公开发行的报刊、书籍、图文资料和声像制品进行宣传、报道或者发表论文；
（三）进行公开的科学技术展览和展示等活动。
第三十一条 机关、单位和个人应当加强国家科学技术秘密信息保密管理，存储、处理国家科学技术秘密信息应当符合国家保密规定。任何机关、单位和个人不得有下列行为：
（一）非法获取、持有、复制、记录、存储国家科学技术秘密信息；
（二）使用非涉密计算机、非涉密存储设备存储、处理国家科学技术秘密；
（三）在互联网及其他公共信息网络或者未采取保密措施的有线和无线通信中传递国家科学技术秘密信息；
（四）通过普通邮政、快递等无保密措施的渠道传递国家科学技术秘密信息；
（五）在私人交往和通信中涉及国家科学技术秘密信息；
（六）其他违反国家保密规定的行为。
第三十二条 对外科学技术交流与合作中需要提供国家科学技术秘密的，应当经过批准，并与对方签订保密协议。绝密级国家科学技术秘密原则上不得对外提供，确需提供的，应当经中央国家机关有关主管部门同意后，报国家科学技术行政管理部门批准；机密级国家科学技术秘密对外提供应当报中央国家机关有关主管部门批准；秘密级国家科学技术秘密对外提供应当报中央国家机关有关主管部门或者省、自治区、直辖市人民政府有关主管部门批准。
有关主管部门批准对外提供国家科学技术秘密的，应当在10个工作日内向同级政府科学技术行政管理部门备案。
第三十三条 机关、单位开展涉密科学技术活动的，应当指定专人负责保密工作、明确保密纪律和要求，并加强以下方面保密管理：
（一）研究、制定涉密科学技术规划应当制定保密工作方案，签订保密责任书；
（二）组织实施涉密科学技术计划应当制定保密制度；
（三）举办涉密科学技术会议或者组织开展涉密科学技术展览、展示应当采取必要的保密管理措施，在符合保密要求的场所进行；
（四）涉密科学技术活动进行公开宣传报道前应当进行保密审查。
第三十四条 涉密科学技术项目应当按照以下要求加强保密管理：
（一）涉密科学技术项目在指南发布、项目申报、专家评审、立项批复、项目实施、结题验收、成果评价、转化应用及科学技术奖励各个环节应当建立保密制度；
（二）涉密科学技术项目下达单位与承担单位、承担单位与项目负责人、项目负责人与参研人员之间应当签订保密责任书；
（三）涉密科学技术项目的文件、资料及其他载体应当指定专人负责管理并建立台账；
（四）涉密科学技术项目进行对外科学技术交流与合作、宣传展示、发表论文、申请专利等，承担单位应当提前进行保密审查；
（五）涉密科学技术项目原则上不得聘用境外人员，确需聘用境外人员的，承担单位应当按规定报批。
第三十五条 涉密科学技术成果应当按以下要求加强保密管理：
（一）涉密科学技术成果在境内转让或者推广应用，应当报原定密机关、单位批准，并与受让方签订保密协议；
（二）涉密科学技术成果向境外出口，利用涉密科学技术成果在境外开办企业，在境内与外资、外企合作，应当按照本规定第三十二条规定报有关主管部门批准。
第三十六条 机关、单位应当按照国家规定，做好国家科学技术秘密档案归档和保密管理工作。
第三十七条 机关、单位应当为科学技术保密工作提供经费、人员和其他必要的保障条件。国家科学技术行政管理部门，省、自治区、直辖市科学技术行政管理部门应当将科学技术保密工作经费纳入部门预算。
第三十八条 机关、单位应当保障涉密人员正当合法权益。对参与国家科学技术秘密研制的科技人员，有关机关、单位不得因其成果不宜公开发表、交流、推广而影响其评奖、表彰和职称评定。
对确因保密原因不能在公开刊物上发表的论文，有关机关、单位应当对论文的实际水平给予客观、公正评价。
第三十九条 国家科学技术秘密申请知识产权保护应当遵守以下规定：
（一）绝密级国家科学技术秘密不得申请普通专利或者保密专利；
（二）机密级、秘密级国家科学技术秘密经原定密机关、单位批准可申请保密专利；
（三）机密级、秘密级国家科学技术秘密申请普通专利或者由保密专利转为普通专利的，应当先行办理解密手续。
第四十条 机关、单位对在科学技术保密工作方面作出贡献、成绩突出的集体和个人，应当给予表彰；对于违反科学技术保密规定的，给予批评教育；对于情节严重，给国家安全和利益造成损害的，应当依照有关法律、法规给予有关责任人员处分，构成犯罪的，依法追究刑事责任。
第五章 附则
第四十一条 涉及国防科学技术的保密管理，按有关部门规定执行。
第四十二条 本规定由科学技术部和国家保密局负责解释。
第四十三条 本规定自公布之日起施行，1995年颁布的《科学技术保密规定》（国家科学技术委员会、国家保密局令第20号）同时废止。
[放大字体]
[缩小字体]
[打印]
[关闭窗口]
[返回顶部]
相关文档",科学技术部;国家保密局,全国,科技部-科技政策,科技人才,https://www.most.gov.cn/xxgk/xinxifenlei/fdzdgknr/fgzc/bmgz/201511/t20151126_122507.html,,6351,,2026-04-25 16:19:13,ok
中华人民共和国促进科技成果转化法（2015年修订）,2015-08-02,"标 题：
中华人民共和国促进科技成果转化法（2015年修订）
索 引 号：
306-03-2015-621
发文机构：
全国人民代表大会常务委员会
成文日期：
2015年08月29日
发布日期：
2015年08月31日
发文字号：
中华人民共和国主席令第三十二号
有 效 性：
有效
中华人民共和国促进科技成果转化法（2015年修订）
中华人民共和国主席令第三十二号
《全国人民代表大会常务委员会关于修改〈中华人民共和国促进科技成果转化法〉的决定》已由中华人民共和国第十二届全国人民代表大会常务委员会第十六次会议于2015年8月29日通过，现予公布，自2015年10月1日起施行。
中华人民共和国主席习近平
2015年8月29日
中华人民共和国促进科技成果转化法（2015年修订）
（1996年5月15日第八届全国人民代表大会常务委员会第十九次会议通过
根据2015年8月29日第十二届全国人民代表大会常务委员会第十六次会议《关于修改〈中华人民共和国促进科技成果转化法〉的决定》修正）
目 录
第一章 总 则
第二章 组织实施
第三章 保障措施
第四章 技术权益
第五章 法律责任
第六章 附 则
第一章 总 则
第一条 为了促进科技成果转化为现实生产力，规范科技成果转化活动，加速科学技术进步，推动经济建设和社会发展，制定本法。
第二条 本法所称科技成果，是指通过科学研究与技术开发所产生的具有实用价值的成果。职务科技成果，是指执行研究开发机构、高等院校和企业等单位的工作任务，或者主要是利用上述单位的物质技术条件所完成的科技成果。
本法所称科技成果转化，是指为提高生产力水平而对科技成果所进行的后续试验、开发、应用、推广直至形成新技术、新工艺、新材料、新产品，发展新产业等活动。
第三条 科技成果转化活动应当有利于加快实施创新驱动发展战略，促进科技与经济的结合，有利于提高经济效益、社会效益和保护环境、合理利用资源，有利于促进经济建设、社会发展和维护国家安全。
科技成果转化活动应当尊重市场规律，发挥企业的主体作用，遵循自愿、互利、公平、诚实信用的原则，依照法律法规规定和合同约定，享有权益，承担风险。科技成果转化活动中的知识产权受法律保护。
科技成果转化活动应当遵守法律法规，维护国家利益，不得损害社会公共利益和他人合法权益。
第四条 国家对科技成果转化合理安排财政资金投入，引导社会资金投入，推动科技成果转化资金投入的多元化。
第五条 国务院和地方各级人民政府应当加强科技、财政、投资、税收、人才、产业、金融、政府采购、军民融合等政策协同，为科技成果转化创造良好环境。
地方各级人民政府根据本法规定的原则，结合本地实际，可以采取更加有利于促进科技成果转化的措施。
第六条 国家鼓励科技成果首先在中国境内实施。中国单位或者个人向境外的组织、个人转让或者许可其实施科技成果的，应当遵守相关法律、行政法规以及国家有关规定。
第七条 国家为了国家安全、国家利益和重大社会公共利益的需要，可以依法组织实施或者许可他人实施相关科技成果。
第八条 国务院科学技术行政部门、经济综合管理部门和其他有关行政部门依照国务院规定的职责，管理、指导和协调科技成果转化工作。
地方各级人民政府负责管理、指导和协调本行政区域内的科技成果转化工作。
第二章 组织实施
第九条 国务院和地方各级人民政府应当将科技成果的转化纳入国民经济和社会发展计划，并组织协调实施有关科技成果的转化。
第十条 利用财政资金设立应用类科技项目和其他相关科技项目，有关行政部门、管理机构应当改进和完善科研组织管理方式，在制定相关科技规划、计划和编制项目指南时应当听取相关行业、企业的意见；在组织实施应用类科技项目时，应当明确项目承担者的科技成果转化义务，加强知识产权管理，并将科技成果转化和知识产权创造、运用作为立项和验收的重要内容和依据。
第十一条 国家建立、完善科技报告制度和科技成果信息系统，向社会公布科技项目实施情况以及科技成果和相关知识产权信息，提供科技成果信息查询、筛选等公益服务。公布有关信息不得泄露国家秘密和商业秘密。对不予公布的信息，有关部门应当及时告知相关科技项目承担者。
利用财政资金设立的科技项目的承担者应当按照规定及时提交相关科技报告，并将科技成果和相关知识产权信息汇交到科技成果信息系统。
国家鼓励利用非财政资金设立的科技项目的承担者提交相关科技报告，将科技成果和相关知识产权信息汇交到科技成果信息系统，县级以上人民政府负责相关工作的部门应当为其提供方便。
第十二条 对下列科技成果转化项目，国家通过政府采购、研究开发资助、发布产业技术指导目录、示范推广等方式予以支持：
（一）能够显著提高产业技术水平、经济效益或者能够形成促进社会经济健康发展的新产业的；
（二）能够显著提高国家安全能力和公共安全水平的；
（三）能够合理开发和利用资源、节约能源、降低消耗以及防治环境污染、保护生态、提高应对气候变化和防灾减灾能力的；
（四）能够改善民生和提高公共健康水平的；
（五）能够促进现代农业或者农村经济发展的；
（六）能够加快民族地区、边远地区、贫困地区社会经济发展的。
第十三条 国家通过制定政策措施，提倡和鼓励采用先进技术、工艺和装备，不断改进、限制使用或者淘汰落后技术、工艺和装备。
第十四条 国家加强标准制定工作，对新技术、新工艺、新材料、新产品依法及时制定国家标准、行业标准，积极参与国际标准的制定，推动先进适用技术推广和应用。
国家建立有效的军民科技成果相互转化体系，完善国防科技协同创新体制机制。军品科研生产应当依法优先采用先进适用的民用标准，推动军用、民用技术相互转移、转化。
第十五条 各级人民政府组织实施的重点科技成果转化项目，可以由有关部门组织采用公开招标的方式实施转化。有关部门应当对中标单位提供招标时确定的资助或者其他条件。
第十六条 科技成果持有者可以采用下列方式进行科技成果转化：
（一）自行投资实施转化；
（二）向他人转让该科技成果；
（三）许可他人使用该科技成果；
（四）以该科技成果作为合作条件，与他人共同实施转化；
（五）以该科技成果作价投资，折算股份或者出资比例；
（六）其他协商确定的方式。
第十七条 国家鼓励研究开发机构、高等院校采取转让、许可或者作价投资等方式，向企业或者其他组织转移科技成果。
国家设立的研究开发机构、高等院校应当加强对科技成果转化的管理、组织和协调，促进科技成果转化队伍建设，优化科技成果转化流程，通过本单位负责技术转移工作的机构或者委托独立的科技成果转化服务机构开展技术转移。
第十八条 国家设立的研究开发机构、高等院校对其持有的科技成果，可以自主决定转让、许可或者作价投资，但应当通过协议定价、在技术交易市场挂牌交易、拍卖等方式确定价格。通过协议定价的，应当在本单位公示科技成果名称和拟交易价格。
第十九条 国家设立的研究开发机构、高等院校所取得的职务科技成果，完成人和参加人在不变更职务科技成果权属的前提下，可以根据与本单位的协议进行该项科技成果的转化，并享有协议规定的权益。该单位对上述科技成果转化活动应当予以支持。
科技成果完成人或者课题负责人，不得阻碍职务科技成果的转化，不得将职务科技成果及其技术资料和数据占为己有，侵犯单位的合法权益。
第二十条 研究开发机构、高等院校的主管部门以及财政、科学技术等相关行政部门应当建立有利于促进科技成果转化的绩效考核评价体系，将科技成果转化情况作为对相关单位及人员评价、科研资金支持的重要内容和依据之一，并对科技成果转化绩效突出的相关单位及人员加大科研资金支持。
国家设立的研究开发机构、高等院校应当建立符合科技成果转化工作特点的职称评定、岗位管理和考核评价制度，完善收入分配激励约束机制。
第二十一条 国家设立的研究开发机构、高等院校应当向其主管部门提交科技成果转化情况年度报告，说明本单位依法取得的科技成果数量、实施转化情况以及相关收入分配情况，该主管部门应当按照规定将科技成果转化情况年度报告报送财政、科学技术等相关行政部门。
第二十二条 企业为采用新技术、新工艺、新材料和生产新产品，可以自行发布信息或者委托科技中介服务机构征集其所需的科技成果，或者征寻科技成果转化的合作者。
县级以上地方各级人民政府科学技术行政部门和其他有关部门应当根据职责分工，为企业获取所需的科技成果提供帮助和支持。
第二十三条 企业依法有权独立或者与境内外企业、事业单位和其他合作者联合实施科技成果转化。
企业可以通过公平竞争，独立或者与其他单位联合承担政府组织实施的科技研究开发和科技成果转化项目。
第二十四条 对利用财政资金设立的具有市场应用前景、产业目标明确的科技项目，政府有关部门、管理机构应当发挥企业在研究开发方向选择、项目实施和成果应用中的主导作用，鼓励企业、研究开发机构、高等院校及其他组织共同实施。
第二十五条 国家鼓励研究开发机构、高等院校与企业相结合，联合实施科技成果转化。
研究开发机构、高等院校可以参与政府有关部门或者企业实施科技成果转化的招标投标活动。
第二十六条 国家鼓励企业与研究开发机构、高等院校及其他组织采取联合建立研究开发平台、技术转移机构或者技术创新联盟等产学研合作方式，共同开展研究开发、成果应用与推广、标准研究与制定等活动。
合作各方应当签订协议，依法约定合作的组织形式、任务分工、资金投入、知识产权归属、权益分配、风险分担和违约责任等事项。
第二十七条 国家鼓励研究开发机构、高等院校与企业及其他组织开展科技人员交流，根据专业特点、行业领域技术发展需要，聘请企业及其他组织的科技人员兼职从事教学和科研工作，支持本单位的科技人员到企业及其他组织从事科技成果转化活动。
第二十八条 国家支持企业与研究开发机构、高等院校、职业院校及培训机构联合建立学生实习实践培训基地和研究生科研实践工作机构，共同培养专业技术人才和高技能人才。
第二十九条 国家鼓励农业科研机构、农业试验示范单位独立或者与其他单位合作实施农业科技成果转化。
第三十条 国家培育和发展技术市场，鼓励创办科技中介服务机构，为技术交易提供交易场所、信息平台以及信息检索、加工与分析、评估、经纪等服务。
科技中介服务机构提供服务，应当遵循公正、客观的原则，不得提供虚假的信息和证明，对其在服务过程中知悉的国家秘密和当事人的商业秘密负有保密义务。
第三十一条 国家支持根据产业和区域发展需要建设公共研究开发平台，为科技成果转化提供技术集成、共性技术研究开发、中间试验和工业性试验、科技成果系统化和工程化开发、技术推广与示范等服务。
第三十二条 国家支持科技企业孵化器、大学科技园等科技企业孵化机构发展，为初创期科技型中小企业提供孵化场地、创业辅导、研究开发与管理咨询等服务。
第三章 保障措施
第三十三条 科技成果转化财政经费，主要用于科技成果转化的引导资金、贷款贴息、补助资金和风险投资以及其他促进科技成果转化的资金用途。
第三十四条 国家依照有关税收法律、行政法规规定对科技成果转化活动实行税收优惠。
第三十五条 国家鼓励银行业金融机构在组织形式、管理机制、金融产品和服务等方面进行创新，鼓励开展知识产权质押贷款、股权质押贷款等贷款业务，为科技成果转化提供金融支持。
国家鼓励政策性金融机构采取措施，加大对科技成果转化的金融支持。
第三十六条 国家鼓励保险机构开发符合科技成果转化特点的保险品种，为科技成果转化提供保险服务。
第三十七条 国家完善多层次资本市场，支持企业通过股权交易、依法发行股票和债券等直接融资方式为科技成果转化项目进行融资。
第三十八条 国家鼓励创业投资机构投资科技成果转化项目。
国家设立的创业投资引导基金，应当引导和支持创业投资机构投资初创期科技型中小企业。
第三十九条 国家鼓励设立科技成果转化基金或者风险基金，其资金来源由国家、地方、企业、事业单位以及其他组织或者个人提供，用于支持高投入、高风险、高产出的科技成果的转化，加速重大科技成果的产业化。
科技成果转化基金和风险基金的设立及其资金使用，依照国家有关规定执行。
第四章 技术权益
第四十条 科技成果完成单位与其他单位合作进行科技成果转化的，应当依法由合同约定该科技成果有关权益的归属。合同未作约定的，按照下列原则办理：
（一）在合作转化中无新的发明创造的，该科技成果的权益，归该科技成果完成单位；
（二）在合作转化中产生新的发明创造的，该新发明创造的权益归合作各方共有；
（三）对合作转化中产生的科技成果，各方都有实施该项科技成果的权利，转让该科技成果应经合作各方同意。
第四十一条 科技成果完成单位与其他单位合作进行科技成果转化的，合作各方应当就保守技术秘密达成协议；当事人不得违反协议或者违反权利人有关保守技术秘密的要求，披露、允许他人使用该技术。
第四十二条 企业、事业单位应当建立健全技术秘密保护制度，保护本单位的技术秘密。职工应当遵守本单位的技术秘密保护制度。
企业、事业单位可以与参加科技成果转化的有关人员签订在职期间或者离职、离休、退休后一定期限内保守本单位技术秘密的协议；有关人员不得违反协议约定，泄露本单位的技术秘密和从事与原单位相同的科技成果转化活动。
职工不得将职务科技成果擅自转让或者变相转让。
第四十三条 国家设立的研究开发机构、高等院校转化科技成果所获得的收入全部留归本单位，在对完成、转化职务科技成果做出重要贡献的人员给予奖励和报酬后，主要用于科学技术研究开发与成果转化等相关工作。
第四十四条 职务科技成果转化后，由科技成果完成单位对完成、转化该项科技成果做出重要贡献的人员给予奖励和报酬。
科技成果完成单位可以规定或者与科技人员约定奖励和报酬的方式、数额和时限。单位制定相关规定，应当充分听取本单位科技人员的意见，并在本单位公开相关规定。
第四十五条 科技成果完成单位未规定、也未与科技人员约定奖励和报酬的方式和数额的，按照下列标准对完成、转化职务科技成果做出重要贡献的人员给予奖励和报酬：
（一）将该项职务科技成果转让、许可给他人实施的，从该项科技成果转让净收入或者许可净收入中提取不低于百分之五十的比例；
（二）利用该项职务科技成果作价投资的，从该项科技成果形成的股份或者出资比例中提取不低于百分之五十的比例；
（三）将该项职务科技成果自行实施或者与他人合作实施的，应当在实施转化成功投产后连续三至五年，每年从实施该项科技成果的营业利润中提取不低于百分之五的比例。
国家设立的研究开发机构、高等院校规定或者与科技人员约定奖励和报酬的方式和数额应当符合前款第一项至第三项规定的标准。
国有企业、事业单位依照本法规定对完成、转化职务科技成果做出重要贡献的人员给予奖励和报酬的支出计入当年本单位工资总额，但不受当年本单位工资总额限制、不纳入本单位工资总额基数。
第五章 法律责任
第四十六条 利用财政资金设立的科技项目的承担者未依照本法规定提交科技报告、汇交科技成果和相关知识产权信息的，由组织实施项目的政府有关部门、管理机构责令改正；情节严重的，予以通报批评，禁止其在一定期限内承担利用财政资金设立的科技项目。
国家设立的研究开发机构、高等院校未依照本法规定提交科技成果转化情况年度报告的，由其主管部门责令改正；情节严重的，予以通报批评。
第四十七条 违反本法规定，在科技成果转化活动中弄虚作假，采取欺骗手段，骗取奖励和荣誉称号、诈骗钱财、非法牟利的，由政府有关部门依照管理职责责令改正，取消该奖励和荣誉称号，没收违法所得，并处以罚款。给他人造成经济损失的，依法承担民事赔偿责任。构成犯罪的，依法追究刑事责任。
第四十八条 科技服务机构及其从业人员违反本法规定，故意提供虚假的信息、实验结果或者评估意见等欺骗当事人，或者与当事人一方串通欺骗另一方当事人的，由政府有关部门依照管理职责责令改正，没收违法所得，并处以罚款；情节严重的，由工商行政管理部门依法吊销营业执照。给他人造成经济损失的，依法承担民事赔偿责任；构成犯罪的，依法追究刑事责任。
科技中介服务机构及其从业人员违反本法规定泄露国家秘密或者当事人的商业秘密的，依照有关法律、行政法规的规定承担相应的法律责任。
第四十九条 科学技术行政部门和其他有关部门及其工作人员在科技成果转化中滥用职权、玩忽职守、徇私舞弊的，由任免机关或者监察机关对直接负责的主管人员和其他直接责任人员依法给予处分；构成犯罪的，依法追究刑事责任。
第五十条 违反本法规定，以唆使窃取、利诱胁迫等手段侵占他人的科技成果，侵犯他人合法权益的，依法承担民事赔偿责任，可以处以罚款；构成犯罪的，依法追究刑事责任。
第五十一条 违反本法规定，职工未经单位允许，泄露本单位的技术秘密，或者擅自转让、变相转让职务科技成果的，参加科技成果转化的有关人员违反与本单位的协议，在离职、离休、退休后约定的期限内从事与原单位相同的科技成果转化活动，给本单位造成经济损失的，依法承担民事赔偿责任；构成犯罪的，依法追究刑事责任。
第六章 附则
第五十二条 本法自1996年10月1日起施行。
[放大字体]
[缩小字体]
[打印]
[关闭窗口]
[返回顶部]
相关文档",全国人民代表大会常务委员会,全国,科技部-科技政策,科技人才,https://www.most.gov.cn/xxgk/xinxifenlei/fdzdgknr/fgzc/flfg/201512/t20151204_122621.html,,7032,,2026-04-25 16:19:15,ok
国务院关于废止和修改部分行政法规的决定（节选）,2013-07-01,"标 题：
国务院关于废止和修改部分行政法规的决定（节选）
索 引 号：
306-03-2013-942
发文机构：
国务院
成文日期：
2013年07月18日
发布日期：
2015年07月21日
发文字号：
国务院令第638号
有 效 性：
国务院关于废止和修改部分行政法规的决定（节选）
中华人民共和国国务院令第638号
《国务院关于废止和修改部分行政法规的决定》已经2013年5月31日国务院第10次常务会议通过，现予公布，自公布之日起施行。
总  理 李克强
2013年7月18日
国务院关于废止和修改部分行政法规的决定
为了依法推进行政审批制度改革和政府职能转变，进一步激发市场、社会的创造活力，发挥好地方政府贴近基层的优势，促进和保障政府管理由事前审批更多地转为事中事后监管，国务院对有关的行政法规进行了清理。经过清理，现决定：
一、废止《煤炭生产许可证管理办法》（1994年12月20日国务院公布）。
二、对25件行政法规的部分条款予以修改。
本决定自公布之日起施行。
附件：国务院决定修改的行政法规
附件
国务院决定修改的行政法规
........
二、将《实验动物管理条例》第二十三条修改为：“实验动物工作单位从国外进口实验动物原种，必须向该单位所在地省、自治区、直辖市人民政府科技行政管理部门指定的保种、育种和质量监控单位登记。”
第二十四条第一款修改为：“出口实验动物，必须报实验动物工作单位所在地省、自治区、直辖市人民政府科技行政管理部门审批。经批准后，方可办理出口手续。”
........
七、将《国家科学技术奖励条例》第七条修改为：“社会力量设立的面向社会的科学技术奖，在奖励活动中不得收取任何费用。”
删去第二十三条。
........
此外，对相关行政法规的条文顺序作了相应调整。
[放大字体]
[缩小字体]
[打印]
[关闭窗口]
[返回顶部]
相关文档",国务院,全国,科技部-科技政策,科技人才,https://www.most.gov.cn/xxgk/xinxifenlei/fdzdgknr/fgzc/flfg/202007/t20200721_157942.html,,794,,2026-04-25 16:19:18,ok
科学技术部令第15号《高等级病原微生物实验室建设审查办法》,2011-06-02,"标 题：
科学技术部令第15号《高等级病原微生物实验室建设审查办法》
索 引 号：
306-03-2011-572
发文机构：
科学技术部
成文日期：
2011年06月24日
发布日期：
2011年06月24日
发文字号：
科学技术部令第15号
有 效 性：
科学技术部令第15号《高等级病原微生物实验室建设审查办法》
科学技术部令第15号
《高等级病原微生物实验室建设审查办法》已于2011年4月27日经科学技术部第14次部务会议审议通过，现予公布，自2011年8月1日起施行。
部长 万钢
二〇一一年六月二十四日
高等级病原微生物实验室建设审查办法
第一章  总则
第一条   为规范三级、四级病原微生物实验室（以下简称高等级病原微生物实验室）建设审查,根据《病原微生物实验室生物安全管理条例》（国务院第424号令）的有关规定，制定本办法。
第二条   新建、改建、扩建高等级病原微生物实验室或者生产、进口移动式高等级病原微生物实验室（以下简称建设实验室）应当报科学技术部审查同意。
第二章 申请
第三条   向科学技术部申请建设实验室，应当符合下列条件：
（一）已纳入国家生物安全实验室体系规划；
（二）对于开展相关实验活动确属必要；
（三）具有从事相关实验活动的职能和工作基础；
（四）具有规范的运行管理制度；
（五）具有相应的设施设备和专业人才队伍；
（六）法律法规规定的其他条件。
第四条   申请单位应当经其所在地的省级人民政府或按照业务隶属关系经国务院有关部门（以下简称申请单位主管部门）向科学技术部提交《高等级病原微生物实验室建设审查申请书》（格式见附件）。
第五条 申请单位主管部门收到申请资料后，应当在5个工作日内完成形式审查。申请材料不齐全或不符合规定形式的，应当在5个工作日内通知申请单位补正；申请材料齐全并符合规定形式的，申请单位主管部门应当在10个工作日内将全部申请材料报科学技术部。
第三章 审查
第六条   科学技术部设立高等级病原微生物实验室生物安全审查委员会（以下简称委员会）。委员会由从事实验室管理及相关领域科研工作的专家组成，任期5年。
委员会的主要职责是：根据科学技术部委托对有关实验室建设申请进行审查并提出审查建议；根据实际需求，提出建设实验室审查方式建议；对高等级病原微生物实验室发展提供咨询意见。
第七条  科学技术部将从委员会中抽取专家组成专家组对受理的申请进行审查。专家组一般不少于9人。
第八条  科学技术部将组织专家组采取会议或现场审查的方式进行审查。基本程序包括：
（一） 资料审核；
（二） 申请单位陈述；
（三） 专家提问；
（四） 专家组讨论形成审查建议。
第九条  专家组成员应遵守诚信和回避制度，客观、公正地开展工作。
第十条   科学技术部根据专家组审查建议，经部务会研究形成审查意见。
第十一条  科学技术部自收到申请单位主管部门报来的申请材料之日起10个工作日内作出审查意见，以书面形式送达申请单位主管部门。审查结论分为同意或不同意两种。在10个工作日内不能作出审查意见的，经科学技术部负责人批准可以延长10个工作日。
专家评审时间不计入前款规定的期限内。
第十二条  申请单位对科学技术部审查意见有异议的，可自收到通知之日起15个工作日内经其主管部门以书面形式向科学技术部申请复核。
对于理由充分的复核申请，科学技术部将组织专家进行复核审查。
第十三条 实验室建设申请单位在实验室建设审查过程中存在弄虚作假等行为的，科学技术部将终止对其申请的审查或撤销已作出的审查意见，书面通知其主管部门，并根据情节轻重决定在1－3年内不再受理其申请。
第四章 附则
第十四条 实验室建设申请与审查过程中涉及国家秘密的，应严格按照有关保密规定执行。
第十五条 实验室建设申请与审查工作不收取任何费用。
第十六条 本办法自2011年8月1日起施行。
第十七条 本办法由科学技术部负责解释。
附件：高等级病原微生物实验室建设审查申请书
[放大字体]
[缩小字体]
[打印]
[关闭窗口]
[返回顶部]
相关文档",科学技术部,全国,科技部-科技政策,科技人才,https://www.most.gov.cn/xxgk/xinxifenlei/fdzdgknr/fgzc/bmgz/201107/t20110727_88572.html,,1684,https://www.most.gov.cn/xxgk/xinxifenlei/fdzdgknr/fgzc/bmgz/201107/W020110727602951713426.doc,2026-04-25 16:19:19,ok
科学技术部令第14号 《科学技术部关于对部分规范性文件予以废止或宣布失效的决定》,2011-01-02,"标 题：
科学技术部令第14号 《科学技术部关于对部分规范性文件予以废止或宣布失效的决定》
索 引 号：
306-03-2011-766
发文机构：
科学技术部
成文日期：
2011年01月26日
发布日期：
2011年02月15日
发文字号：
科学技术部令第14号
有 效 性：
有效
科学技术部令第14号 《科学技术部关于对部分规范性文件予以废止或宣布失效的决定》
《科学技术部关于对部分规范性文件予以废止或宣布失效的决定》已经科学技术部2011年度第2次部务会议审议通过，现予公布，自公布之日起施行。
部长 万钢
二Ｏ一一年一月二十六日
科学技术部关于对部分规范性文件
予以废止或宣布失效的决定
为了适应新时期科学技术事业发展的需要，建设有利于自主创新的法制环境，根据国务院办公厅《关于做好规章清理工作有关问题的通知》（国办发[2010]28号）要求，科学技术部对所发布的规章和规范性文件进行了清理，对与其他部门联合发布的文件征求了有关部门的意见。现决定对《科技开发企业审批登记暂行办法》等68件规范性文件予以废止，对《二十三种大型精密仪器管理试行办法》等28件规范性文件宣布失效（见附件）。
附件：科学技术部决定废止或宣布失效的规范性文件目录
附件：
科学技术部决定废止或宣布失效的规范性文件目录
一、决定废止的规范性文件目录（68件）
1. 科技开发企业审批登记暂行办法
发文单位：国家科学技术委员会 国家工商行政管理局
发文时间：1987年11月2日
文    号：（87）国科发综字0810号
说    明：统一适用《公司法》和《公司登记管理条例》（国务院令第451号）的规定。
2. 关于加强科技开发企业登记管理的暂行规定
发文单位：国家科学技术委员会 国家工商行政管理局
发文时间：1990年3月14日
文    号：（90）国科发策字183号
说    明：统一适用《公司法》和《公司登记管理条例》（国务院令第451号）的规定。
3. 全国性自然科学学术组织的审批和复查、备案问题暂行办法
发文单位：国家科学技术委员会
发文时间：1986年1月2日
文    号：（86）国科发综字0013号
说    明：统一适用《社会团体登记管理条例》（1998年国务院令250号）的规定。
4. 从事集体科技企业产权界定业务的中介机构资格认定的暂行规定
发文单位：国家科学技术委员会 国家国有资产管理局
发文时间：1996年12月6日
文    号：国科发政字[1996]545号
5. 集体科技企业国有资产产权界定和产权纠纷调处工作试行规则
发文单位：国家科学技术委员会 国家国有资产管理局
发文时间：1996年12月7日
文    号：国科发政字[1996]546号
6. 关于在国家高新技术产业开发区创办高新技术股份有限公司若干问题的暂行规定
发文单位：国家科学技术委员会 国家经济体制改革委员会
发文时间：1992年11月19日
文    号：（92）国科发改字796号
说    明：统一适用《公司法》的规定。
7. 《关于在国家高技术产业开发区创办高新技术股份有限公司若干问题的暂行规定》的几点说明
发文单位：国家科学技术委员会 国家经济体制改革委员会
发文时间：1993年3月19日
文    号：（93）国科发改字198号
说    明：统一适用《公司法》的规定。
8. 全民所有制技术开发型科研机构技术经济承包责任制暂行办法
发文单位：国家科学技术委员会 人事部 财政部 国家税务局
发文时间：1992年8月15日
文    号：［1992］国科发改字第545号
9. 全民所有制技术开发型科研机构技术经济承包责任制暂行办法实施细则
发文单位：国家科学技术委员会 人事部 财政部
发文时间：1993年12月4日
文    号：［1993］国科发改字第676号
10. 关于分流人才、调整结构、进一步深化科技体制改革的若干意见
发文单位：国家科学技术委员会 国家经济体制改革委员会
发文时间：1992年8月27日
文    号：（92）国科发改字567号
11. 关于对转制科研机构富余人员分流安置的办法
发文单位：科学技术部 人事部 劳动和社会保障部
发文时间：2001年7月6日
文    号：国科发政字[2001]230号
12. 关于申报对非教育系统回国留学人员科研资助经费问题的通知
发文单位：国家科学技术委员会
发文时间：1987年2月20日
文    号：[87]国科发干字0111号
13. 科技人员出国工作若干问题暂行规定
发文单位：国家科学技术委员会
发文时间：1992年7月17日
文    号：（92）国科发改字487号
14. 关于设立专业组、学科组的若干规定
发文单位：国家科学技术委员会
发文时间：1979年12月14日
文    号：（79）国科发计字752号
15. 技术引进工作审查暂行办法
发文单位：国家科学技术委员会 国家进出口委员会
发文时间：1981年12月23日
文    号：（81）国科发计字第809号
说    明：已被《禁止进口限制进口技术管理办法》（商务部 科技部令2009年第1号）和《中国禁止进口限制进口技术目录》（商务部 科技部令2007年第7号）代替。
16. 关于对涉外科技展览会、博览会及科技表演进行科技保密审查的通知
发文单位：国家科技保密办公室
发文时间：1988年12月5日
文    号：（88）国科密字005号
说    明：已被《对外科技交流保密提醒制度》（国保发[2002]7号）、《科学技术保密规定》（国家科委 国家保密局令第20号）、《国家秘密技术项目持有单位管理暂行办法》（1998年国科发成字[1998]003号）代替。
17. 八六三计划奖励暂行办法
发文单位：国家科学技术委员会
发文时间：1988年12月15日
文    号：（88）国科发新字823号
说    明：统一适用《国家科学技术奖励条例》（国务院令396号）和《国家科学技术奖励条例实施细则》（科学技术部令第1号、第9号、第13号）的规定。
18. “八六三计划”科技成果管理暂行规定
发文单位：国家科学技术委员会
发文时间：1989年11月14日
文    号：（89）国科发成字655号
说    明：已被《关于加强国家科技计划成果管理的暂行规定》（国科发计字[2003]196号）代替。
19. 八六三计划专家委员会（组）选聘换届的原则和程序
发文单位：国家科学技术委员会
发文时间：1991年2月13日
文    号：（91）国科发高字105号
20. 国家科委高技术计划专家工作考核办法（修订稿）
发文单位：国家科学技术委员会
发文时间：1991年2月27日
文    号：（91）国科发高字136号
21. 部门参与八六三计划组织实施意见（试行）
发文单位：国家科学技术委员会
发文时间：1992年1月14日
文    号：（92）国科发高字031号
22. 国家级科技成果推广计划年度计划项目选项评审认定实施办法
发文单位：国家科学技术委员会
发文时间：1994年9月26日
文    号：国科发计字[1994]238号
23. 科技开发贷款项目管理暂行规定
发文单位：国家科学技术委员会
发文时间：1995年9月21日
文    号：国科发计字[1995]368号
24. 关于实施“星火计划”的暂行规定
发文单位：国家科学技术委员会
发文时间：1986年6月10日
文    号：（86）国科发综字0390号
说    明：已被《星火计划管理办法》（国科发农社字[2002]1号）代替。
25. 星火计划管理办法（试行）
发文单位：国家科学技术委员会
发文时间：1996年4月19日
文    号：国科发计字[1996]165号
说    明：已被《星火计划管理办法》（国科发农社字[2002]1号）代替。
26. 建立科技评估机构应具备的基本条件
发文单位：国家科学技术委员会
发文时间：1998年2月20日
文    号：国科发计字[1998]052号
27. 科技评估管理暂行办法
发文单位：科学技术部
发文时间：2000年12月28日
文    号：国科发计字[2000]588号
28. 科技评估、科技项目招标投标工作资格认定暂行办法
发文单位：科学技术部
发文时间：2001年1月4日
文    号：国科发计字[2001]4号
29. 关于自然科学类期刊审批手续的通知
发文单位：国家科学技术委员会
发文时间：1982年8月24日
文    号：（82）国科发条字148号
说    明：统一适用新闻出版总署相关规定。
30. 全国科技情报刊物暂行管理办法
发文单位：国家科学技术委员会
发文时间：1985年9月10日
文    号：（85）国科发情字893号
说    明：统一适用新闻出版总署相关规定。
31. 国家科学技术委员会863计划经费管理实施细则（试行）
发文单位：国家科学技术委员会
发文时间：1987年8月31日
文    号：（87）国科发条字0627号
说    明：已被《国家高技术研究发展计划（863计划）专项经费管理办法》（财教[2006]163号）代替。
32. 国家科委关于“863”计划自由外汇使用的暂行规定
发文单位：国家科学技术委员会
发文时间：1990年2月6日
文    号：（90）国科发财字065号
33. “863”计划非贸易外汇额度管理办法（试行）
发文单位：国家科学技术委员会
发文时间：1990年7月16日
文    号：（90）国科发财字第501号
34. 科学技术期刊审读办法
发文单位：国家科学技术委员会
发文时间：1992年5月5日
文    号：（92）国科发情字304号
说    明：统一适用新闻出版总署相关规定。
35. 国家自然科学基金委员会事业收入管理暂行办法
发文单位：国家科学技术委员会 财政部
发文时间：1992年9月24日
文    号：（92）国科发财字661号
36. 国家科委“八六三”计划国有资产管理暂行规定（试行）
发文单位：国家科学技术委员会
发文时间：1993年3月12日
文    号：（93）国科发财字132号
说    明：已被2006年《国家高技术研究发展计划（863计划）专项经费管理办法》（财教[2006]163号）代替。
37. 科技期刊作者、审者、编者工作准则
发文单位：国家科学技术委员会
发文时间：1994年8月2日
文    号：国科发信字[1994]149号
说    明：统一适用新闻出版总署相关规定。
38. 关于落实中办发[1999]30号文件精神调整科技期刊结构的通知
发文单位：科学技术部
发文时间：1999年12月22日
文    号：国科发财字[1999]614号
说    明：统一适用新闻出版总署相关规定。
39. 关于严肃财经纪律，加强科技经费管理的通知
发文单位：国家科学技术委员会
发文时间：1993年8月18日
文    号：（93）国科发财字441号
说    明：新的经费管理要求已在各类计划经费管理办法中体现。
40. 计算机集成制造系统应用示范工程实施办法
发文单位：国家科学技术委员会
发文时间：1997年5月27日
文    号：国科发高字[1997]250号
41. 生产力促进中心管理办法
发文单位：科学技术部
发文时间：2003年12月15日
文    号：国科发高字[2003]433号
说    明：省级以下生产力促进中心由省级科学技术部门进行认定和管理，国家级示范生产力促进中心的认定和管理适用《国家级示范生产力促进中心认定和管理办法》（国科发高字[2007]403号）和《国家级示范生产力促进中心绩效评价工作细则》（国科办高字[2007]75号）。
42. 中欧伽利略计划合作专项内部管理暂行办法
发文单位：科学技术部高新技术发展及产业化司
发文时间：2005年9月22日
文    号：国科高函[2005]57号
说    明：已被《中欧伽利略计划合作专项内部管理暂行办法》（修订版）（国科高函[2005]62号）代替。
43. 重点开放实验室运行补助费管理暂行办法
发文单位：国家科学技术委员会
发文时间：1989年12月6日
文    号：（89）国科发高字700号
说    明：国家重点实验室运行补助费已调整为国家（重点）实验室引导经费，其使用按照《国家重点实验室建设与运行管理办法》（国科发基[2008]539号）和《国家重点实验室专项经费管理办法》（财教[2008]531号）执行。
44. 开放实验室运行补助费管理办法和评议细则
发文单位：国家科学技术委员会
发文时间：1991年8月8日
文    号：（91）国科发高字565号
说    明：国家重点实验室运行补助费已调整为国家（重点）实验室引导经费，其使用按照《国家重点实验室建设与运行管理办法》（国科发基[2008]539号）和《国家重点实验室专项经费管理办法》（财教[2008]531号）执行。
45. 农作物品种资源对外交换和国外引种的暂行管理办法
发文单位：国家科学技术委员会 国家农业委员会
发文时间：1980年4月12日
文    号：（80）国科发四字366号
说    明：统一适用《种子法》等法律法规的规定。
46. 县（市）科技工作达标验收实施细则（试行）
发文单位：国家科学技术委员会体制改革司
发文时间：1992年4月6日
文    号：[92]国科改字018号
说    明：已被《科技兴县（市）专项管理办法》（国科发农字[2007]476号）代替。
47. 关于开展科技特派员基层创业行动试点工作的若干意见
发文单位：科学技术部 人事部
发文时间：2004年12月31日
文    号：国科发政字[2004]542号
说    明：已被《关于深入开展科技特派员农村科技创业行动的意见》（国科发农[2009]242号）代替。
48. 《药品非临床研究质量管理规定（试行）》实施指南（试行）
发文单位：国家科学技术委员会
发文时间：1996年8月6日
文    号：国科发社字[1996]342号
49. 《药品非临床研究质量管理规定（试行）》执行情况验收检查指南（试行）
发文单位：国家科学技术委员会
发文时间：1996年8月6日
文    号：国科发社字[1996]342号
50. 我国履行《联合国气候变化框架公约》过程中对外开展在试验阶段共同执行活动项目合作的暂行管理办法
发文单位：国家科学技术委员会 外交部 国家计划委员会 中国气象局
发文时间：1997年9月29日
文    号：国科发社字[1997]473号
51. 传染性非典型肺炎病毒研究实验室暂行管理办法
发文单位：科学技术部 卫生部 国家食品药品监督管理局 国家环境保护总局
发文时间：2003年5月7日
文    号：国科发农社字[2003]129号
说    明：统一适用《病源微生物实验室生物安全管理条例》（国务院令第424号）的规定。
52. 传染性非典型肺炎病毒的毒种保存、使用和感染动物模型的暂行管理办法
发文单位：科学技术部 卫生部 国家食品药品监督管理局 国家环境保护总局
发文时间：2003年5月7日
文    号：国科发农社字[2003]129号
说    明：统一适用《病源微生物实验室生物安全管理条例》（国务院令第424号）的规定。
53. 关于进一步加强非典型肺炎研究生物安全管理工作的紧急通知
发文单位：科学技术部
发文时间：2003年6月6日
文    号：国科发农社字[2003]175号
说    明：统一适用《病源微生物实验室生物安全管理条例》（国务院令第424号）的规定。
54. 关于生物安全三级实验室建设与管理有关事项的通知
发文单位：科学技术部
发文时间：2003年6月27日
文    号：国科发农社字[2003]212号
说    明：统一适用《病源微生物实验室生物安全管理条例》（国务院令第424号）的规定。
55. “《发明奖励条例》若干条款的说明”及《发明申报书》编写格式
发文单位：国家科学技术委员会
发文时间：1983年1月26日
文    号：（83）国科发管字044号
说    明：统一适用《国家科学技术奖励条例》（国务院令第396号）、《国家科学技术奖励条例实施细则》（科学技术部令第1号、第9号、第13号）的规定。
56. 关于改进国家发明奖报批程序的通知
发文单位：国家科学技术委员会
发文时间：1986年2月17日
文    号：[1986]国科发奖字第0086号
说    明：统一适用《国家科学技术奖励条例》（国务院令第396号）、《国家科学技术奖励条例实施细则》（科学技术部令第1号、第9号、第13号）的规定。
57. 国家科技进步奖科技著作评审工作暂行规定
发文单位：国家科学技术委员会
发文时间：1997年4月16日
文    号：国科发奖字[1997]162号
58. 国家科学技术奖励推荐和评审工作的补充规定
发文单位：国家科学技术委员会
发文时间：1997年8月1日
文    号：国科发奖字[1997]353号
说    明：已被《国家科学技术奖励条例实施细则》（科学技术部令第1号、第9号、第13号）代替。
59. 国家科技成果推广项目奖励暂行规定
发文单位：国家科学技术委员会
发文时间：1998年2月10日
文    号：国科发奖字[1998]033号
60. 关于科学技术研究成果管理的规定
发文单位：国家科学技术委员会
发文时间：1984年2月22日
文    号：（84）国科发管字141号
61. 中华人民共和国国家科学技术委员会关于同苏联、东欧国家相互有偿转让科技成果的管理办法（试行）
发文单位：国家科学技术委员会
发文时间：1988年6月18日
文    号：（88）国科发成字330号
62. 对药品、医疗器械、食品与饮料、化妆品科学技术成果鉴定的补充规定
发文单位：国家科学技术委员会
发文时间：1990年1月9日
文    号：（90）国科发成字024号
说    明：已被《科学技术成果鉴定办法》（国家科学技术委员会令第19号）代替。
63. 关于技术市场统计工作的若干规定
发文单位：国家科学技术委员会 国家统计局
发文时间：1986年6月15日
文    号：（86）国科发成字0503号
说    明：已被《技术市场统计工作规定》（国科发市字[1990]092号）代替。
64. 国家科学技术委员会火炬奖励办法（试行）
发文单位：国家科学技术委员会
发文时间：1995年12月20日
文    号：国科发火字[1995]507号
65. 火炬计划统计管理办法
发文单位：国家科学技术委员会火炬计划办公室 国家科学技术委员会综合计划司
发文时间：1996年1月11日
文    号：国科火字[1996]02号
说    明：已被《火炬计划统计工作管理办法》（国科发火字[2003]30号）代替。
66. 国家高新技术产品目录
发文单位：国家科学技术委员会
发文时间：1997年8月4日
文    号：国科发火字[1997]357号
说    明：已被《中国高新技术产品目录2006》（国科发计字[2006]370号）代替。
67. 关于国家高新技术产业开发区外高新技术企业认定工作有关执行规定的通知
发文单位：科学技术部火炬中心
发文时间：2000年11月3日
文    号：国科火字[2000]120号
说    明：统一适用《高新技术企业认定管理办法》（国科发火[2008]172号）的规定。
68. 高新技术创业服务中心管理办法
发文单位：科学技术部
发文时间：2005年1月13日
文    号：国科发火字[2005]15号
说    明：已被《科技企业孵化器认定和管理办法》（国科发高[2010]680号）代替。
二、决定宣布失效的规范性文件目录（28件）
1. 二十三种大型精密仪器管理试行办法
发文单位：国家科学技术委员会
发文时间：1979年10月5日
文    号：（79）国科发条字578号
2. 关于启动重要技术标准研究专项企业试点工作的通知
发文单位：科学技术部 国家质量监督检验检疫总局
发文时间：2004年8月16日
文    号：国科发计字[2004]260号
3. 关于科技情报刊物政策性补贴的规定
发文单位：国家科学技术委员会
发文时间：1980年7月7日
文    号：（80）国科发研字482号
4. 关于科技情报刊物公开发行的规定（试行草案）
发文单位：国家科学技术委员会
发文时间：1980年5月26日
文    号：（80）国科发研字396号
5. 新型器材出口工作试行办法
发文单位：国家科学技术委员会
发文时间：1981年1月31日
文    号：（81）国科发二字040号
6. 全国科学技术情报工作条例
发文单位：国家科学技术委员会
发文时间：1984年4月30日
文    号：（84）国科发情字340号
7. 国家科委科技项目借款管理暂行办法
发文单位：国家科学技术委员会
发文时间：1986年9月22日
文    号：（86）国科发条字0658号
8. 省（自治区、直辖市）分析测试中心考核办法
发文单位：国家科学技术委员会
发文时间：1987年11月27日
文    号：（87）国科发条字0842号
9. 省（自治区、直辖市）计算中心考核办法
发文单位：国家科学技术委员会
发文时间：1987年11月27日
文    号：（87）国科发条字0850号
10. 军工技术转民用科技开发贷款项目管理办法（试行）
发文单位：国家科学技术委员会
发文时间：1989年6月7日
文    号：（89）国科发成字301号
11. 关于进入大中型工业企业科研单位科学事业费管理办法
发文单位：国家科学技术委员会
发文时间：1989年5月18日
文    号：（89）国科发财字263号
12. 国家科委“八六三”计划统配物资管理暂行规定
发文单位：国家科学技术委员会
发文时间：1989年12月11日
文    号：（89）国科发财字714号
13. 科技开发贷款项目管理办法（试行）
发文单位：国家科学技术委员会 中国工商银行
发文时间：1990年4月21日
文    号：（90）国科发财字289号
14. 关于实行差额预算管理的技术开发类型科研单位交纳“两项基金”计算办法的通知
发文单位：国家科学技术委员会  财政部
发文时间：1989年12月13日
文    号：[1989]国科发财字723号
15. 国家科委科学实验统配物资管理暂行规定
发文单位：国家科学技术委员会
发文时间：1990年6月14日
文    号：（90）国科发财字433号
16. 科技企业会计核算规程
发文单位：国家科学技术委员会
发文时间：1993年5月15日
文    号：（93）国科发财字275号
17. 科技周转金管理办法
发文单位：国家科学技术委员会 财政部
发文时间：1996年7月18日
文    号：国科发财字[1996]320号
18. 制造业信息化科技工程“甩图纸”、“甩帐表”示范企业评估指导意见
发文单位：科学技术部高新技术及产业化司
发文时间：2008年10月23日
文    号：国科高便字[2008]229号
19. 国家基础性研究重大关键项目计划编制和立项暂行办法
发文单位：国家科学技术委员会
发文时间：1991年7月22日
文    号：（91）国科发高字521号
20. 国家基础性研究重大关键项目管理暂行办法
发文单位：国家科学技术委员会
发文时间：1991年7月31日
文    号：（91）国科发高字537号
21. 攀登计划财务管理暂行办法
发文单位：国家科学技术委员会
发文时间：1993年3月3日
文    号：（93）国科发高字110号
22. 《国家基础性研究重大关键项目计划编制、立项暂行办法》的补充规定
发文单位：国家科学技术委员会
发文时间：1993年6月10日
文    号：（93）国科发高字342号
23. 国家重大科技专项“功能基因组和生物芯片”管理实施细则
发文单位：科学技术部农村与社会发展司
发文时间：2003年6月18日
文    号：国科农社函（2003）57号
24. 技术合同仲裁文书
发文单位：国家科学技术委员会技术合同仲裁委员会
发文时间：1992年6月19日
文    号：[92]国科仲字001号
25. 技术合同仲裁员办案须知
发文单位：国家科学技术委员会技术合同仲裁委员会
发文时间：1993年3月20日
文    号：[93]国科仲字006号
26. 火炬计划标志使用管理办法
发文单位：国家科学技术委员会火炬计划办公室
发文时间：1996年12月17日
文    号：国科火字[1996] 110号
27. 技术经纪资格认定暂行办法
发文单位：国家科学技术委员会
发文时间：1997年9月11日
文    号：国科发市字[1997]433号
28. 关于加强技术交易会管理的通知
发文单位：国家科学技术委员会
发文时间：1997年4月24日
文    号：国科发市字[1997]193号
[放大字体]
[缩小字体]
[打印]
[关闭窗口]
[返回顶部]
相关文档",科学技术部,全国,科技部-科技政策,科技人才,https://www.most.gov.cn/xxgk/xinxifenlei/fdzdgknr/fgzc/bmgz/201102/t20110215_84766.html,,10436,,2026-04-25 16:19:21,ok
科学技术部令第13号 关于修改《国家科学技术奖励条例实施细则》的决定,2008-12-02,"标 题：
科学技术部令第13号 关于修改《国家科学技术奖励条例实施细则》的决定
索 引 号：
306-03-2008-597
发文机构：
科学技术部
成文日期：
2008年12月23日
发布日期：
2009年01月08日
发文字号：
科学技术部令第13号
有 效 性：
废止
科学技术部令第13号 关于修改《国家科学技术奖励条例实施细则》的决定
为进一步做好国家科学技术奖励工作，保证国家科学技术奖的评审质量，科学技术部对1999年12月24日公布、2004年12月27日修改的《国家科学技术奖励条例实施细则》（科学技术部令第9号）进行了再次修改，并以科学技术部令第13号公布了《关于修改<国家科学技术奖励条例实施细则>的决定》。现将全文公布如下。
[放大字体]
[缩小字体]
[打印]
[关闭窗口]
[返回顶部]
相关文档
科技部副部长曹健林就《国家科学技术奖励条例实施细则》修订答记者问
关于修改《国家科学技术奖励条例实施细则》的决定",科学技术部,全国,科技部-科技政策,科技人才,https://www.most.gov.cn/xxgk/xinxifenlei/fdzdgknr/fgzc/bmgz/200901/t20090108_66597.html,,419,https://www.most.gov.cn/xxgk/xinxifenlei/fdzdgknr/fgzc/bmgz/200901/P020090108623598030154.pdf,2026-04-25 16:19:24,ok
国务院关于废止部分行政法规的决定（节选）,2008-01-01,"标 题：
国务院关于废止部分行政法规的决定（节选）
索 引 号：
306-03-2008-707
发文机构：
国务院
成文日期：
2008年01月15日
发布日期：
2008年03月03日
发文字号：
国务院令第516号
有 效 性：
国务院关于废止部分行政法规的决定（节选）
中华人民共和国国务院令
第516号
现公布《国务院关于废止部分行政法规的决定》，自公布之日起生效。
总理  温家宝
二○○八年一月十五日
为了更好地适应加快建设法治政府、全面推进依法行政的要求，国务院对截至2006年底现行行政法规共655件进行了全面清理。经过清理，国务院决定：
一、对主要内容被新的法律或者行政法规所代替的49件行政法规，予以废止。（目录见附件1）
二、对适用期已过或者调整对象已经消失，实际上已经失效的43件行政法规，宣布失效。（目录见附件2）
本决定自公布之日起生效。
附件：1.国务院决定废止的行政法规目录（49件）
2.国务院决定宣布失效的行政法规目录（43件）
附件1
国务院决定废止的行政法规目录（49件）
序号
法规名称
公布机关及日期
说明
31
关于发挥离休退休专业技术人员作用的暂行规定
中共中央组织部、中共中央宣传部、中共中央统战部、国家科委、劳动人事部、中国科协、中国人民解放军总政治部制定中共中央书记处、国务院批准  1986年10月6日中共中央办公厅、国务院办公厅转发
已被2005年2月23日《中共中央办公厅、国务院办公厅转发〈中央组织部、中央宣传部、中央统战部、人事部、科技部、劳动保障部、解放军总政治部、中国科协关于进一步发挥离退休专业技术人员作用的意见〉的通知》代替。
附件2
国务院决定宣布失效的行政法规目录（43件）
序号
法规名称
公布机关及日期
说明
15
自然科学研究机构建立、调整的审批试行办法
1983
年2月23日
国务院批准1983年3月17日国家科学技术委员会公布
适用期已过，实际上已经失效。
35
赋予科研院所科技产品进出口权暂行办法
1993
年9月4日
国务院批准1993年10月16日对外贸易经济合作部、国家科学技术委员会公布
调整对象已消失，实际上已经失效。
（来源：中国政府网）
[放大字体]
[缩小字体]
[打印]
[关闭窗口]
[返回顶部]
相关文档",国务院,全国,科技部-科技政策,科技人才,https://www.most.gov.cn/xxgk/xinxifenlei/fdzdgknr/fgzc/flfg/200811/t20081129_65707.html,,960,,2026-04-25 16:19:26,ok
国务院关于废止2000年底以前发布的部分行政法规的决定（节选）,2001-10-06,"标 题：
国务院关于废止2000年底以前发布的部分行政法规的决定（节选）
索 引 号：
306-03-2001-700
发文机构：
国务院
成文日期：
2001年10月06日
发布日期：
2008年03月03日
发文字号：
国务院令第319号
有 效 性：
国务院关于废止2000年底以前发布的部分行政法规的决定（节选）
中华人民共和国国务院令
（第319号）
现将《国务院关于废止2000年底以前发布的部分行政法规的决定》予以公布。
总理 朱镕基
2001年10月6日
国务院关于废止2000年底以前发布的部分行政法规的决定（节选）
自1994年对建国以来至1993年底国务院（含政务院）发布或者批准发布的行政法规进行全面清理以来，客观情况又发生了很大变化。为了适应改革开放和建立健全社会主义市场经济体制及我国加入世界贸易组织新形势的需要，国务院对截至2000年底现行行政法规共756件进行了全面的清理。经过清理，国务院决定：
一、对主要内容与新的法律或者已经修改的法律、党和国家新的方针政策或者已经调整的方针政策不相适应的，以及已被新的法律或者行政法规所代替的71件行政法规，予以废止（目录见附件一）。
二、对适用期已过或者调整对象已经消失，实际上已经失效的80件行政法规，宣布失效（目录见附件二）。
三、对1994年至2000年底公布的法律、行政法规已经明令废止的70件行政法规，统一公布（目录见附件三）。
附件
一、国务院决定废止的行政法规目录（71件）
二、国务院决定宣布失效的行政法规目录（80件）
三、1994年至2000年底公布的法律、行政法规中已明令废止的行政法规目录（70件）
附件一 国务院决定废止的行政法规目录（71件）
序号
法规名称
发布机关及日期
说明
38
关于技术转让的暂行规定
1985
年1月10日
国务院发布
已被1996年5月15日全国人大常委会通过并公布的《中华人民共和国促进科技成果转化法》、1999年3月15日全国人大通过并公布的《中华人民共和国合同法》、1992年11月30日国务院批准 财政部发布的《企业财务通则》、1999年3月30日《国务院办公厅转发科技部等部门关于促进科技成果转化若干规定的通知》代替。
63
技术合同管理暂行规定
1988
年2月27日
国务院批准 1988年3月21日国家科委发布
主要内容与1994年8月31日全国人大常委会通过并公布的《中华人民共和国仲裁法》、1999年3月15日全国人大通过并公布的《中华人民共和国合同法》等不相适应。
66
中华人民共和国技术合同法实施条例
1989
年2月15日
国务院批准 1989年3月15日国家科学技术委员会令第4号发布
已被1999年3月15日全国人大通过并公布的《中华人民共和国合同法》代替。
附件二     国务院决定宣布失效的行政法规目录（80件）
序号
法规名称
发布机关及日期
说明
19
工程技术干部技术职称暂行规定
国家科学技术委员会、国家经济委员会、国务院科学技术干部局制定 1979年12月10日国务院批转
调整对象已消失，实际上已经失效。
42
关于科技人员合理流动的若干规定
1983
年7月13日
国务院发布
49
关于改进技术进步工作的若干暂行规定
国家经济委员会制定 1985年2月8日国务院批转
适用期已过，实际上已经失效。
50
关于推进国营企业技术进步若干政策的暂行规定
国家经济委员会、财政部、中国人民银行制定 1985年2月8日国务院批转
适用期已过，实际上已经失效。
55
关于扩大科学技术研究机构自主权的暂行规定
1986
年4月19日
国务院发布
适用期已过，实际上已经失效。
57
关于进一步推进科技体制改革的若干规定
1987
年1月20日
国务院发布
适用期已过，实际上已经失效。
58
关于推进科研设计单位进入大中型工业企业的规定
1987
年1月20日
国务院发布
适用期已过，实际上已经失效。
68
关于国家科研单位和部属院校科技人员参加黄淮海平原农业研究与开发有关问题的试行办法
国家土地开发建设管理基金领导小组制定 1988年8月27日国务院批准发布
适用期已过，实际上已经失效。
77
技术合同仲裁机构管理暂行规定
1990
年12月30日
国务院批准 1991年1月21日国家科学技术委员会令第11号发布
调整对象已消失，实际上已经失效。
附件三     行政法规中已明令废止的行政法规目录（62件）
序号
法规名称
发布机关及日期
说明
45
中华人民共和国发明奖励条例
1978
年12月28日
国务院发布
被1999年4月28日国务院第16次常务会议通过、1999年5月23日中华人民共和国国务院令第265号发布的《国家科学技术奖励条例》明令废止。
46
中华人民共和国自然科学奖励条例
1979
年11月21日
国务院发布
被1999年4月28日国务院第16次常务会议通过、1999年5月23日中华人民共和国国务院令第265号发布的《国家科学技术奖励条例》明令废止。
47
中华人民共和国发明奖励条例
1984
年4月25日
国务院修订发布
被1999年4月28日国务院第16次常务会议通过、1999年5月23日中华人民共和国国务院令第265号发布的《国家科学技术奖励条例》明令废止。
48
中华人民共和国自然科学奖励条例
1984
年4月25日
国务院修订发布
被1999年4月28日国务院第16次常务会议通过、1999年5月23日中华人民共和国国务院令第265号发布的《国家科学技术奖励条例》明令废止。
49
中华人民共和国科学技术进步奖励条例
1984
年9月12日
国务院发布
被1999年4月28日国务院第16次常务会议通过、1999年5月23日中华人民共和国国务院令第265号发布的《国家科学技术奖励条例》明令废止。
52
中华人民共和国自然科学奖励条例
1993
年6月28日
国务院第二次修订发布
被1999年4月28日国务院第16次常务会议通过、1999年5月23日中华人民共和国国务院令第265号发布的《国家科学技术奖励条例》明令废止。
53
中华人民共和国发明奖励条例
1993
年6月28日
国务院第二次修订发布
被1999年4月28日国务院第16次常务会议通过、1999年5月23日中华人民共和国国务院令第265号发布的《国家科学技术奖励条例》明令废止。
54
中华人民共和国科学技术进步奖励条例
1993
年6月28日
国务院修订发布
被1999年4月28日国务院第16次常务会议通过、1999年5月23日中华人民共和国国务院令第265号发布的《国家科学技术奖励条例》明令废止。
（来源：中国政府网）
[放大字体]
[缩小字体]
[打印]
[关闭窗口]
[返回顶部]
相关文档",国务院,全国,科技部-科技政策,科技人才,https://www.most.gov.cn/xxgk/xinxifenlei/fdzdgknr/fgzc/flfg/200811/t20081129_65700.html,,2802,,2026-04-25 16:19:28,ok
科学技术部令第12号 科学技术部关于废止部分规章与规范性文件的决定,2008-01-02,"标 题：
科学技术部令第12号 科学技术部关于废止部分规章与规范性文件的决定
索 引 号：
306-03-2008-719
发文机构：
科学技术部
成文日期：
2008年01月25日
发布日期：
2008年02月29日
发文字号：
科学技术部令第12号
有 效 性：
有效
科学技术部令第12号 科学技术部关于废止部分规章与规范性文件的决定
《科学技术部关于废止部分规章与规范性文件的决定》已经科学技术部2007年第31次部务会议审议通过，现予公布，自公布之日起施行。
部长 万 钢
二ＯＯ八年一月二十五日
科学技术部关于废止部分规章与规范性文件的决定
为了适应新时期科技事业发展的需要，建设有利于自主创新的法制环境，科技部对所发布的规章和规范性文件进行了清理。经商有关部门同意，现决定：
一、对《国家秘密技术出口审查暂行规定》等7件规章予以废止，对《发明奖励条例实施细则》等3件规章宣布失效（见附件1）。
二、对《大型精密仪器管理暂行办法》等16件规范性文件予以废止，对《技术创新工程区域试点管理办法（试行）》等10件规范性文件宣布失效（见附件2）。
附件：1. 科学技术部决定废止和宣布失效的规章目录
2. 科学技术部决定废止和宣布失效的规范性文件目录
附件1：
科学技术部决定废止和宣布失效的规章目录
一、决定废止的规章目录（7件）
1．国家秘密技术出口审查暂行规定
发布时间、机关与文号：1989年12月6日 国家科委、国家保密局令第6号
说明：已被科技部、国家保密局、外经贸部《国家秘密技术出口审查规定》（1998年10月30日 国科发计字[1998]425号）代替。
2．技术合同认定登记管理办法
发布时间、机关与文号：1990年7月6日 国家科委令第7号
说明：已被科技部、财政部、国家税务总局《技术合同认定登记管理办法》（2000年2月16日 国科发政字[2000]63号）代替。
3．科学技术期刊管理办法
发布时间、机关与文号：1991年6月5日 国家科委、新闻出版总署令第12号
说明：有关科技期刊的行政许可由新闻出版总署统一实施，科学技术行政部门对科技期刊的管理按照新闻出版总署、科技部《关于调整科技期刊申报程序和审批办法的通知》（2005年4月20日 新出联[2005]9号）的规定执行。
4．国际科技合作奖授予办法
发布时间、机关与文号：1992年6月1日 国家科委令第14号
说明：已被《国家科学技术奖励条例》（1999年5月23日国务院令第265号发布，2003年12月20日国务院令第396号修订）及其实施细则代替。
5．药品非临床研究质量管理规定（试行）
发布时间、机关与文号：1993年12月11日 国家科委令第16号
说明：已被《药品非临床质量管理规范》（2003年8月6日 国家食品药品监督管理局令第2号）代替。
6．国家高技术研究发展计划知识产权管理办法（试行）
发布时间、机关与文号：1994年2月8日 国家科委令第18号
说明：国务院办公厅转发科技部、财政部《关于国家科研计划项目成果知识产权管理的若干规定》（2002年3月5日 国办发[2002]30号）和科技部《关于加强国家科技计划知识产权管理工作的规定》（2003年4月4日 国科发政字[2003]94号）已涵盖本办法内容。
7．技术交易会管理暂行办法
发布时间、机关与文号：1990年12月7日 国家科委令第10号
说明：科技部已取消对技术交易会的审批管理。
二、决定宣布失效的规章目录（3件）
1．发明奖励条例实施细则
发布时间、机关与文号：1989年8月2日 国家科委令第5号
说明：其上位法规《发明奖励条例》已废止。
2．国家星火奖励办法实施细则
发布时间、机关与文号：1990年9月25日 国家科委令第9号
说明：星火奖已取消。
3．自然科学奖励条例实施细则
发布时间、机关与文号：1993年5月8日 国家科委令第15号
说明：其上位法规《自然科学奖励条例》已废止。
附件2：
科学技术部决定废止和宣布失效的规范性文件目录
一、决定废止的规范性文件目录（16件）
1. 大型精密仪器管理暂行办法
发布时间与机关：1982年3月25日 国家科委
2. 关于设立中外合资研究开发机构、中外合作研究开发机构的暂行办法
发布时间、机关与文号：1997年9月10日 国家科委 国科发政字[1997]430号
3. 关于加强仪器设备更新和危房修缮专项资金管理的暂行规定
发布时间、机关与文号：1993年8月31日 国家科委、财政部 [93]国科发财字476号
说明：已被财政部《中央级科学事业单位修缮购置专项资金管理办法》（财教[2006]118号）代替。
4. 关于加强仪器设备更新专项资金管理的补充规定
发布时间、机关与文号：1996年3月6日 国家科委、财政部 国科发财字[1996]104号
说明：已被财政部《中央级科学事业单位修缮购置专项资金管理办法》（财教[2006]118号）代替。
5. 国家大学科技园管理试行办法
发布时间、机关与文号：2000年11月27日 科技部、教育部国科发高字[2000]530号
说明：已被科技部、教育部《国家大学科技园认定和管理办法》（国科发高字[2006]487号）代替。
6. 国家高新技术创业服务中心认定暂行办法
发布时间、机关与文号：1996年1月28日 国家科委 国科发火字[1996]042号
说明：已被科技部《科技企业孵化器（高新技术创业服务中心）认定和管理办法》（国科发高字[2006]498号）代替。
7. 国家高技术研究发展计划科技成果申请国际专利补助金管理办法(暂行)
发布时间、机关与文号：2000年10月20日 科技部863计划联合办公室 国科高联字[2000]007号
说明：财政部、科技部、总装备部《国家高技术研究发展计划（863计划）专项经费管理办法》（财教[2006]163号）已涵盖本办法内容。
8. 关于“863”计划外事管理工作的实施细则
发布时间、机关与文号：1987年10月27日 国家科委 [87]国科发外字0784号
9. 关于进一步加强境内国际科技会议及展览会管理的通知
发布时间、机关与文号：1999年1月11日 科技部、外交部、海关总署 国科发外字[1999]012号
说明：已被中共中央办公厅《关于在华举办国际会议的管理办法》（中办发[2006]10号）和科技部、外交部、海关总署、国家工商行政管理总局《国际科学技术会议与展览管理暂行办法》（国科发外字[2001]311号）代替。
10. 软科学研究成果评审办法
发布时间、机关与文号：1995年6月15日 国家科委 国科发政字[1995]249号
说明：已被科技部《国家软科学研究计划管理办法》（国科发办字[2007]87号）代替。
11. 软科学研究成果评审办法实施细则
发布时间、机关与文号：1997年2月9日 国家科委 国科发政字[1997]061号
说明：已被科技部《国家软科学研究计划管理办法》（国科发办字[2007]87号）代替。
12. 国家软科学研究计划项目申报管理办法
发布时间与机关：1993年5月17日 国家科委
说明：已被科技部《国家软科学研究计划管理办法》（国科发办字[2007]87号）代替。
13. 国家科委软科学研究计划管理工作规范
发布时间与机关：1990年6月9日 国家科委
说明：已被科技部《国家软科学研究计划管理办法》（国科发办字[2007]87号）代替。
14. 关于加强科技人员流动中技术秘密管理的若干意见
发布时间、机关与文号：1997年7月2日 国家科委 国科发政字[1997]317号
15. 关于正确处理科技纠纷案件的若干问题的意见
发布时间、机关与文号：1995年4月5日 国家科委 国科发政字[1995]134号
16．科技查新机构管理办法
发布时间、机关与文号：2000年12月7日 科技部 国科发计字[2000]544号
二、决定宣布失效的规范性文件目录（10件）
1．技术创新工程区域试点管理办法（试行）
发布时间、机关与文号：1998年8月11日 科技部 国科发高字[1998]292号
2．国家科技成果重点推广计划管理办法
发布时间、机关与文号：1997年5月9日 国家科委 国科发计字[1997]223号
3．国家高技术研究发展计划（863计划）课题评审程序规范（试行）
发布时间、机关与文号：2002年4月9日 科技部863计划联合办公室 国科计联函[2002]1号
4. 863计划主题项目和重大专项管理主体主要职责
发布时间、机关与文号：2002年7月22日 科技部 国科发计字[2002]230号
5. 863计划滚动支持和快速反应课题立项原则和程序
发布时间、机关与文号：2003年4月16日 科技部 国科发计字[2003]104号
6. “十五”国家高技术研究发展计划（863计划）课题验收规范
发布时间、机关与文号：2004年8月19日 科技部863计划联合办公室 国科计联函[2004]9号
7. 国家863计划成果产业化基地认定和管理办法
发布时间、机关与文号：2003年5月20日 科技部 国科发计字[2003]166号
8．国家星火奖励办法
发布时间与机关：1987年7月2日 国家科委
9. 首都圈（环北京）防沙治沙应急技术研究与示范项目管理办法
发布时间、机关与文号：2001年1月16日 科技部 国科农社字[2001]6号
10. 科研院所社会公益研究专项资金管理暂行办法
发布时间、机关与文号：2000年4月26日 科技部、财政部 国科发财字[2000]177号
[放大字体]
[缩小字体]
[打印]
[关闭窗口]
[返回顶部]
相关文档",科学技术部,全国,科技部-科技政策,科技人才,https://www.most.gov.cn/xxgk/xinxifenlei/fdzdgknr/fgzc/bmgz/200811/t20081129_65719.html,,3995,,2026-04-25 16:19:30,ok
上海市人民政府,2026-04-02,"无障碍操作说明
跳转到网站导航区
跳转到主要内容区域
ENGLISH
日本語
한국어
DEUTSCH
FRANÇAIS
ESPAÑOL
PORTUGUÊS
РУССКИЙ
العربية
ITALIANO
登录
注册
关怀版
简
繁
无障碍
长者版
关怀版
ENGLISH
日本語
한국어
DEUTSCH
FRANÇAIS
ESPAÑOL
PORTUGUÊS
РУССКИЙ
العربية
ITALIANO
首页、政务服务、要闻动态、政务公开、政民互动和走进上海内容请使用tab按钮切换浏览
首页
政务服务
要闻动态
政务公开
政民互动
走进上海
邮箱登录
上海市人民政府
海纳百川 · 追求卓越 · 开明睿智 · 大气谦和
本站
本站
站群
搜一下
请输入检索内容！
热门搜索
个人办事、法人办事、部门办事和办事热点内容请使用tab按钮切换浏览
个人办事
职业资格
证件办理
交通出行
医疗卫生
适用人群
本地居民
非本市居民
商贸人士
境外人士
残障人士
生命周期
生育收养
设立变更
户籍办理
准营准办
民族宗教
抵押质押
入伍服役
职业资格
教育科研
行政缴费
就业创业
婚姻登记
优待抚恤
医疗卫生
旅游观光
住房保障
证件办理
知识产权
文化体育
消费维权
社会保障
司法公证
死亡殡葬
离职退休
交通出行
公共安全
环保绿化
规划建设
公用事业
出境入境
其他
个人主题
【上海市】
我要申请机动车相关的驾驶资格
【上海市】
我要办理就医记录册
【上海市】
我是本市居民，我要去台湾地区
【上海市】
我是本市居民，我要去港澳
【上海市】
我要办理非机动车相关业务
法人办事
设立变更
准营准办
资质认证
年检年审
企业类型
内资企业
外商投资企业
港澳台投资企业
非企业法人
其他类型
生命周期
设立变更
社会保障
准营准办
投资审批
资质认证
融资信贷
年检年审
抵押质押
税收财务
商务贸易
人力资源
招标拍卖
公安消防
档案文物
安全生产
法人注销
环保绿化
国土和规划建设
交通运输
检验检疫
海关口岸
农林牧渔
公用事业
涉外服务
水务气象
文化教育
司法公证
应对气候变化
知识产权
质量技术
医疗卫生
科技创新
其他
法人主题
【上海市】
办理高新技术企业相关业务
【上海市】
办理技术合同认定业务
【上海市】
办理货物运输相关业务
【上海市】
我要办理社会团体登记相关业务
【上海市】
办理不动产登记相关业务
部门办事
上海市公安局
上海市民政局
上海市司法局
上海市财政局
适用部门
上海市发展和改革委员会
上海市经济和信息化委员会
上海市商务委员会
上海市教育委员会
上海市科学技术委员会
上海市民族和宗教事务局
上海市公安局
上海市民政局
上海市司法局
上海市财政局
上海市人力资源和社会保障局
上海市规划和自然资源局
上海市生态环境局
上海市住房和城乡建设管理委员会
上海市交通委员会
上海市农业农村委员会
上海市水务局(上海市海洋局)
上海市文化和旅游局
上海市卫生健康委员会
上海市应急管理局
上海市审计局
上海市市场监督管理局
上海市地方金融监督管理局
上海市国有资产监督管理委员会
上海市体育局
上海市统计局
上海市医疗保障局
上海市绿化和市容管理局
上海市国家安全局
国家税务总局上海市税务局
上海市房屋管理局
上海市药品监督管理局
上海市机关事务管理局
上海市国防动员办公室
上海市新闻出版局（上海市
版权局）、上海市电影局
上海市知识产权局
上海市人民政府合作交流办公室
上海市人民政府侨务办公室
上海市粮食和物资储备局
上海市档案局
上海市烟草专卖局
上海市气象局
上海市总工会
上海市残疾人联合会
上海市红十字会
上海市退役军人事务局
中国共产主义青年团上海市委员会
上海市妇女联合会
上海市精神文明建设委员会办公室
上海市邮政管理局
上海市人民检察院
上海市大学生科技创业基金
上海市高级人民法院
上海市人民政府发展研究中心
上海市互联网信息办公室
办事热点
民生保障服务专区
长三角“一网通办”
热门服务
行政权力
公共服务
一件事一次办
全市通办
民生保障服务专区
职业健康
检察为民
企业服务云
毕业生就业
开办企业“一窗通”
长三角“一网通办”
出入境全国通办
涉外服务专窗
电子印章
诉讼服务
在线开具证明
就业社保
随申码开放平台
房地产交易
电子税务局
出入境证件便利化
不动产登记
垃圾分类
国际贸易单一窗口
事项清单
今日上海
要闻
用精细化治理回应老年群体期盼 龚正在基层开展下访调研 ...
2026-04-25
要闻
放大“上海消费”品牌效应 黄莉新率队调研国际消费中心...
2026-04-25
要闻
“五五购物节”将发近2亿元消费券 4月30日启动 推出21项...
2026-04-25
要闻
书香满城 去年上海人均阅读11.49本书 阅读新风尚：偏好...
2026-04-25
要闻
国际花卉节赏花流量正变经济增量 开幕5天迎客429万人次 ...
2026-04-25
集成式发布和政府信息公开内容请使用tab按钮切换浏览
集成式发布
政府信息公开
营商环境
涉外政策
食品经营主体生产活动
人口发展
招生入学
住房保障
养老服务
政策文件
公开指南
公开制度
公开内容
公开年报
政府公报
市政府新闻发布会介绍第七届上海“五五购物节”总体情况及相关工作安排
2026-04-24
上海市人民政府办公厅关于印发《上海市人民政府2026年度立法工作计划》的通知
2026-04-23
上海市人民政府关于贺青等同志职务任免的通知
2026-04-22
市政府新闻发布会介绍上海推进知识产权强市建设、加快新质生产力发展等有关情况
2026-04-21",上海市人民政府,上海市,上海市人民政府-人才政策,人才引进,https://www.shanghai.gov.cn/index.html,,2371,,2026-04-25 16:21:19,ok
政务公开,2026-04-02,"首页
政务公开
决策公开、执行公开、管理公开、服务公开和结果公开内容请使用tab按钮切换浏览
决策公开
市政府公报
市政府规章
市政府文件
市政府会议
市政府公报
现行市政府规章
市政府文件
市政府会议
规划计划
重大行政决策
为民办实事项目
重大建设项目
执行公开
财政公开
公共资源
重大工程
公益事业
财政公开
公共资源
重大工程
公益事业
实事项目
行政执法公示
政府开放
管理公开
市政府领导
人事信息
机构职责
权责清单
市政府领导
市政府工作规则
机构职责
权责清单
随机抽查事项清单
市场准入负面清单
跨境服务贸易负面清单
政府核准的投资项目目录
定价目录清单
定价听证目录清单
人事信息
服务公开
收费清单
公共服务
产业地图
数据开放
基本公共服务项目清单
公共服务事项办理
跑动次数清单
收费清单
行政许可中介服务清单
产业地图
数据开放
证明事项清单
市民价格信息指南
行政备案事项清单
结果公开
政府报告
统计数据
审计公开
建议提案
政府报告
统计数据
审计公开
建议提案
双公示
法治政府建设
近期信息公开和政策文件查询内容请使用tab按钮切换浏览
近期信息公开
市政府新闻发布会介绍第七届上海“五五购物节”总体情况及相关工作安排
2026-04-24
上海市人民政府办公厅关于印发《上海市人民政府2026年度立法工作计划》的通知
2026-04-23
上海市人民政府关于贺青等同志职务任免的通知
2026-04-22
市政府新闻发布会介绍上海推进知识产权强市建设、加快新质生产力发展等有关情况
2026-04-21
上海市发展和改革委员会关于车用汽、柴油价格的通知（2026年4月21日）
2026-04-21
市政府领导
市政府新闻发布
市政府公报
政府信息公开和政务公开制度
政府信息公开指南
政府信息公开目录
政府信息公开年报
市政府信息公开监督保障
机构职责和政府会议等内容请使用tab按钮切换浏览
机构职责
政府会议
规划计划
实事项目
人事信息
统计数据
权责清单
双随机
双公示
财政公开
重点领域
建议提案
现行市政府规章、市政府文件、政策解读、修订废止和党政混合信息内容请使用tab按钮切换浏览
现行市政府规章
市政府文件
政策解读
修订废止
党政混合信息
上海市邮政设施管理办法
2026-01-30
上海市公共法律服务办法
2026-01-30
上海市燃气管道设施保护办法
2026-01-30
上海市人民政府办公厅关于印发《上海市人民政府2026年度立法工作计划》的通知
2026-04-23
上海市人民政府办公厅关于印发《2025年上海市政务公开考核评估结果》的通知
2026-04-23
上海市人民政府关于金跃明同志任职的通知
2026-04-22
关于《上海市人民政府2026年度立法工作计划》的解读说明
2026-04-23
一图读懂《国家数字经济创新发展试验区（上海）实施方案》
2026-04-21
一图读懂《上海全球科技伙伴计划》
2026-04-20
《上海市人民政府关于修改和废止部分市政府规章的决定》（沪府令24号）
2026-01-22
上海市人民政府办公厅关于印发修订后的《上海市长期护理保险试点办法》的通知
2025-12-31
上海市人民政府关于印发修订后的《上海市城乡居民基本医疗保险办法》的通知
2025-12-31
中共上海市委办公厅 上海市人民政府办公厅印发《关于进一步提升基层应急管理能力的实施意见》的通知
2026-04-20
中共上海市委 上海市人民政府关于高质量建设现代化人民城市的实施意见
2026-04-10
中共上海市委 上海市人民政府关于深化养老服务改革发展的实施意见
2026-04-10
回应关切、政府网站季度抽查、热点关注和诉求公开内容请使用tab按钮切换浏览
回应关切
政府网站季度抽查
热点关注
诉求公开
急用上海居住证？快证服务助你快速拿证！来看便民服务攻略
2026-04-18
2026年上海适龄幼儿入园政策公布，4月22日—29日进行网上信息登记（附一图读懂）
2026-04-09
4月1日起，我市延长基本医保大病登记有效期（附相关问答）
2026-03-31
本市政府网站和政务新媒体2026年第一季度检查情况通报
2026-03-24
本市政府网站和政务新媒体2025年第四季度检查情况通报
2025-12-29
本市政府网站和政务新媒体2025年第三季度检查情况通报
2025-09-28
政务公开专题",政务公开_上海市人民政府,上海市,上海市人民政府-人才政策,人才引进,https://www.shanghai.gov.cn/nw2319/index.html,,1868,http://www.shanghai.gov.cn/shanghai/newshanghai/市场准入负面清单.pdf,2026-04-25 16:21:21,ok
集成式发布政策库,,,集成式发布政策库_上海市人民政府,上海市,上海市人民政府-人才政策,人才引进,https://www.shanghai.gov.cn/jcsfb/index.html,,0,,2026-04-25 16:21:24,no_content
企业开办,,,营商环境_上海市人民政府,上海市,上海市人民政府-人才政策,人才引进,https://www.shanghai.gov.cn/jcsfbyshq/index.html,,0,,2026-04-25 16:21:26,no_content
惠企政策直达,,,上海市人民政府/上海市相关部门,上海市,上海市人民政府-人才政策,人才引进,https://www.shanghai.gov.cn/tsqygs/index.html,,0,,2026-04-25 16:21:28,no_content
人才政策,,"政策文件查询
首页
政务公开
集成式发布政策库
营商环境
惠企政策直达
人才政策
人才政策
更多
国家文件
中华人民共和国劳动合同法（2012修正）
劳动保障监察条例
国务院办公厅关于优化调整稳就业政策措施 全力促发展惠民生的通知
国务院关于印发 “十四五”就业促进规划的通知
劳动人事争议仲裁办案规则
更多
市级文件
中共上海市委 上海市人民政府关于贯彻《中共中央、国务院关于构建和谐劳动关系的意见》的实施意见
上海市人民政府关于印发《持有〈上海市居住证〉人员申办本市常住户口办法》的通知
居转户申办
上海市人民政府关于印发修订后的《上海市居住证积分管理办法》的通知
居住证积分申办
上海市人民政府关于做好本市当前和今后一个时期稳就业工作的意见
上海市人民政府关于印发修订后的《上海市被征收农民集体所有土地农业人员就业和社会保障办法》的通知
更多
各区文件
浦东新区
黄浦区
静安区
徐汇区
长宁区
普陀区
虹口区
杨浦区
宝山区
闵行区
嘉定区
金山区
松江区
青浦区
奉贤区
崇明区
关于印发《关于促进浦东新区社会组织高质量发展扶持实施细则》的通知
上钢新村街道劳动纠纷三方协商协调机制实施办法（试行）
关于做好2025年上海市高校毕业生到浦东新区农村基层涉农单位就业学费补偿和国家助学贷款代偿资金拨付申请工作的通知
关于深化推进浦东新区院校毕业学年学生职业技能等级认定工作的通知
区院校高技能人才培养成效补贴
区院校毕业学年学生评价费补贴
关于组织开展2025年上半年上海市服务业发展引导资金项目申报工作的通知
关于废止《黄浦区人才发展资金管理办法》的通知
关于《黄浦区统筹使用地方教育附加推进专业技术人才和高技能人才队伍建设的实施办法》的政策解读
关于印发《黄浦区统筹使用地方教育附加推进专业技术人才和高技能人才队伍建设的实施办法》的通知
豫园街道促进就业专项资金使用管理实施办法
黄浦区人民政府关于印发《黄浦区区长质量奖管理办法》的通知
关于组织开展2024年静安区职业技能竞赛活动的通知
关于进一步细化静安区高技能人才培养政策的通知
关于组织开展2023年静安区职业技能竞赛活动的通知
关于举办静安区卫生健康系统职业技能竞赛的实施方案
关于印发《静安区妇幼健康职业技能竞赛实施方案》的通知
关于印发《徐汇区关于鼓励支持“稳就业提技能助创业”有关补贴政策的实施办法（2025-2027年）》的通知
关于印发《徐汇区建设“上海市人工智能教育试验区”实施方案 (2025-2027)》的通知
关于印发《徐汇区关于推动生命健康产业发展的若干意见》的通知
关于印发《徐汇区关于推动现代商贸高质量发展的若干意见》的通知
关于印发《徐汇区关于推动科创金融高质量发展的若干意见》的通知
长宁区聚焦提升企业和劳动者感受持续优化人社领域营商环境工作方案
关于印发《长宁区关于加快养老服务人才队伍建设的实施办法》的通知
市级竞赛匹配奖励
区级技能竞赛奖励
规范用工补贴
学历教育自负部分补贴
长宁区关于加强新时代中医药人才工作的通知
长宁区人民政府关于印发《长宁区关于做好当前和今后一个时期稳就业工作的实施意见》的通知
关于下发《2022年长宁区基层卫生人才能力提升培训项目工作方案》的通知
关于印发《普陀区促进“才聚普陀”实施办法》的通知
关于印发《关于进一步加强普陀区技能人才队伍建设的实施办法》的通知
普陀区高技能人才项目认定补贴
普陀区企业自主评价补贴
普陀区院校自主评价补贴
普陀区培训机构技能人才培训补贴
普陀区社区特色培训补贴
普陀区院校技能人才培养补贴
普陀区单位技能人才培养补贴
普陀区新型学徒制培养带教补贴
普陀区高技能人才培训补贴
上海市普陀区人力资源和社会保障局 上海市普陀区财政局关于2024年调整本区征地养老人员生活费发放标准的通知
普陀区卫生健康系统人才开发计划实施办法（修订版）
上海市普陀区人力资源和社会保障局等四部门关于树立“上海市普陀区和谐劳动关系示范企业”的通知
上海市虹口区人力资源和社会保障局等三部门关于印发《关于进一步加强新时代虹口区技能人才培养工作的若干措施》的通知
虹口区人力资源和社会保障局等关于印发《虹口区关于做好促进就业创业工作的实施办法》的通知
吸纳重点就业群体就业用人单位一次性吸纳就业补贴
首次创业一次性补贴
对在促进就业工作中作出显著成绩的单位和个人的表彰
虹口区科学技术委员会关于开展2023年虹口区中高层创新创业人才和产业人才房租补贴申报的通知
虹口区人力资源和社会保障局关于印发《虹口区博士后创新实践基地建设管理办法》的通知
博士后创新实践基地项目资助申请
关于开展2023年虹口区高层次人才安家费和购房补贴申报工作的通知
杨浦区民政局关于印发《关于进一步推进杨浦区养老机构服务人才队伍高质量发展的实施意见》的通知
获奖补贴
考证补贴（新获证护理员所在机构）
继续教育补贴
考证补贴
住房补贴
持证引入奖补
区级岗位补贴（新办）
区级岗位补贴（续办）
杨浦区关于统筹使用地方教育附加专项资金开展职业技能提升补贴的通知
企业新型学徒制带徒津贴
企业开展高级（三级）及以上职工职业技能等级认定补贴
区首席技师工作资助
企业以赛促训技能提升成效补贴
企业开发职业技能等级认定项目补贴
市技能大师工作室配套资助
杨浦区人力资源和社会保障局等关于印发《杨浦区关于使用地方教育附加专项资金支持本区企业开展职工职业培训的实施办法》的通知
上海市杨浦区人力资源和社会保障局关于印发《杨浦区博士后创新实践基地建设实施细则》的通知
杨浦区人力资源和社会保障局关于印发《杨浦区博士后创新实践基地建设实施细则》的通知
关于公布2024年宝山区健康科普专项立项名单的通知
关于印发《宝山区社区规划师制度实施办法（试行）》的通知
关于延长《关于印发〈宝山区农业规模经营组织就业人员参照灵活就业人员办法集体参加职保补贴办法〉的通知》有效期的通知
关于印发《宝山区靶向引才项目资助办法》的通知
关于印发《支持宝山区主导产业开展定向委培的若干措施》的通知
关于印发《闵行区区管国企市场化选聘指导意见》的通知
关于印发《闵行区关于大力推进新型工业化高质量发展的若干政策意见的操作细则》的通知
首次获评国家级专精特新小巨人
闵行区人民政府印发《闵行区关于推动知识产权创新发展和维权保护的政策意见》的通知
关于开展2023年春申金字塔人才（领军项目）（原闵行领军人才）选拔工作的通知
闵行区人力资源和社会保障局等关于加强本区社区就业服务站点设置及人员配置的通知
嘉定区人力资源和社会保障局等三部门关于废止《关于进一步促进本区农民就业的实施意见》的通知
关于进一步促进本区农民就业的实施意见
本市郊区农民跨区就业补贴
关于印发《关于加强新时代嘉定区高技能人才队伍建设的若干措施》的通知
关于印发《嘉定区农业农村系统2025年乡村人才工作要点》的通知
关于印发《关于加快推进本区农业科技创新的实施意见》的通知
农业科技型企业认定
关于印发《关于建立健全“5+X”机制 加强劳动人事争议协商调解工作实施方案》 的通知
关于印发《金山区人力资源和社会保障局坚持对标改革持续优化营商环境行动方案》的通知
关于金山区第九届“明天的导师”工程人员评选的实施意见
金山区第九届“明天的导师”工程 人员评选
区科委关于印发《金山区科技创新和数字化转型政策实施细则》的通知
高新技术企业
中小企业技术创新资金
金山区企业工程技术研究中心
数字化诊断
数字化改造
数字化转型试点示范
工业互联网平台建设运营
市级工业互联网专项配套
工业互联网优秀平台
两化融合贯标
数据挂牌交易
金山区人民政府关于印发《金山区人才住房租购工作实施方案》的通知
上海市松江区人民政府办公室关于《松江区关于首席技师选拔与培养的实施细则》的备案审查意见
松江区关于首席技师选拔与培养的实施细则
松江区关于首席技师选拔与培养的实施细则
关于建设松江区高技能人才培养基地的操作办法
松江区高技能人才培养基地
关于开展松江区首席技师工作室资助的操作办法
松江区首席技师工作室资助
关于印发《关于推进石湖荡镇退役军人就业创业工作的实施意见（试行）》的通知
关于印发《青浦区实施高技能人才职业技能等级提升补贴的实施细则》的通知
青浦区人才安居购租房补贴实施办法
青浦区青年人才租房补贴
青浦区高层次人才购房补贴
关于印发《关于推进青浦区“15分钟就业服务圈”建设的实施意见》的通知
关于印发《青浦区妇幼健康职业技能竞赛实施方案》的通知
关于进一步完善本区创业扶持政策举措的通知
创业贷款担保贴息
初创期创业组织带动就业补贴
创业开办费补贴
优秀创业项目场地租金补贴
区级创业孵化基地的补贴和奖励
市级创业孵化基地的补贴和奖励
优秀创业项目奖励
关于开展2025年上海市奉贤区职业技能大赛的通知
奉贤区发展改革委关于印发《关于支持上海奉贤海归小镇建设的若干政策》的通知
支持企业开办——租金扶持、购房扶持
鼓励研发创新——支持科技型企业
鼓励研发创新——支持孵化器建设运营
鼓励研发创新——支持功能平台项目
支持人才创业
加快人才集聚
强化金融支撑
支持企业壮大
关于印发《引导国企聚焦主业，强化创新驱动转型实施意见》的通知
2024年奉贤区职业技能大赛的通知
关于印发2024年奉贤区人力资源和社会保障局工作要点的通知
关于印发《关于促进崇明体育产业发展的扶持奖励办法》的通知
关于印发《崇明区“15分钟就业服务圈”社区就业服务站点建设方案》的通知
关于印发《崇明区贯彻落实〈关于优化调整稳就业政策全力促发展惠民生的若干措施〉实施意见》的通知
关于印发《新河镇关于促进2022—2026年就业工作的实施意见》的通知
崇明区三星镇人民政府关于进一步促进就业工作的实施意见（2022-2026年）",人才政策_上海市人民政府,上海市,上海市人民政府-人才政策,人才引进,https://www.shanghai.gov.cn/yshqrcjy/index.html,,4030,,2026-04-25 16:21:30,ok
国家文件,,"政策文件查询
首页
政务公开
集成式发布政策库
营商环境
惠企政策直达
人才政策
国家文件
国家文件稿件列表请使用tab按钮切换浏览
国家文件
中华人民共和国劳动合同法（2012修正）
劳动保障监察条例
国务院办公厅关于优化调整稳就业政策措施 全力促发展惠民生的通知
国务院关于印发 “十四五”就业促进规划的通知
劳动人事争议仲裁办案规则
退役军人事务部等8部门关于加强就业困难退役军人帮扶工作的意见
退役军人事务部就业创业司负责人就《关于加强就业困难退役军人帮扶工作的意见》答记者问
科技部办公厅 人力资源社会保障部办公厅关于在上海市开展外籍“高精尖缺”人才认定标准试点工作的通知
工业和信息化部关于加强和改进工业和信息化人才队伍建设的实施意见
科技部等八部门印发《关于开展科技人才评价改革试点的工作方案》的通知
科技部等关于开展减轻青年科研人员负担专项行动的通知
人力资源社会保障部等关于印发《制造业技能根基工程实施方案》的通知
人力资源社会保障部关于健全完善新时代技能人才职业技能等级制度的意见（试行）
退役军人事务部就业创业司负责人就《关于引导和鼓励民营企业招用自主就业退役军人的意见》答记者问
退役军人事务部等12部门关于引导和鼓励民营企业招用自主就业退役军人的意见
人力资源社会保障部等关于印发专业技术人才知识更新工程实施方案的通知
人力资源社会保障部 教育部关于深化实验技术人才职称制度改革的指导意见
关于促进新时代退役军人就业创业工作的意见
退役军人事务部有关负责同志就《关于促进新时代退役军人就业创业工作的意见》答记者问
关于印发《跨地区劳动保障监察案件协查办法》的通知",国家文件_上海市人民政府,上海市,上海市人民政府-人才政策,人才引进,https://www.shanghai.gov.cn/rcjygj/index.html,,694,,2026-04-25 16:21:32,ok
中华人民共和国劳动合同法（2012修正）,2012-12-02,"首页
政务公开
集成式发布政策库
营商环境
惠企政策直达
人才政策
国家文件
中华人民共和国劳动合同法（2012修正）
印发日期：2012-12-28
中华人民共和国主席令〔2012〕73号
大
中
小
中华人民共和国劳动合同法
（2007年6月29日第十届全国人民代表大会常务委员会第二十八次会议通过根据2012年12月28日第十一届全国人民代表大会常务委员会第三十次会议《关于修改＜中华人民共和国劳动合同法＞的决定》修正主席令第73号）
目录
第一章 总则
第二章 劳动合同的订立
第三章 劳动合同的履行和变更
第四章 劳动合同的解除和终止
第五章 特别规定
第一节 集体合同
第二节 劳务派遣
第三节 非全日制用工
第六章 监督检查
第七章 法律责任
第八章 附则
第一章 总则
第一条【立法宗旨】
为了完善劳动合同制度，明确劳动合同双方当事人的权利和义务，保护劳动者的合法权益，构建和发展和谐稳定的劳动关系，制定本法。
第二条【适用范围】
中华人民共和国境内的企业、个体经济组织、民办非企业单位等组织（以下称用人单位）与劳动者建立劳动关系，订立、履行、变更、解除或者终止劳动合同，适用本法。
国家机关、事业单位、社会团体和与其建立劳动关系的劳动者，订立、履行、变更、解除或者终止劳动合同，依照本法执行。
第三条【基本原则】
订立劳动合同，应当遵循合法、公平、平等自愿、协商一致、诚实信用的原则。
依法订立的劳动合同具有约束力，用人单位与劳动者应当履行劳动合同约定的义务。
第四条【规章制度】
用人单位应当依法建立和完善劳动规章制度，保障劳动者享有劳动权利、履行劳动义务。
用人单位在制定、修改或者决定有关劳动报酬、工作时间、休息休假、劳动安全卫生、保险福利、职工培训、劳动纪律以及劳动定额管理等直接涉及劳动者切身利益的规章制度或者重大事项时，应当经职工代表大会或者全体职工讨论，提出方案和意见，与工会或者职工代表平等协商确定。
在规章制度和重大事项决定实施过程中，工会或者职工认为不适当的，有权向用人单位提出，通过协商予以修改完善。
用人单位应当将直接涉及劳动者切身利益的规章制度和重大事项决定公示，或者告知劳动者。
第五条【协调劳动关系三方机制】
县级以上人民政府劳动行政部门会同工会和企业方面代表，建立健全协调劳动关系三方机制，共同研究解决有关劳动关系的重大问题。
第六条【集体协商机制】
工会应当帮助、指导劳动者与用人单位依法订立和履行劳动合同，并与用人单位建立集体协商机制，维护劳动者的合法权益。
第二章 劳动合同的订立
第七条【劳动关系的建立】
用人单位自用工之日起即与劳动者建立劳动关系。用人单位应当建立职工名册备查。
第八条【用人单位的告知义务和劳动者的说明义务】
用人单位招用劳动者时，应当如实告知劳动者工作内容、工作条件、工作地点、职业危害、安全生产状况、劳动报酬，以及劳动者要求了解的其他情况；用人单位有权了解劳动者与劳动合同直接相关的基本情况，劳动者应当如实说明。
第九条【用人单位不得扣押劳动者证件和要求提供担保】
用人单位招用劳动者，不得扣押劳动者的居民身份证和其他证件，不得要求劳动者提供担保或者以其他名义向劳动者收取财物。
第十条【订立书面劳动合同】
建立劳动关系，应当订立书面劳动合同。
已建立劳动关系，未同时订立书面劳动合同的，应当自用工之日起一个月内订立书面劳动合同。
用人单位与劳动者在用工前订立劳动合同的，劳动关系自用工之日起建立。
第十一条【未订立书面劳动合同时劳动报酬不明确的解决】
用人单位未在用工的同时订立书面劳动合同，与劳动者约定的劳动报酬不明确的，新招用的劳动者的劳动报酬按照集体合同规定的标准执行；没有集体合同或者集体合同未规定的，实行同工同酬。
第十二条【劳动合同的种类】
劳动合同分为固定期限劳动合同、无固定期限劳动合同和以完成一定工作任务为期限的劳动合同。
第十三条【固定期限劳动合同】
固定期限劳动合同，是指用人单位与劳动者约定合同终止时间的劳动合同。
用人单位与劳动者协商一致，可以订立固定期限劳动合同。
第十四条【无固定期限劳动合同】
无固定期限劳动合同，是指用人单位与劳动者约定无确定终止时间的劳动合同。
用人单位与劳动者协商一致，可以订立无固定期限劳动合同。有下列情形之一，劳动者提出或者同意续订、订立劳动合同的，除劳动者提出订立固定期限劳动合同外，应当订立无固定期限劳动合同：
（一）劳动者在该用人单位连续工作满十年的；
（二）用人单位初次实行劳动合同制度或者国有企业改制重新订立劳动合同时，劳动者在该用人单位连续工作满十年且距法定退休年龄不足十年的；
（三）连续订立二次固定期限劳动合同，且劳动者没有本法第三十九条和第四十条第一项、第二项规定的情形，续订劳动合同的。
用人单位自用工之日起满一年不与劳动者订立书面劳动合同的，视为用人单位与劳动者已订立无固定期限劳动合同。
第十五条【以完成一定工作任务为期限的劳动合同】
以完成一定工作任务为期限的劳动合同，是指用人单位与劳动者约定以某项工作的完成为合同期限的劳动合同。
用人单位与劳动者协商一致，可以订立以完成一定工作任务为期限的劳动合同。
第十六条【劳动合同的生效】
劳动合同由用人单位与劳动者协商一致，并经用人单位与劳动者在劳动合同文本上签字或者盖章生效。
劳动合同文本由用人单位和劳动者各执一份。
第十七条【劳动合同的内容】
劳动合同应当具备以下条款：
（一）用人单位的名称、住所和法定代表人或者主要负责人；
（二）劳动者的姓名、住址和居民身份证或者其他有效身份证件号码；
（三）劳动合同期限；
（四）工作内容和工作地点；
（五）工作时间和休息休假；
（六）劳动报酬；
（七）社会保险；
（八）劳动保护、劳动条件和职业危害防护；
（九）法律、法规规定应当纳入劳动合同的其他事项。
劳动合同除前款规定的必备条款外，用人单位与劳动者可以约定试用期、培训、保守秘密、补充保险和福利待遇等其他事项。
第十八条【劳动合同对劳动报酬和劳动条件约定不明确的解决】
劳动合同对劳动报酬和劳动条件等标准约定不明确，引发争议的，用人单位与劳动者可以重新协商；协商不成的，适用集体合同规定；没有集体合同或者集体合同未规定劳动报酬的，实行同工同酬；没有集体合同或者集体合同未规定劳动条件等标准的，适用国家有关规定。
第十九条【试用期】
劳动合同期限三个月以上不满一年的，试用期不得超过一个月；劳动合同期限一年以上不满三年的，试用期不得超过二个月；三年以上固定期限和无固定期限的劳动合同，试用期不得超过六个月。
同一用人单位与同一劳动者只能约定一次试用期。
以完成一定工作任务为期限的劳动合同或者劳动合同期限不满三个月的，不得约定试用期。
试用期包含在劳动合同期限内。劳动合同仅约定试用期的，试用期不成立，该期限为劳动合同期限。
第二十条【试用期工资】
劳动者在试用期的工资不得低于本单位相同岗位最低档工资或者劳动合同约定工资的百分之八十，并不得低于用人单位所在地的最低工资标准。
第二十一条【试用期内解除劳动合同】
在试用期中，除劳动者有本法第三十九条和第四十条第一项、第二项规定的情形外，用人单位不得解除劳动合同。用人单位在试用期解除劳动合同的，应当向劳动者说明理由。
第二十二条【服务期】
用人单位为劳动者提供专项培训费用，对其进行专业技术培训的，可以与该劳动者订立协议，约定服务期。
劳动者违反服务期约定的，应当按照约定向用人单位支付违约金。违约金的数额不得超过用人单位提供的培训费用。用人单位要求劳动者支付的违约金不得超过服务期尚未履行部分所应分摊的培训费用。
用人单位与劳动者约定服务期的，不影响按照正常的工资调整机制提高劳动者在服务期期间的劳动报酬。
第二十三条【保密义务和竞业限制】
用人单位与劳动者可以在劳动合同中约定保守用人单位的商业秘密和与知识产权相关的保密事项。
对负有保密义务的劳动者，用人单位可以在劳动合同或者保密协议中与劳动者约定竞业限制条款，并约定在解除或者终止劳动合同后，在竞业限制期限内按月给予劳动者经济补偿。劳动者违反竞业限制约定的，应当按照约定向用人单位支付违约金。
第二十四条【竞业限制的范围和期限】
竞业限制的人员限于用人单位的高级管理人员、高级技术人员和其他负有保密义务的人员。竞业限制的范围、地域、期限由用人单位与劳动者约定，竞业限制的约定不得违反法律、法规的规定。
在解除或者终止劳动合同后，前款规定的人员到与本单位生产或者经营同类产品、从事同类业务的有竞争关系的其他用人单位，或者自己开业生产或者经营同类产品、从事同类业务的竞业限制期限，不得超过二年。
第二十五条【违约金】
除本法第二十二条和第二十三条规定的情形外，用人单位不得与劳动者约定由劳动者承担违约金。
第二十六条【劳动合同的无效】
下列劳动合同无效或者部分无效：
（一）以欺诈、胁迫的手段或者乘人之危，使对方在违背真实意思的情况下订立或者变更劳动合同的；
（二）用人单位免除自己的法定责任、排除劳动者权利的；
（三）违反法律、行政法规强制性规定的。
对劳动合同的无效或者部分无效有争议的，由劳动争议仲裁机构或者人民法院确认。
第二十七条【劳动合同部分无效】
劳动合同部分无效，不影响其他部分效力的，其他部分仍然有效。
第二十八条【劳动合同无效后劳动报酬的支付】
劳动合同被确认无效，劳动者已付出劳动的，用人单位应当向劳动者支付劳动报酬。劳动报酬的数额，参照本单位相同或者相近岗位劳动者的劳动报酬确定。
第三章 劳动合同的履行和变更
第二十九条【劳动合同的履行】
用人单位与劳动者应当按照劳动合同的约定，全面履行各自的义务。
第三十条【劳动报酬】
用人单位应当按照劳动合同约定和国家规定，向劳动者及时足额支付劳动报酬。
用人单位拖欠或者未足额支付劳动报酬的，劳动者可以依法向当地人民法院申请支付令，人民法院应当依法发出支付令。
第三十一条【加班】
用人单位应当严格执行劳动定额标准，不得强迫或者变相强迫劳动者加班。用人单位安排加班的，应当按照国家有关规定向劳动者支付加班费。
第三十二条【劳动者拒绝违章指挥、强令冒险作业】
劳动者拒绝用人单位管理人员违章指挥、强令冒险作业的，不视为违反劳动合同。
劳动者对危害生命安全和身体健康的劳动条件，有权对用人单位提出批评、检举和控告。
第三十三条【用人单位名称、法定代表人等的变更】
用人单位变更名称、法定代表人、主要负责人或者投资人等事项，不影响劳动合同的履行。
第三十四条【用人单位合并或者分立】
用人单位发生合并或者分立等情况，原劳动合同继续有效，劳动合同由承继其权利和义务的用人单位继续履行。
第三十五条【劳动合同的变更】
用人单位与劳动者协商一致，可以变更劳动合同约定的内容。变更劳动合同，应当采用书面形式。
变更后的劳动合同文本由用人单位和劳动者各执一份。
第四章 劳动合同的解除和终止
第三十六条【协商解除劳动合同】
用人单位与劳动者协商一致，可以解除劳动合同。
第三十七条【劳动者提前通知解除劳动合同】
劳动者提前三十日以书面形式通知用人单位，可以解除劳动合同。劳动者在试用期内提前三日通知用人单位，可以解除劳动合同。
第三十八条【劳动者单方解除劳动合同】
用人单位有下列情形之一的，劳动者可以解除劳动合同：
（一）未按照劳动合同约定提供劳动保护或者劳动条件的；
（二）未及时足额支付劳动报酬的；
（三）未依法为劳动者缴纳社会保险费的；
（四）用人单位的规章制度违反法律、法规的规定，损害劳动者权益的；
（五）因本法第二十六条第一款规定的情形致使劳动合同无效的；
（六）法律、行政法规规定劳动者可以解除劳动合同的其他情形。
用人单位以暴力、威胁或者非法限制人身自由的手段强迫劳动者劳动的，或者用人单位违章指挥、强令冒险作业危及劳动者人身安全的，劳动者可以立即解除劳动合同，不需事先告知用人单位。
第三十九条【用人单位单方解除劳动合同（过失性辞退）】
劳动者有下列情形之一的，用人单位可以解除劳动合同：
（一）在试用期间被证明不符合录用条件的；
（二）严重违反用人单位的规章制度的；
（三）严重失职，营私舞弊，给用人单位造成重大损害的；
（四）劳动者同时与其他用人单位建立劳动关系，对完成本单位的工作任务造成严重影响，或者经用人单位提出，拒不改正的；
（五）因本法第二十六条第一款第一项规定的情形致使劳动合同无效的；
（六）被依法追究刑事责任的。
第四十条【无过失性辞退】
有下列情形之一的，用人单位提前三十日以书面形式通知劳动者本人或者额外支付劳动者一个月工资后，可以解除劳动合同：
（一）劳动者患病或者非因工负伤，在规定的医疗期满后不能从事原工作，也不能从事由用人单位另行安排的工作的；
（二）劳动者不能胜任工作，经过培训或者调整工作岗位，仍不能胜任工作的；
（三）劳动合同订立时所依据的客观情况发生重大变化，致使劳动合同无法履行，经用人单位与劳动者协商，未能就变更劳动合同内容达成协议的。
第四十一条【经济性裁员】
有下列情形之一，需要裁减人员二十人以上或者裁减不足二十人但占企业职工总数百分之十以上的，用人单位提前三十日向工会或者全体职工说明情况，听取工会或者职工的意见后，裁减人员方案经向劳动行政部门报告，可以裁减人员：
（一）依照企业破产法规定进行重整的；
（二）生产经营发生严重困难的；
（三）企业转产、重大技术革新或者经营方式调整，经变更劳动合同后，仍需裁减人员的；
（四）其他因劳动合同订立时所依据的客观经济情况发生重大变化，致使劳动合同无法履行的。
裁减人员时，应当优先留用下列人员：
（一）与本单位订立较长期限的固定期限劳动合同的；
（二）与本单位订立无固定期限劳动合同的；
（三）家庭无其他就业人员，有需要扶养的老人或者未成年人的。
用人单位依照本条第一款规定裁减人员，在六个月内重新招用人员的，应当通知被裁减的人员，并在同等条件下优先招用被裁减的人员。
第四十二条【用人单位不得解除劳动合同的情形】
劳动者有下列情形之一的，用人单位不得依照本法第四十条、第四十一条的规定解除劳动合同：
（一）从事接触职业病危害作业的劳动者未进行离岗前职业健康检查，或者疑似职业病病人在诊断或者医学观察期间的；
（二）在本单位患职业病或者因工负伤并被确认丧失或者部分丧失劳动能力的；
（三）患病或者非因工负伤，在规定的医疗期内的；
（四）女职工在孕期、产期、哺乳期的；
（五）在本单位连续工作满十五年，且距法定退休年龄不足五年的；
（六）法律、行政法规规定的其他情形。
第四十三条【工会在劳动合同解除中的监督作用】
用人单位单方解除劳动合同，应当事先将理由通知工会。用人单位违反法律、行政法规规定或者劳动合同约定的，工会有权要求用人单位纠正。用人单位应当研究工会的意见，并将处理结果书面通知工会。
第四十四条【劳动合同的终止】
有下列情形之一的，劳动合同终止：
（一）劳动合同期满的；
（二）劳动者开始依法享受基本养老保险待遇的；
（三）劳动者死亡，或者被人民法院宣告死亡或者宣告失踪的；
（四）用人单位被依法宣告破产的；
（五）用人单位被吊销营业执照、责令关闭、撤销或者用人单位决定提前解散的；
（六）法律、行政法规规定的其他情形。
第四十五条【劳动合同的逾期终止】
劳动合同期满，有本法第四十二条规定情形之一的，劳动合同应当续延至相应的情形消失时终止。但是，本法第四十二条第二项规定丧失或者部分丧失劳动能力劳动者的劳动合同的终止，按照国家有关工伤保险的规定执行。
第四十六条【经济补偿】
有下列情形之一的，用人单位应当向劳动者支付经济补偿：
（一）劳动者依照本法第三十八条规定解除劳动合同的；
（二）用人单位依照本法第三十六条规定向劳动者提出解除劳动合同并与劳动者协商一致解除劳动合同的；
（三）用人单位依照本法第四十条规定解除劳动合同的；
（四）用人单位依照本法第四十一条第一款规定解除劳动合同的；
（五）除用人单位维持或者提高劳动合同约定条件续订劳动合同，劳动者不同意续订的情形外，依照本法第四十四条第一项规定终止固定期限劳动合同的；
（六）依照本法第四十四条第四项、第五项规定终止劳动合同的；
（七）法律、行政法规规定的其他情形。
第四十七条【经济补偿的计算】
经济补偿按劳动者在本单位工作的年限，每满一年支付一个月工资的标准向劳动者支付。六个月以上不满一年的，按一年计算；不满六个月的，向劳动者支付半个月工资的经济补偿。
劳动者月工资高于用人单位所在直辖市、设区的市级人民政府公布的本地区上年度职工月平均工资三倍的，向其支付经济补偿的标准按职工月平均工资三倍的数额支付，向其支付经济补偿的年限最高不超过十二年。
本条所称月工资是指劳动者在劳动合同解除或者终止前十二个月的平均工资。
第四十八条【违法解除或者终止劳动合同的法律后果】
用人单位违反本法规定解除或者终止劳动合同，劳动者要求继续履行劳动合同的，用人单位应当继续履行；劳动者不要求继续履行劳动合同或者劳动合同已经不能继续履行的，用人单位应当依照本法第八十七条规定支付赔偿金。
第四十九条【社会保险关系跨地区转移接续】
国家采取措施，建立健全劳动者社会保险关系跨地区转移接续制度。
第五十条【劳动合同解除或者终止后双方的义务】
用人单位应当在解除或者终止劳动合同时出具解除或者终止劳动合同的证明，并在十五日内为劳动者办理档案和社会保险关系转移手续。
劳动者应当按照双方约定，办理工作交接。用人单位依照本法有关规定应当向劳动者支付经济补偿的，在办结工作交接时支付。
用人单位对已经解除或者终止的劳动合同的文本，至少保存二年备查。
第五章 特别规定
第一节 集体合同
第五十一条【集体合同的订立和内容】
企业职工一方与用人单位通过平等协商，可以就劳动报酬、工作时间、休息休假、劳动安全卫生、保险福利等事项订立集体合同。集体合同草案应当提交职工代表大会或者全体职工讨论通过。
集体合同由工会代表企业职工一方与用人单位订立；尚未建立工会的用人单位，由上级工会指导劳动者推举的代表与用人单位订立。
第五十二条【专项集体合同】
企业职工一方与用人单位可以订立劳动安全卫生、女职工权益保护、工资调整机制等专项集体合同。
第五十三条【行业性集体合同、区域性集体合同】
在县级以下区域内，建筑业、采矿业、餐饮服务业等行业可以由工会与企业方面代表订立行业性集体合同，或者订立区域性集体合同。
第五十四条【集体合同的报送和生效】
集体合同订立后，应当报送劳动行政部门；劳动行政部门自收到集体合同文本之日起十五日内未提出异议的，集体合同即行生效。
依法订立的集体合同对用人单位和劳动者具有约束力。行业性、区域性集体合同对当地本行业、本区域的用人单位和劳动者具有约束力。
第五十五条【集体合同中劳动报酬、劳动条件等标准】
集体合同中劳动报酬和劳动条件等标准不得低于当地人民政府规定的最低标准；用人单位与劳动者订立的劳动合同中劳动报酬和劳动条件等标准不得低于集体合同规定的标准。
第五十六条【集体合同纠纷和法律救济】
用人单位违反集体合同，侵犯职工劳动权益的，工会可以依法要求用人单位承担责任；因履行集体合同发生争议，经协商解决不成的，工会可以依法申请仲裁、提起诉讼。
第二节 劳务派遣
第五十七条【劳务派遣单位的设立】
经营劳务派遣业务应当具备下列条件：
（一）注册资本不得少于人民币二百万元；
（二）有与开展业务相适应的固定的经营场所和设施；
（三）有符合法律、行政法规规定的劳务派遣管理制度；
（四）法律、行政法规规定的其他条件。
经营劳务派遣业务，应当向劳动行政部门依法申请行政许可；经许可的，依法办理相应的公司登记。未经许可，任何单位和个人不得经营劳务派遣业务。
第五十八条【劳务派遣单位、用工单位及劳动者的权利义务】
劳务派遣单位是本法所称用人单位，应当履行用人单位对劳动者的义务。劳务派遣单位与被派遣劳动者订立的劳动合同，除应当载明本法第十七条规定的事项外，还应当载明被派遣劳动者的用工单位以及派遣期限、工作岗位等情况。
劳务派遣单位应当与被派遣劳动者订立二年以上的固定期限劳动合同，按月支付劳动报酬；被派遣劳动者在无工作期间，劳务派遣单位应当按照所在地人民政府规定的最低工资标准，向其按月支付报酬。
第五十九条【劳务派遣协议】
劳务派遣单位派遣劳动者应当与接受以劳务派遣形式用工的单位（以下称用工单位）订立劳务派遣协议。劳务派遣协议应当约定派遣岗位和人员数量、派遣期限、劳动报酬和社会保险费的数额与支付方式以及违反协议的责任。
用工单位应当根据工作岗位的实际需要与劳务派遣单位确定派遣期限，不得将连续用工期限分割订立数个短期劳务派遣协议。
第六十条【劳务派遣单位的告知义务】
劳务派遣单位应当将劳务派遣协议的内容告知被派遣劳动者。
劳务派遣单位不得克扣用工单位按照劳务派遣协议支付给被派遣劳动者的劳动报酬。
劳务派遣单位和用工单位不得向被派遣劳动者收取费用。
第六十一条【跨地区派遣劳动者的劳动报酬、劳动条件】
劳务派遣单位跨地区派遣劳动者的，被派遣劳动者享有的劳动报酬和劳动条件，按照用工单位所在地的标准执行。
第六十二条【用工单位的义务】
用工单位应当履行下列义务：
（一）执行国家劳动标准，提供相应的劳动条件和劳动保护；
（二）告知被派遣劳动者的工作要求和劳动报酬；
（三）支付加班费、绩效奖金，提供与工作岗位相关的福利待遇；
（四）对在岗被派遣劳动者进行工作岗位所必需的培训；
（五）连续用工的，实行正常的工资调整机制。
用工单位不得将被派遣劳动者再派遣到其他用人单位。
第六十三条【被派遣劳动者同工同酬】
被派遣劳动者享有与用工单位的劳动者同工同酬的权利。用工单位应当按照同工同酬原则，对被派遣劳动者与本单位同类岗位的劳动者实行相同的劳动报酬分配办法。用工单位无同类岗位劳动者的，参照用工单位所在地相同或者相近岗位劳动者的劳动报酬确定。
劳务派遣单位与被派遣劳动者订立的劳动合同和与用工单位订立的劳务派遣协议，载明或者约定的向被派遣劳动者支付的劳动报酬应当符合前款规定。
第六十四条【被派遣劳动者参加或者组织工会】
被派遣劳动者有权在劳务派遣单位或者用工单位依法参加或者组织工会，维护自身的合法权益。
第六十五条【劳务派遣中解除劳动合同】
被派遣劳动者可以依照本法第三十六条、第三十八条的规定与劳务派遣单位解除劳动合同。
被派遣劳动者有本法第三十九条和第四十条第一项、第二项规定情形的，用工单位可以将劳动者退回劳务派遣单位，劳务派遣单位依照本法有关规定，可以与劳动者解除劳动合同。
第六十六条【劳务派遣的适用岗位】
劳动合同用工是我国的企业基本用工形式。劳务派遣用工是补充形式，只能在临时性、辅助性或者替代性的工作岗位上实施。
前款规定的临时性工作岗位是指存续时间不超过六个月的岗位；辅助性工作岗位是指为主营业务岗位提供服务的非主营业务岗位；替代性工作岗位是指用工单位的劳动者因脱产学习、休假等原因无法工作的一定期间内，可以由其他劳动者替代工作的岗位。
用工单位应当严格控制劳务派遣用工数量，不得超过其用工总量的一定比例，具体比例由国务院劳动行政部门规定。
第六十七条【用人单位不得自设劳务派遣单位】
用人单位不得设立劳务派遣单位向本单位或者所属单位派遣劳动者。
第三节 非全日制用工
第六十八条【非全日制用工的概念】
非全日制用工，是指以小时计酬为主，劳动者在同一用人单位一般平均每日工作时间不超过四小时，每周工作时间累计不超过二十四小时的用工形式。
第六十九条【非全日制用工的劳动合同】
非全日制用工双方当事人可以订立口头协议。
从事非全日制用工的劳动者可以与一个或者一个以上用人单位订立劳动合同；但是，后订立的劳动合同不得影响先订立的劳动合同的履行。
第七十条【非全日制用工不得约定试用期】
非全日制用工双方当事人不得约定试用期。
第七十一条【非全日制用工的终止用工】
非全日制用工双方当事人任何一方都可以随时通知对方终止用工。终止用工，用人单位不向劳动者支付经济补偿。
第七十二条【非全日制用工的劳动报酬】
非全日制用工小时计酬标准不得低于用人单位所在地人民政府规定的最低小时工资标准。
非全日制用工劳动报酬结算支付周期最长不得超过十五日。
第六章 监督检查
第七十三条【劳动合同制度的监督管理体制】
国务院劳动行政部门负责全国劳动合同制度实施的监督管理。
县级以上地方人民政府劳动行政部门负责本行政区域内劳动合同制度实施的监督管理。
县级以上各级人民政府劳动行政部门在劳动合同制度实施的监督管理工作中，应当听取工会、企业方面代表以及有关行业主管部门的意见。
第七十四条【劳动行政部门监督检查事项】
县级以上地方人民政府劳动行政部门依法对下列实施劳动合同制度的情况进行监督检查：
（一）用人单位制定直接涉及劳动者切身利益的规章制度及其执行的情况；
（二）用人单位与劳动者订立和解除劳动合同的情况；
（三）劳务派遣单位和用工单位遵守劳务派遣有关规定的情况；
（四）用人单位遵守国家关于劳动者工作时间和休息休假规定的情况；
（五）用人单位支付劳动合同约定的劳动报酬和执行最低工资标准的情况；
（六）用人单位参加各项社会保险和缴纳社会保险费的情况；
（七）法律、法规规定的其他劳动监察事项。
第七十五条【监督检查措施和依法行政、文明执法】
县级以上地方人民政府劳动行政部门实施监督检查时，有权查阅与劳动合同、集体合同有关的材料，有权对劳动场所进行实地检查，用人单位和劳动者都应当如实提供有关情况和材料。
劳动行政部门的工作人员进行监督检查，应当出示证件，依法行使职权，文明执法。
第七十六条【其他有关主管部门的监督管理】
县级以上人民政府建设、卫生、安全生产监督管理等有关主管部门在各自职责范围内，对用人单位执行劳动合同制度的情况进行监督管理。
第七十七条【劳动者权利救济途径】
劳动者合法权益受到侵害的，有权要求有关部门依法处理，或者依法申请仲裁、提起诉讼。
第七十八条【工会监督检查的权利】
工会依法维护劳动者的合法权益，对用人单位履行劳动合同、集体合同的情况进行监督。用人单位违反劳动法律、法规和劳动合同、集体合同的，工会有权提出意见或者要求纠正；劳动者申请仲裁、提起诉讼的，工会依法给予支持和帮助。
第七十九条【对违法行为的举报】
任何组织或者个人对违反本法的行为都有权举报，县级以上人民政府劳动行政部门应当及时核实、处理，并对举报有功人员给予奖励。
第七章 法律责任
第八十条【规章制度违法的法律责任】
用人单位直接涉及劳动者切身利益的规章制度违反法律、法规规定的，由劳动行政部门责令改正，给予警告；给劳动者造成损害的，应当承担赔偿责任。
第八十一条【缺乏必备条款、不提供劳动合同文本的法律责任】
用人单位提供的劳动合同文本未载明本法规定的劳动合同必备条款或者用人单位未将劳动合同文本交付劳动者的，由劳动行政部门责令改正；给劳动者造成损害的，应当承担赔偿责任。
第八十二条【不订立书面劳动合同的法律责任】
用人单位自用工之日起超过一个月不满一年未与劳动者订立书面劳动合同的，应当向劳动者每月支付二倍的工资。
用人单位违反本法规定不与劳动者订立无固定期限劳动合同的，自应当订立无固定期限劳动合同之日起向劳动者每月支付二倍的工资。
第八十三条【违法约定试用期的法律责任】
用人单位违反本法规定与劳动者约定试用期的，由劳动行政部门责令改正；违法约定的试用期已经履行的，由用人单位以劳动者试用期满月工资为标准，按已经履行的超过法定试用期的期间向劳动者支付赔偿金。
第八十四条【扣押劳动者身份等证件的法律责任】
用人单位违反本法规定，扣押劳动者居民身份证等证件的，由劳动行政部门责令限期退还劳动者本人，并依照有关法律规定给予处罚。
用人单位违反本法规定，以担保或者其他名义向劳动者收取财物的，由劳动行政部门责令限期退还劳动者本人，并以每人五百元以上二千元以下的标准处以罚款；给劳动者造成损害的，应当承担赔偿责任。
劳动者依法解除或者终止劳动合同，用人单位扣押劳动者档案或者其他物品的，依照前款规定处罚。
第八十五条【未依法支付劳动报酬、经济补偿等的法律责任】
用人单位有下列情形之一的，由劳动行政部门责令限期支付劳动报酬、加班费或者经济补偿；劳动报酬低于当地最低工资标准的，应当支付其差额部分；逾期不支付的，责令用人单位按应付金额百分之五十以上百分之一百以下的标准向劳动者加付赔偿金：
（一）未按照劳动合同的约定或者国家规定及时足额支付劳动者劳动报酬的；
（二）低于当地最低工资标准支付劳动者工资的；
（三）安排加班不支付加班费的；
（四）解除或者终止劳动合同，未依照本法规定向劳动者支付经济补偿的。
第八十六条【订立无效劳动合同的法律责任】
劳动合同依照本法第二十六条规定被确认无效，给对方造成损害的，有过错的一方应当承担赔偿责任。
第八十七条【违反解除或者终止劳动合同的法律责任】
用人单位违反本法规定解除或者终止劳动合同的，应当依照本法第四十七条规定的经济补偿标准的二倍向劳动者支付赔偿金。
第八十八条【侵害劳动者人身权益的法律责任】
用人单位有下列情形之一的，依法给予行政处罚；构成犯罪的，依法追究刑事责任；给劳动者造成损害的，应当承担赔偿责任：
（一）以暴力、威胁或者非法限制人身自由的手段强迫劳动的；
（二）违章指挥或者强令冒险作业危及劳动者人身安全的；
（三）侮辱、体罚、殴打、非法搜查或者拘禁劳动者的；
（四）劳动条件恶劣、环境污染严重，给劳动者身心健康造成严重损害的。
第八十九条【不出具解除、终止书面证明的法律责任】
用人单位违反本法规定未向劳动者出具解除或者终止劳动合同的书面证明，由劳动行政部门责令改正；给劳动者造成损害的，应当承担赔偿责任。
第九十条【劳动者的赔偿责任】
劳动者违反本法规定解除劳动合同，或者违反劳动合同中约定的保密义务或者竞业限制，给用人单位造成损失的，应当承担赔偿责任。
第九十一条【用人单位的连带赔偿责任】
用人单位招用与其他用人单位尚未解除或者终止劳动合同的劳动者，给其他用人单位造成损失的，应当承担连带赔偿责任。
第九十二条【劳务派遣单位的法律责任】
违反本法规定，未经许可，擅自经营劳务派遣业务的，由劳动行政部门责令停止违法行为，没收违法所得，并处违法所得一倍以上五倍以下的罚款；没有违法所得的，可以处五万元以下的罚款。
劳务派遣单位、用工单位违反本法有关劳务派遣规定的，由劳动行政部门责令限期改正；逾期不改正的，以每人五千元以上一万元以下的标准处以罚款，对劳务派遣单位，吊销其劳务派遣业务经营许可证。用工单位给被派遣劳动者造成损害的，劳务派遣单位与用工单位承担连带赔偿责任。
第九十三条【无营业执照经营单位的法律责任】
对不具备合法经营资格的用人单位的违法犯罪行为，依法追究法律责任；劳动者已经付出劳动的，该单位或者其出资人应当依照本法有关规定向劳动者支付劳动报酬、经济补偿、赔偿金；给劳动者造成损害的，应当承担赔偿责任。
第九十四条【个人承包经营者的连带赔偿责任】
个人承包经营违反本法规定招用劳动者，给劳动者造成损害的，发包的组织与个人承包经营者承担连带赔偿责任。
第九十五条【不履行法定职责、违法行使职权的法律责任】
劳动行政部门和其他有关主管部门及其工作人员玩忽职守、不履行法定职责，或者违法行使职权，给劳动者或者用人单位造成损害的，应当承担赔偿责任；对直接负责的主管人员和其他直接责任人员，依法给予行政处分；构成犯罪的，依法追究刑事责任。
第八章 附则
第九十六条【事业单位聘用制劳动合同的法律适用】
事业单位与实行聘用制的工作人员订立、履行、变更、解除或者终止劳动合同，法律、行政法规或者国务院另有规定的，依照其规定；未作规定的，依照本法有关规定执行。
第九十七条【过渡性条款】
本法施行前已依法订立且在本法施行之日存续的劳动合同，继续履行；本法第十四条第二款第三项规定连续订立固定期限劳动合同的次数，自本法施行后续订固定期限劳动合同时开始计算。
本法施行前已建立劳动关系，尚未订立书面劳动合同的，应当自本法施行之日起一个月内订立。
本法施行之日存续的劳动合同在本法施行后解除或者终止，依照本法第四十六条规定应当支付经济补偿的，经济补偿年限自本法施行之日起计算；本法施行前按照当时有关规定，用人单位应当向劳动者支付经济补偿的，按照当时有关规定执行。
第九十八条【施行时间】
本法自2008年1月1日起施行。
分享：",上海市人民政府/上海市相关部门,上海市,上海市人民政府-人才政策,人才引进,https://www.shanghai.gov.cn/rcjygj/20250606/658d064be68c46fc892530a8cde92258.html,中华人民共和国主席令〔2012〕73号,13319,,2026-04-25 16:21:34,ok
劳动保障监察条例,2004-11-01,"首页
政务公开
集成式发布政策库
营商环境
惠企政策直达
人才政策
国家文件
劳动保障监察条例
印发日期：2004-11-01
中华人民共和国国务院令〔2004〕423号
大
中
小
中华人民共和国国务院令（第423号）
《劳动保障监察条例》已经2004年10月26日国务院第68次常务会议通过，现予公布，自2004年12月1日起施行。
《劳动保障监察条例》
第一章 总则
第一条
为了贯彻实施劳动和社会保障（以下称劳动保障）法律、法规和规章，规范劳动保障监察工作，维护劳动者的合法权益，根据劳动法和有关法律，制定本条例。
第二条
对企业和个体工商户（以下称用人单位）进行劳动保障监察，适用本条例。
对职业介绍机构、职业技能培训机构和职业技能考核鉴定机构进行劳动保障监察，依照本条例执行。
第三条
国务院劳动保障行政部门主管全国的劳动保障监察工作。县级以上地方各级人民政府劳动保障行政部门主管本行政区域内的劳动保障监察工作。
县级以上各级人民政府有关部门根据各自职责，支持、协助劳动保障行政部门的劳动保障监察工作。
第四条
县级、设区的市级人民政府劳动保障行政部门可以委托符合监察执法条件的组织实施劳动保障监察。
劳动保障行政部门和受委托实施劳动保障监察的组织中的劳动保障监察员应当经过相应的考核或者考试录用。
劳动保障监察证件由国务院劳动保障行政部门监制。
第五条
县级以上地方各级人民政府应当加强劳动保障监察工作。劳动保障监察所需经费列入本级财政预算。
第六条
用人单位应当遵守劳动保障法律、法规和规章，接受并配合劳动保障监察。
第七条
各级工会依法维护劳动者的合法权益，对用人单位遵守劳动保障法律、法规和规章的情况进行监督。
劳动保障行政部门在劳动保障监察工作中应当注意听取工会组织的意见和建议。
第八条
劳动保障监察遵循公正、公开、高效、便民的原则。
实施劳动保障监察，坚持教育与处罚相结合，接受社会监督。
第九条
任何组织或者个人对违反劳动保障法律、法规或者规章的行为，有权向劳动保障行政部门举报。
劳动者认为用人单位侵犯其劳动保障合法权益的，有权向劳动保障行政部门投诉。
劳动保障行政部门应当为举报人保密；对举报属实，为查处重大违反劳动保障法律、法规或者规章的行为提供主要线索和证据的举报人，给予奖励。
第二章 劳动保障监察职责
第十条
劳动保障行政部门实施劳动保障监察，履行下列职责：
（一）宣传劳动保障法律、法规和规章，督促用人单位贯彻执行；
（二）检查用人单位遵守劳动保障法律、法规和规章的情况；
（三）受理对违反劳动保障法律、法规或者规章的行为的举报、投诉；
（四）依法纠正和查处违反劳动保障法律、法规或者规章的行为。
第十一条
劳动保障行政部门对下列事项实施劳动保障监察：
（一）用人单位制定内部劳动保障规章制度的情况；
（二）用人单位与劳动者订立劳动合同的情况；
（三）用人单位遵守禁止使用童工规定的情况；
（四）用人单位遵守女职工和未成年工特殊劳动保护规定的情况；
（五）用人单位遵守工作时间和休息休假规定的情况；
（六）用人单位支付劳动者工资和执行最低工资标准的情况；
（七）用人单位参加各项社会保险和缴纳社会保险费的情况；
（八）职业介绍机构、职业技能培训机构和职业技能考核鉴定机构遵守国家有关职业介绍、职业技能培训和职业技能考核鉴定的规定的情况；
（九）法律、法规规定的其他劳动保障监察事项。
第十二条
劳动保障监察员依法履行劳动保障监察职责，受法律保护。
劳动保障监察员应当忠于职守，秉公执法，勤政廉洁，保守秘密。
任何组织或者个人对劳动保障监察员的违法违纪行为，有权向劳动保障行政部门或者有关机关检举、控告。
第三章 劳动保障监察的实施
第十三条
对用人单位的劳动保障监察，由用人单位用工所在地的县级或者设区的市级劳动保障行政部门管辖。
上级劳动保障行政部门根据工作需要，可以调查处理下级劳动保障行政部门管辖的案件。劳动保障行政部门对劳动保障监察管辖发生争议的，报请共同的上一级劳动保障行政部门指定管辖。
省、自治区、直辖市人民政府可以对劳动保障监察的管辖制定具体办法。
第十四条
劳动保障监察以日常巡视检查、审查用人单位按照要求报送的书面材料以及接受举报投诉等形式进行。
劳动保障行政部门认为用人单位有违反劳动保障法律、法规或者规章的行为，需要进行调查处理的，应当及时立案。
劳动保障行政部门或者受委托实施劳动保障监察的组织应当设立举报、投诉信箱和电话。
对因违反劳动保障法律、法规或者规章的行为引起的群体性事件，劳动保障行政部门应当根据应急预案，迅速会同有关部门处理。
第十五条
劳动保障行政部门实施劳动保障监察，有权采取下列调查、检查措施：
（一）进入用人单位的劳动场所进行检查；
（二）就调查、检查事项询问有关人员；
（三）要求用人单位提供与调查、检查事项相关的文件资料，并作出解释和说明，必要时可以发出调查询问书；
（四）采取记录、录音、录像、照像或者复制等方式收集有关情况和资料；
（五）委托会计师事务所对用人单位工资支付、缴纳社会保险费的情况进行审计；
（六）法律、法规规定可以由劳动保障行政部门采取的其他调查、检查措施。
劳动保障行政部门对事实清楚、证据确凿、可以当场处理的违反劳动保障法律、法规或者规章的行为有权当场予以纠正。
第十六条
劳动保障监察员进行调查、检查，不得少于２人，并应当佩戴劳动保障监察标志、出示劳动保障监察证件。
劳动保障监察员办理的劳动保障监察事项与本人或者其近亲属有直接利害关系的，应当回避。
第十七条
劳动保障行政部门对违反劳动保障法律、法规或者规章的行为的调查，应当自立案之日起60个工作日内完成；对情况复杂的，经劳动保障行政部门负责人批准，可以延长30个工作日。
第十八条
劳动保障行政部门对违反劳动保障法律、法规或者规章的行为，根据调查、检查的结果，作出以下处理：
（一）对依法应当受到行政处罚的，依法作出行政处罚决定；
（二）对应当改正未改正的，依法责令改正或者作出相应的行政处理决定；
（三）对情节轻微且已改正的，撤销立案。
发现违法案件不属于劳动保障监察事项的，应当及时移送有关部门处理；涉嫌犯罪的，应当依法移送司法机关。
第十九条
劳动保障行政部门对违反劳动保障法律、法规或者规章的行为作出行政处罚或者行政处理决定前，应当听取用人单位的陈述、申辩；作出行政处罚或者行政处理决定，应当告知用人单位依法享有申请行政复议或者提起行政诉讼的权利。
第二十条
违反劳动保障法律、法规或者规章的行为在２年内未被劳动保障行政部门发现，也未被举报、投诉的，劳动保障行政部门不再查处。
前款规定的期限，自违反劳动保障法律、法规或者规章的行为发生之日起计算；违反劳动保障法律、法规或者规章的行为有连续或者继续状态的，自行为终了之日起计算。
第二十一条
用人单位违反劳动保障法律、法规或者规章，对劳动者造成损害的，依法承担赔偿责任。劳动者与用人单位就赔偿发生争议的，依照国家有关劳动争议处理的规定处理。
对应当通过劳动争议处理程序解决的事项或者已经按照劳动争议处理程序申请调解、仲裁或者已经提起诉讼的事项，劳动保障行政部门应当告知投诉人依照劳动争议处理或者诉讼的程序办理。
第二十二条
劳动保障行政部门应当建立用人单位劳动保障守法诚信档案。用人单位有重大违反劳动保障法律、法规或者规章的行为的，由有关的劳动保障行政部门向社会公布。
第四章 法律责任
第二十三条
用人单位有下列行为之一的，由劳动保障行政部门责令改正，按照受侵害的劳动者每人1000元以上5000元以下的标准计算，处以罚款：
（一）安排女职工从事矿山井下劳动、国家规定的第四级体力劳动强度的劳动或者其他禁忌从事的劳动的；
（二）安排女职工在经期从事高处、低温、冷水作业或者国家规定的第三级体力劳动强度的劳动的；
（三）安排女职工在怀孕期间从事国家规定的第三级体力劳动强度的劳动或者孕期禁忌从事的劳动的；
（四）安排怀孕７个月以上的女职工夜班劳动或者延长其工作时间的；
（五）女职工生育享受产假少于90天的；
（六）安排女职工在哺乳未满１周岁的婴儿期间从事国家规定的第三级体力劳动强度的劳动或者哺乳期禁忌从事的其他劳动，以及延长其工作时间或者安排其夜班劳动的；
（七）安排未成年工从事矿山井下、有毒有害、国家规定的第四级体力劳动强度的劳动或者其他禁忌从事的劳动的；
（八）未对未成年工定期进行健康检查的。
第二十四条
用人单位与劳动者建立劳动关系不依法订立劳动合同的，由劳动保障行政部门责令改正。
第二十五条
用人单位违反劳动保障法律、法规或者规章延长劳动者工作时间的，由劳动保障行政部门给予警告，责令限期改正，并可以按照受侵害的劳动者每人100元以上500元以下的标准计算，处以罚款。
第二十六条
用人单位有下列行为之一的，由劳动保障行政部门分别责令限期支付劳动者的工资报酬、劳动者工资低于当地最低工资标准的差额或者解除劳动合同的经济补偿；逾期不支付的，责令用人单位按照应付金额50%以上１倍以下的标准计算，向劳动者加付赔偿金：
（一）克扣或者无故拖欠劳动者工资报酬的；
（二）支付劳动者的工资低于当地最低工资标准的；
（三）解除劳动合同未依法给予劳动者经济补偿的。
第二十七条
用人单位向社会保险经办机构申报应缴纳的社会保险费数额时，瞒报工资总额或者职工人数的，由劳动保障行政部门责令改正，并处瞒报工资数额１倍以上3倍以下的罚款。
骗取社会保险待遇或者骗取社会保险基金支出的，由劳动保障行政部门责令退还，并处骗取金额１倍以上３倍以下的罚款；构成犯罪的，依法追究刑事责任。
第二十八条
职业介绍机构、职业技能培训机构或者职业技能考核鉴定机构违反国家有关职业介绍、职业技能培训或者职业技能考核鉴定的规定的，由劳动保障行政部门责令改正，没收违法所得，并处1万元以上5万元以下的罚款；情节严重的，吊销许可证。
未经劳动保障行政部门许可，从事职业介绍、职业技能培训或者职业技能考核鉴定的组织或者个人，由劳动保障行政部门、工商行政管理部门依照国家有关无照经营查处取缔的规定查处取缔。
第二十九条
用人单位违反《中华人民共和国工会法》，有下列行为之一的，由劳动保障行政部门责令改正：
（一）阻挠劳动者依法参加和组织工会，或者阻挠上级工会帮助、指导劳动者筹建工会的；
（二）无正当理由调动依法履行职责的工会工作人员的工作岗位，进行打击报复的；
（三）劳动者因参加工会活动而被解除劳动合同的；
（四）工会工作人员因依法履行职责被解除劳动合同的。
第三十条
有下列行为之一的，由劳动保障行政部门责令改正；对有第（一）项、第（二）项或者第（三）项规定的行为的，处2000元以上2万元以下的罚款：
（一）无理抗拒、阻挠劳动保障行政部门依照本条例的规定实施劳动保障监察的；
（二）不按照劳动保障行政部门的要求报送书面材料，隐瞒事实真相，出具伪证或者隐匿、毁灭证据的；
（三）经劳动保障行政部门责令改正拒不改正，或者拒不履行劳动保障行政部门的行政处理决定的；
（四）打击报复举报人、投诉人的。
违反前款规定，构成违反治安管理行为的，由公安机关依法给予治安管理处罚；构成犯罪的，依法追究刑事责任。
第三十一条
劳动保障监察员滥用职权、玩忽职守、徇私舞弊或者泄露在履行职责过程中知悉的商业秘密的，依法给予行政处分；构成犯罪的，依法追究刑事责任。
劳动保障行政部门和劳动保障监察员违法行使职权，侵犯用人单位或者劳动者的合法权益的，依法承担赔偿责任。
第三十二条
属于本条例规定的劳动保障监察事项，法律、其他行政法规对处罚另有规定的，从其规定。
第五章 附则
第三十三条
对无营业执照或者已被依法吊销营业执照，有劳动用工行为的，由劳动保障行政部门依照本条例实施劳动保障监察，并及时通报工商行政管理部门予以查处取缔。
第三十四条
国家机关、事业单位、社会团体执行劳动保障法律、法规和规章的情况，由劳动保障行政部门根据其职责，依照本条例实施劳动保障监察。
第三十五条
劳动安全卫生的监督检查，由卫生部门、安全生产监督管理部门、特种设备安全监督管理部门等有关部门依照有关法律、行政法规的规定执行。
第三十六条
本条例自2004年12月1日起施行。
分享：",中华人民共和国国务院令〔2004〕423号,上海市,上海市人民政府-人才政策,人才引进,https://www.shanghai.gov.cn/rcjygj/20250606/9f69de5a42eb4579ac3271401ba0a9c6.html,中华人民共和国国务院令〔2004〕423号,5025,,2026-04-25 16:21:37,ok
国务院办公厅关于优化调整稳就业政策措施 全力促发展惠民生的通知,2023-04-01,"首页
政务公开
集成式发布政策库
营商环境
惠企政策直达
人才政策
国家文件
国务院办公厅关于优化调整稳就业政策措施 全力促发展惠民生的通知
印发日期：2023-04-19
大
中
小
国务院办公厅关于优化调整稳就业政策措施 全力促发展惠民生的通知
国办发〔2023〕11号
各省、自治区、直辖市人民政府，国务院各部委、各直属机构：
为全面贯彻党的二十大和中央经济工作会议、全国“两会”精神，落实国务院2023年重点工作分工要求，深入实施就业优先战略，多措并举稳定和扩大就业岗位，全力促发展惠民生，经国务院同意，现就优化调整稳就业政策措施有关事项通知如下：
一、激发活力扩大就业容量
（一）加大对吸纳就业能力强的行业企业扩岗政策支持。及时梳理本地区带动就业能力强、涉及国计民生和生产保供的企业清单，配备就业服务专员，建立岗位收集、技能培训、送工上岗联动机制。对吸纳高校毕业生等重点群体就业的，在符合发放条件的前提下，运用“直补快办”等模式，一揽子兑现社会保险补贴、吸纳就业补贴、职业培训补贴等政策。支持各地在符合国家规定的前提下出台地方性政策，为吸纳就业能力强的行业企业扩大岗位供给提供有力支撑。
（二）支持金融机构开展稳岗扩岗服务和贷款业务。鼓励金融机构面向吸纳就业人数多、稳岗效果好且用工规范的实体经济和小微企业发放贷款，支持其稳岗扩岗。支持金融机构在依法合规、风险可控的前提下，优化贷款审批流程，合理确定贷款额度，增加信用贷等支持，为符合条件的小微企业提供续贷支持。
（三）发挥创业带动就业倍增效应。聚焦高校毕业生、农民工等群体创业需求，支持其创办投资少、风险小的创业项目，从事创意经济、个性化定制化文化业态等特色经营。落实创业担保贷款及贴息政策，简化担保手续，对符合条件的落实免除反担保要求，健全风险分担机制和呆账核销机制。创业担保贷款借款人因自然灾害、重特大突发事件影响流动性遇到暂时困难的，可申请展期还款，期限原则上不超过1年，政策实施期限截至2023年12月31日。
（四）加大技能培训支持力度。适应数字中国、健康中国、制造强国等建设和本地区产业发展需求，积极推动各类职业院校（含技工院校）、职业培训机构和符合条件的企业大规模开展重点行业、急需紧缺职业（工种）技能培训。充分用好就业补助资金、失业保险基金、职业技能提升行动专账资金、企业职工教育经费等资金开展培训，按规定给予职业培训补贴等支持。参加失业保险1年以上的企业职工或领取失业保险金人员取得职业资格证书或职业技能等级证书的，可申请技能提升补贴，每人每年享受补贴次数最多不超过三次，政策实施期限截至2023年12月31日。
（五）继续实施失业保险稳岗返还政策。参保企业上年度未裁员或裁员率不高于上年度全国城镇调查失业率控制目标，30人（含）以下的参保企业裁员率不高于参保职工总数20%的，可申请失业保险稳岗返还。中小微企业按不超过企业及其职工上年度实际缴纳失业保险费的60%返还，大型企业按不超过30%返还。社会团体、基金会、社会服务机构、律师事务所、会计师事务所、以单位形式参保的个体工商户参照实施。实施此项政策的统筹地区上年度失业保险基金滚存结余备付期限应在1年以上，政策实施期限截至2023年12月31日。
二、拓宽渠道促进高校毕业生等青年就业创业
（六）鼓励企业吸纳就业。对企业招用毕业年度或离校2年内未就业高校毕业生、登记失业的16—24岁青年，签订1年以上劳动合同的，可发放一次性吸纳就业补贴，政策实施期限截至2023年12月31日。
（七）鼓励引导基层就业。稳定“三支一扶”计划、大学生志愿服务西部计划等基层服务项目2023年招募规模。实施“大学生乡村医生”专项计划，落实医学专业高校毕业生免试申请乡村医生执业注册政策。继续做好2023年高校毕业生到城乡社区就业创业工作。对到中西部地区、艰苦边远地区、老工业基地县以下基层单位就业的高校毕业生，按规定给予学费补偿和国家助学贷款代偿、高定工资等支持，对招聘为事业单位工作人员的，可按规定提前转正定级。
（八）支持国有企业扩大招聘规模。对按照工资效益联动机制确定的工资总额难以满足扩大高校毕业生招聘需求的国有企业，经履行出资人职责机构或其他企业主管部门同意，统筹考虑企业招聘高校毕业生人数、自然减员情况和现有职工工资水平等因素，2023年可给予一次性增人增资，核增部分据实计入工资总额并作为下一年度工资总额预算基数。
（九）稳定机关事业单位岗位规模。挖掘党政机关、事业单位编制存量，统筹自然减员，加大补员力度，稳定招录、招聘高校毕业生规模，合理确定招录、招聘时间。
（十）实施2023年百万就业见习岗位募集计划。广泛动员各类企事业单位、社会组织等，募集不少于100万个青年见习岗位，对吸纳就业见习人员的给予见习补贴，用于支付见习人员基本生活费、办理人身意外伤害保险，以及对见习人员的指导管理费用。对见习期未满与见习人员签订劳动合同的，各地可给予剩余期限见习补贴，政策实施期限截至2023年12月31日。
三、强化帮扶兜牢民生底线
（十一）加强困难人员就业帮扶。合理确定并动态调整就业困难人员认定标准，及时将零就业家庭、低保家庭、脱贫户、大龄、残疾、长期失业等人员纳入援助范围。制定个性化援助方案，优先推荐低门槛、有保障的爱心岗位，提供“一对一”就业援助，对符合条件的困难毕业生发放一次性求职创业补贴。对企业招用登记失业半年以上人员，签订1年以上劳动合同的，可发放一次性吸纳就业补贴，政策实施期限截至2023年12月31日。对通过市场渠道难以实现就业的，合理统筹公益性岗位安置，确保零就业家庭至少一人就业。
（十二）保障困难群众基本生活。对符合条件的失业人员，做好失业保险金、代缴基本医疗保险费（含生育保险费）和失业农民工一次性生活补助等常规性保生活待遇发放工作。将符合条件的生活困难失业人员及家庭纳入最低生活保障、临时救助等社会救助范围。及时启动社会救助和保障标准与物价上涨挂钩联动机制，按规定向困难群众足额发放物价补贴。
四、加强组织实施
（十三）细化实化政策。各地要结合实际，细化实化本通知明确的各项政策措施，加速释放政策红利。同步梳理前期本地出台的阶段性稳就业政策，明确优化调整意见，落实好各项常态化就业政策，推动各项政策落地见效、惠企利民，为就业大局总体稳定提供有力保障。政策实施中的重要问题和经验做法，及时报有关主管部门。
（十四）优化经办服务。各地要持续优化经办流程，减环节、减材料、减时限，编制好各项政策资金审核发放流程和办事指南。加快推进网上办理，加强大数据比对识别，推动更多政策直达快享，提升就业政策获得感和满意度。提高政策覆盖面和可及性，对符合条件的以单位形式参保的个体工商户，可参照企业同等享受就业补贴政策。规范资金管理使用，严格履行程序规定，健全风险防控机制，严肃查处骗取套取、虚报冒领等违法违规行为，保障资金安全运行。
（十五）强化宣传解读。各地要加强就业政策宣传，及时更新发布本地区就业创业政策清单，分类梳理面向高校毕业生、困难人员等不同群体和经营主体的政策举措，广泛推动稳就业政策进企业、进园区、进校园、进社区（村）。创新政策宣传方式，及时提供通俗易懂的政策解读，提高政策知晓度，稳定各方预期，营造良好社会氛围。
国务院办公厅
2023年4月19日
（本文有删减）
分享：",国务院办公厅关于优化调整稳就业政策措施 全力促发展惠民生的通知,上海市,上海市人民政府-人才政策,人才引进,https://www.shanghai.gov.cn/rcjygj/20250606/e591bdadd9654eae94fab032eff337cd.html,国办发〔2023〕11号,3016,,2026-04-25 16:21:39,ok
国务院关于印发 “十四五”就业促进规划的通知,2021-08-02,"首页
政务公开
集成式发布政策库
营商环境
惠企政策直达
人才政策
国家文件
国务院关于印发 “十四五”就业促进规划的通知
印发日期：2021-08-23
大
中
小
国务院关于印发“十四五”就业促进规划的通知
国发〔2021〕14号
各省、自治区、直辖市人民政府，国务院各部委、各直属机构：
现将《“十四五”就业促进规划》印发给你们，请认真贯彻执行。
国务院
2021年8月23日
“十四五”就业促进规划
就业是最大的民生，也是经济发展最基本的支撑。“十四五”时期，实现更加充分更高质量就业，是推动高质量发展、全面建设社会主义现代化国家的内在要求，是践行以人民为中心发展思想、扎实推进共同富裕的重要基础。本规划依据《中华人民共和国国民经济和社会发展第十四个五年规划和2035年远景目标纲要》编制，提出了“十四五”时期促进就业的指导思想、基本原则、主要目标、重点任务和保障措施，是推动就业高质量发展的工作指引。
一、发展环境
“十三五”期间，面对错综复杂的国际形势、艰巨繁重的国内改革发展稳定任务特别是新冠肺炎疫情的严重冲击，党中央、国务院始终坚持以人民为中心，将就业摆在经济社会发展优先位置，创新实施就业优先政策，推动就业工作取得积极进展。全国城镇新增就业6564万人，城镇调查失业率均值控制在5.2%，劳动年龄人口平均受教育年限从10.2年提高到10.8年，技能劳动者总量由1.3亿人增至2亿人，就业形势总体稳定，就业结构持续优化，就业质量不断提升。
“十四五”时期是我国全面建成小康社会、实现第一个百年奋斗目标之后，乘势而上开启全面建设社会主义现代化国家新征程、向第二个百年奋斗目标进军的第一个五年。当前和今后一段时期，我国发展仍然处于重要战略机遇期，党中央、国务院高度重视就业问题，实施就业优先战略，为实现更加充分更高质量就业提供了根本保证；我国已转向高质量发展阶段，以国内大循环为主体、国内国际双循环相互促进的新发展格局加快构建，经济稳中向好、长期向好，为就业长期稳定创造了良好条件；新一轮科技革命和产业变革深入发展，新兴就业创业机会日益增多；新型城镇化、乡村振兴孕育巨大发展潜力，新的就业增长点不断涌现；劳动力市场协同性增强，劳动力整体受教育程度上升，社会性流动更加顺畅，为促进就业夯实了人力资源支撑。
但也要看到，“十四五”时期就业领域也出现了许多新变化新趋势。人口结构与经济结构深度调整，劳动力供求两侧均出现较大变化，产业转型升级、技术进步对劳动者技能素质提出了更高要求，人才培养培训不适应市场需求的现象进一步加剧，“就业难”与“招工难”并存，结构性就业矛盾更加突出，将成为就业领域主要矛盾。城镇就业压力依然较大，促进高校毕业生等重点群体就业任务艰巨，在工业化、城镇化进程中，还有大量农村富余劳动力需要转移就业，规模性失业风险不容忽视。同时，就业歧视仍然存在，灵活就业人员和新就业形态劳动者权益保障亟待加强；人工智能等智能化技术加速应用，就业替代效应持续显现；国际环境日趋复杂，不稳定性不确定性明显增加，对就业的潜在冲击需警惕防范。总之，就业形势仍较严峻。必须深刻认识就业领域主要矛盾的变化，深入分析面临的挑战和风险，坚持问题导向，采取务实举措，抓住机遇，调动各种积极因素，不断开创就业工作新局面，努力实现更加充分更高质量就业。
二、总体要求
（一）指导思想。
以习近平新时代中国特色社会主义思想为指导，深入贯彻党的十九大和十九届二中、三中、四中、五中全会精神，统筹推进“五位一体”总体布局，协调推进“四个全面”战略布局，坚持稳中求进工作总基调，立足新发展阶段，完整、准确、全面贯彻新发展理念，构建新发展格局，统筹发展和安全，以实现更加充分更高质量就业为主要目标，深入实施就业优先战略，健全有利于更加充分更高质量就业的促进机制，完善政策体系、强化培训服务、注重权益保障，千方百计扩大就业容量，努力提升就业质量，着力缓解结构性就业矛盾，切实防范和有效化解规模性失业风险，不断增进民生福祉，推动全体人民共同富裕迈出坚实步伐。
（二）基本原则。
——坚持就业导向、政策协同。继续把就业摆在经济社会发展和宏观政策优先位置，作为保障和改善民生头等大事，把稳定和扩大就业作为宏观调控的优先目标和经济运行合理区间的下限，根据就业形势变化，及时调整宏观政策取向、聚力支持就业。
——坚持扩容提质、优化结构。兼顾容量、质量与结构，抓住主要矛盾，在多措并举创造更多高质量就业岗位的同时，更加重视日益凸显的结构性就业矛盾，聚焦劳动者技能素质提升，突出抓好技术技能人才培养培训，推动形成劳动力市场更高水平的供需动态平衡。
——坚持市场主导、政府调控。推动有效市场和有为政府更好结合，既要坚持市场化社会化就业方向，加快破除制约就业的体制机制障碍，充分发挥市场配置劳动力资源的决定性作用，又要强化政府责任，优化整合各类资源，为促进就业提供强有力政策支持和基础性服务保障。
——坚持聚焦重点、守住底线。紧盯就业领域关键环节和突出问题，瞄准重点地区、重点行业和重点群体，制定更加精准有效的举措，因地因企因人强化分类帮扶援助，切实兜牢民生底线。
（三）主要目标。
到2025年，要实现以下目标：
——就业形势总体平稳。城镇新增就业5500万人以上，努力实现更大规模，城镇调查失业率控制在5.5%以内，重点群体就业保持稳定。城乡、区域就业机会差距逐步缩小，劳动力市场供求基本平衡。
——就业质量稳步提升。劳动报酬提高与劳动生产率提高基本同步，覆盖城乡劳动者的社会保障体系更加健全，劳动权益保障进一步加强，劳动关系和谐稳定，更多劳动者实现体面劳动。
——结构性就业矛盾有效缓解。人力资源质量大幅提升，更加匹配产业转型升级和高质量发展的需要。全国高技能人才总量稳步扩大，劳动年龄人口平均受教育年限达到11.3年，新增劳动力受过高等教育比例达到55%。
——创业带动就业动能持续释放。创业引领作用更加凸显，对高质量就业的带动能力不断增强。创业环境更加优化，政策服务体系更加完备，创业机会更多、渠道更广，更多人可以通过创业实现人生价值。
——风险应对能力显著增强。就业领域风险监测预警和应对处置机制不断健全，失业人员保障范围有效扩大、保障水平进一步提高，困难群体得到及时帮扶，就业安全保障更加有力。
三、坚持经济发展就业导向，不断扩大就业容量
落实就业优先战略，强化就业优先政策，推动形成高质量发展与就业扩容提质互促共进的良性循环。
（四）全面增强就业吸纳能力。
强化就业优先导向的宏观调控。将就业优先政策置于宏观政策层面并持续强化，完善调控手段，充实政策工具箱，强化财政、货币、投资、消费、产业、区域等政策支持就业的导向，实现与就业政策协同联动。深入实施扩大内需战略，持续促进消费、增加有效投资拉动就业，通过保市场主体保就业。健全就业影响评估机制，制定实施宏观政策时要充分考虑对就业的影响，提升重大政策规划、重大工程项目、重大生产力布局对就业的促进作用。健全就业目标责任考核机制，建立更加充分更高质量就业考核评价体系，探索开展高质量就业地区试点工作。
促进制造业高质量就业。实施制造业降本减负行动，引导金融机构扩大制造业中长期融资，提升制造业盈利能力，提高从业人员收入水平，增强制造业就业吸引力，缓解制造业“招工难”问题。推进制造业高质量发展和职业技能培训深度融合，促进制造业产业链、创新链与培训链有效衔接。支持吸纳就业能力强的劳动密集型行业发展。注重发展技能密集型产业，推动传统制造业转型升级赋能、延伸产业链条，开发更多制造业领域技能型就业岗位。立足我国产业规模优势、配套优势和部分领域先发优势，发展服务型制造新模式，做大做强新兴产业链，推动先进制造业集群发展，打造更多制造业就业增长点。
扩大服务业就业。聚焦产业转型升级和消费升级需要，构建优质高效、结构优化、竞争力强的服务产业新体系，为劳动者就业提供更大空间和更多选择。进一步放宽服务业市场准入，深入推进服务业扩大开放，促进服务业数字化转型、线上线下双向发展，推动现代服务业同先进制造业、现代农业深度融合，支持生产性服务业和服务外包创新发展，加快生活服务业高品质和多样化升级，鼓励商贸流通和消费服务业态与模式创新，引导夜间经济、便民生活圈等健康发展，稳定开发社区超市、便利店、社区服务和社会工作服务岗位，充分释放服务业就业容量大的优势。
拓展农业就业空间。深化农业供给侧结构性改革，加强现代农业产业园和农业现代化示范区建设，打造农业全产业链，提升农业价值链，吸纳带动更多就业。实施农民合作社规范提升行动、家庭农场培育计划和高素质农民培育计划，推动小农户与现代农业发展有机衔接，扶持一批农业产业化龙头企业牵头、家庭农场和农民合作社跟进、广大小农户参与的农业产业化联合体，实现抱团发展，促进农民就业增收。
支持中小微企业和个体工商户持续稳定发展增加就业。完善促进中小微企业和个体工商户发展和用工的制度环境和政策体系，构建常态化援企稳岗帮扶机制，持续减轻中小微企业和个体工商户负担，激发中小微企业和个体工商户活力，增强就业岗位创造能力。优化中小微企业发展生态，取消各类不合理限制和壁垒。支持劳动者创办投资小、见效快、易转型、风险小的小规模经济实体。加大对中小微企业和个体工商户融资支持力度，加强普惠金融服务。
（五）培育接续有力的就业新动能。
促进数字经济领域就业创业。加快发展数字经济，推动数字经济和实体经济深度融合，催生更多新产业新业态新商业模式，培育多元化多层次就业需求。健全数字规则，强化数据有序共享和信息安全保护，加快推动数字产业化，打造具有国际竞争力、就业容量大的数字产业集群。深入实施“上云用数赋智”行动，推进传统线下业态数字化转型赋能，创造更多数字经济领域就业机会。促进平台经济等新产业新业态新商业模式规范健康发展，带动更多劳动者依托平台就业创业。
支持多渠道灵活就业和新就业形态发展。破除各种不合理限制，建立促进多渠道灵活就业机制，支持和规范发展新就业形态。鼓励传统行业跨界融合、业态创新，增加灵活就业和新就业形态就业机会。加快落实《关于维护新就业形态劳动者劳动保障权益的指导意见》，建立完善适应灵活就业和新就业形态的劳动权益保障制度，引导支持灵活就业人员和新就业形态劳动者参加社会保险，提高灵活就业人员和新就业形态劳动者社会保障水平。规范平台企业用工，明确平台企业劳动保护责任。健全职业分类动态调整机制，持续开发新职业，发布新职业标准。
（六）提高区域就业承载力。
推动区域就业协调发展。支持东部地区发挥创新要素集聚优势，率先实现产业升级，开拓高质量就业新领域，培育高质量就业增长极。加快完善中西部和东北地区基础设施，提升产业集聚区公共服务效能，引导产业向中西部和东北地区有序梯度转移，推动就业机会向中西部和东北地区扩散。支持中西部和东北地区根据国家战略导向和发展重点，对接先进生产要素和创新资源，发展特色优势产业，改造提升传统产业，积极布局新兴产业，厚植就业创业沃土。
实施特殊类型地区就业促进行动。健全巩固拓展脱贫攻坚成果长效机制，统筹各类政策资源，强化后续扶持，以脱贫地区为重点，支持欠发达地区因地制宜发展吸纳就业效果好的富民产业。支持革命老区、边境地区等发展本地特色产业，推进资源型地区加快培育发展接续替代产业，完善就地就近就业配套设施，做好边民、少数民族劳动者和失地农民、下岗矿工、停产企业员工等困难群体就业帮扶。对高失业率地区开展专项就业援助，针对性开发和推荐就业岗位，促进失业人员再就业。
壮大县乡村促就业内生动力。深入推进新型城镇化和乡村振兴战略有效衔接，推动县乡村联动发展，促进产镇融合、产村一体，打造“一县一业”、“一乡一特”、“一村一品”经济圈，做好产业和就业帮扶。推进以县城为重要载体的城镇化建设，补短板强弱项，增强综合服务能力，促进绿色低碳发展，吸引各类生产要素向县城流动聚集，做大做强县域经济，扩大县城就业需求。支持乡镇提升服务功能，增加生产生活要素供给，为发展产业、带动就业创造良好条件，把乡镇建设成拉动农村劳动力就业的区域中心。完善农村一二三产业融合发展体系，丰富乡村经济业态，促进乡村产业多模式融合、多类型示范，打造乡村产业链供应链，加快乡村产业振兴步伐，培育乡村就业增长极。
四、强化创业带动作用，放大就业倍增效应
深入实施创新驱动发展战略，营造有利于创新创业创造的良好发展环境，持续推进双创，更大激发市场活力和社会创造力，促进创业带动就业。
（七）不断优化创业环境。
深化创业领域“放管服”改革。全面实行《优化营商环境条例》和政府权责清单制度，分类推进行政审批制度改革，打造市场化法治化国际化营商环境。实施全国统一的市场准入负面清单制度，健全清单动态调整机制，定期评估、排查、清理各类显性和隐性壁垒，最大限度解除对创业的束缚。提升企业开办标准化规范化便利化水平，建立便利、高效、有序的市场主体退出制度。实行以公平为原则的产权保护制度。
加强创业政策支持。加大对初创实体的支持力度，进一步降低创业成本，提升初创企业持续发展能力。落实创业担保贷款及贴息政策，提高贷款便利度和政策获得感。拓展创业企业直接融资渠道，健全投资生态链，更好发挥创业投资引导基金和私募股权基金作用，加大初创期、种子期投入。提升创业板服务成长型创业企业功能，支持符合条件的企业发行企业债券。
实现创业资源开放共享。强化大企业在市场拓展、产业链协调、带动中小企业创业方面的作用，实施大中小企业融通创新专项行动，鼓励大企业向中小企业开放资源、场景、应用、需求，打造基于产业链供应链的创新创业生态。推动国家科研平台、科技报告、科研数据、科研仪器设施、高校实验室进一步向企业、社会组织和个人开放，创造更多创业机会。促进国家级新区、国家自主创新示范区开放企业（项目）资源，建立项目对接机制，吸纳人才创业。
（八）鼓励引导各类群体投身创业。
激发劳动者创业的积极性主动性。实施农村创业创新带头人培育行动，壮大新一代乡村企业家队伍。实施大学生创业支持计划、留学人员回国创业启动支持计划。鼓励引导有创业意愿和创业能力的农民工、大学生、退役军人等人员返乡入乡创业。建立科研人员入乡兼职兼薪和离岗创业制度，完善科研人员职务发明成果权益分享机制。激发和保护企业家精神，倡导敬业、精益、专注、宽容失败的创新创业文化。
全方位培养引进用好创业人才。大力发展高校创新创业教育，培育一批创业拔尖人才。面向有创业意愿和培训需求的城乡各类劳动者开展创业培训。实施更加积极更加开放更加有效的人才政策，加大创业人才引进力度，为外籍高层次人才来华创业提供便利。健全以创新能力、质量、实效、贡献为导向的创新创业人才评价体系，加强创新创业激励和保障。
（九）全面升级创业服务。
打造全生态、专业化、多层次的创业服务体系。加快完善创业服务网络。加强服务队伍建设，为创业者提供政策咨询、项目推介、开业指导等服务。推广创业导师制，推行科技特派员制度，支持科技领军企业、高技能人才、专业技术人才等到基层开展创业服务。实施创业带动就业示范行动，组织各类创业大赛和创业推进活动，办好全国双创活动周，开展创业型城市示范创建，营造浓厚的创业氛围。
建设特色化、功能化、高质量的创业平台载体。构建众创空间、孵化器、加速器、产业园相互接续的创业平台支持链条。创新创业孵化载体建设模式，支持大企业与地方政府、高校共建，提高利用率。实施全国创业孵化示范基地改造提升工程，强化服务质量管理，提升孵化服务功能，新认定一批国家级创业孵化示范基地。优化双创示范基地建设布局，充分发挥双创示范基地示范带动作用。鼓励地方开辟退役军人创业专区和退役军人就业创业园地，依托各类产业园区建设一批返乡入乡创业园，加强大学生创业园等孵化载体建设。支持地方进一步加快建设留学人员创业园，持续推动省部共建。
五、完善重点群体就业支持体系，增强就业保障能力
聚焦高校毕业生等重点群体，坚持市场化社会化就业与政府帮扶相结合，促进多渠道就业创业。
（十）持续做好高校毕业生就业工作。
拓宽高校毕业生市场化社会化就业渠道。结合国家重大战略布局、现代产业体系建设、中小企业创新发展，创造更多有利于发挥高校毕业生专长和智力优势的知识技术型就业岗位。健全激励保障机制，畅通成长发展通道，引导高校毕业生到中西部、东北、艰苦边远地区和城乡基层就业。围绕乡村振兴战略，服务乡村建设行动和基层治理，扩大基层教育、医疗卫生、社区服务、农业技术等领域就业空间。为有意愿、有能力的高校毕业生创新创业提供资金、场地和技术等多层次支持。
强化高校毕业生就业服务。健全校内校外资源协同共享的高校毕业生就业服务体系，完善多元化服务机制，将留学回国毕业生及时纳入公共就业人才服务范围。加强职业生涯教育和就业创业指导，加大就业实习见习实践组织力度，开展大规模、高质量高校毕业生职业技能培训，提高高校毕业生就业能力。实施常态化高校毕业生就业信息服务，精准组织线上线下就业服务活动，举办行业性、区域性、专业性专场招聘，加强户籍地、求职地、学籍地政策服务协同，提高供需匹配效率。对离校未就业高校毕业生开展实名制帮扶，健全困难高校毕业生就业援助机制。强化择业就业观念引导，推动高校毕业生积极理性就业。开展“最美基层高校毕业生”学习宣传活动。
（十一）高度重视城镇青年就业。
为城镇青年创造多样化就业机会。聚焦城镇青年（主要包括未继续升学初高中毕业生、城镇失业青年、转岗青年职工等，下同），完善就业支持体系。在推动先进制造业、现代服务业和劳动密集型产业发展中，开发更多适合城镇青年的就业岗位，带动更多城镇青年到新产业新业态新商业模式领域就业创业。对接产业优化布局、区域协调发展和重点行业企业人才需求，完善人力资源需求发布、要素配置、协同发展机制，支持城镇青年到人才紧缺领域就业。
增强城镇青年职业发展能力。发挥就业创业服务机构、产业企业园区、青年之家、青年活动中心等各类平台作用，支持城镇青年参加职业指导、职业体验、创业实践、志愿服务等活动。探索组织青年职业训练营、就业训练工场。打造适合城镇青年特点的就业服务模式，畅通信息服务渠道，提高择业精准度。
强化城镇青年就业帮扶。实施青年就业启航计划，对城镇长期失业青年开展实践引导、分类指导和跟踪帮扶，促进其进入市场就业创业。将劳动精神、奋斗精神融入指导和实践，引导城镇青年自强自立。为城镇困难失业青年提供就业援助。
（十二）加强退役军人就业保障。
改革完善退役军人安置制度。科学制定安置计划，改进岗位安置办法，推进落实安置政策，压实属地安置责任，规范接收安置程序，提高安置质量。优化安置方式，探索市场化安置改革，实现多渠道、多元化安置。推广“直通车”式安置，健全“阳光安置”工作机制。鼓励到艰苦边远地区和城乡基层安置。加强各种安置方式统筹协调，强化政策制度衔接。
支持退役军人自主就业。将退役军人按规定纳入现有就业服务、教育培训等政策覆盖范围。探索推开“先入校回炉、再就业创业”的模式，鼓励符合条件的退役军人报考高职学校，落实招收、培养、管理等方面的扶持政策。适时调整退役军人就业岗位目录。协调各方资源，加强行业企业合作，拓展就业供给领域，挖掘更多适合退役军人的就业岗位，促进退役军人到民营企业就业。实施“兵支书”协同培养工程，推动退役军人在乡村就业。设立退役军人就业实名台账，强化退役军人服务中心（站）就业服务功能，及时提供针对性服务。
（十三）推进农村劳动力转移就业。
稳定和扩大农村劳动力外出就业规模。广泛开展区域间劳务协作，健全劳务输入集中区域与劳务输出省份对接协调机制，加强劳动力跨区域精准对接，发展劳务组织和经纪人，有序组织输出地农村劳动力外出务工。培育一批有地域特色、行业特征、技能特点，带动农村劳动力就业效果好的劳务品牌。实施农民工素质提升工程，推进新生代农民工职业技能提升计划。创建一批农村劳动力转移就业示范县。
促进农村劳动力就地就近就业。依托县域经济、乡村产业发展，为农村劳动力创造更多就地就近就业岗位。重大投资项目、各类基础设施建设积极吸纳更多当地农村劳动力参与。加大以工代赈实施力度，在农业农村基础设施建设领域积极推广以工代赈方式，广泛组织当地农村劳动力，优先吸纳农村低收入人口参与工程建设以及建成后的维修养护，并及时足额发放以工代赈劳务报酬。
加快农业转移人口市民化。放开放宽除个别超大城市外的落户限制，试行以经常居住地登记户口制度。推动地方逐步探索制定城乡双向流动的户口迁移政策，确保外地和本地农业转移人口进城落户标准一视同仁，推动在城镇稳定就业生活、具有落户意愿的农业转移人口便捷落户。完善财政转移支付与农业转移人口市民化挂钩相关政策。调整城镇建设用地年度指标分配依据，建立同吸纳农业转移人口落户数量和提供保障性住房规模挂钩机制。依法保障进城落户农民农村土地承包权、宅基地使用权、集体收益分配权，健全农户“三权”市场化退出机制和配套政策。提高基本公共服务均等化水平，推动农业转移人口全面融入城市。
（十四）统筹其他重点群体就业。
稳定脱贫人口就业。健全脱贫人口、农村低收入人口就业帮扶长效机制，保持脱贫人口就业领域的扶持政策、资金支持、帮扶力量总体稳定。健全有组织劳务输出工作机制，将脱贫人口作为优先保障对象，稳定外出务工规模。支持脱贫地区大力发展当地优势特色产业，继续发挥就业帮扶车间、社区工厂、卫星工厂等就业载体作用，为脱贫人口创造就地就近就业机会。聚焦国家乡村振兴重点帮扶县、易地扶贫搬迁安置区，积极引进适合当地群众就业需求的劳动密集型、生态友好型企业（项目），增加本地就业岗位，组织专项就业服务活动实施集中帮扶。
持续开展困难群体就业援助。完善就业困难人员认定办法，建立动态调整机制，对零就业家庭人员、残疾人等困难群体，提供“一人一档”、“一人一策”精细化服务，扩大公益性岗位安置，加强对就业帮扶效果的跟踪与评估，确保零就业家庭动态清零。落实残疾人按比例就业制度。开展就业援助月等各类帮扶活动。及时将符合条件的就业困难人员纳入最低生活保障、临时救助范围，落实乡镇（街道）临时救助备用金制度。
促进其他群体就业。实施积极应对人口老龄化国家战略，强化大龄劳动者就业帮扶和权益保护，制定完善保障措施，及时提供就业创业服务、技能培训等支持，促进人力资源充分利用。持续做好产业结构调整、长江流域生态环境保护修复工作中的人员转岗再就业。
六、提升劳动者技能素质，缓解结构性就业矛盾
把技术技能人才培养培训放在更加突出的位置，着力改善劳动力要素质量，建设一支符合高质量发展要求、适应现代化经济体系、具备较高职业技能和道德素质、结构比较合理的劳动者队伍。
（十五）大规模多层次开展职业技能培训。
完善职业技能培训政策体系。面向市场需求加强职业技能培训，健全终身职业技能培训制度，制定“十四五”职业技能培训规划，深入实施职业技能提升行动。稳步扩大培训规模，重点加强高校毕业生和城镇青年、退役军人、农村转移就业劳动者、脱贫人口、失业人员、个体工商户、就业困难人员（含残疾人）等技能培训，支持企业开展职工在岗培训，突出高技能人才培训、急需紧缺人才培训、转岗转业培训、储备技能培训、通用职业素质培训，积极发展养老、托育、家政等生活服务业从业人员技能培训，广泛开展新业态新商业模式从业人员技能培训，确保“十四五”期间开展补贴性职业技能培训7500万人次左右。强化安全生产技能培训，提高劳动者安全生产素质。完善职业技能竞赛体系，推动职业技能竞赛科学化、规范化、专业化发展。
实现培训供给多元化。构建以公共实训基地、职业院校（含技工院校）、职业技能培训机构和行业企业为主的多元培训载体。推动培训市场全面开放，采取优化审批服务、探索实行告知承诺等方式，激发培训主体积极性，有效增加培训供给。充分发挥企业职业技能培训的主体作用和职业院校培训资源优势，政府补贴的职业技能培训项目全部向具备资质的职业院校开放。新建一批公共实训基地，并优化功能布局、提高开放性，完善企业利用公共实训基地开展实训有关制度。实施职业技能培训共建共享行动，健全职业技能培训共建共享机制，开展县域职业技能培训共建共享试点。
切实提升职业技能培训质量。引导培训资源向市场急需、企业生产必需等领域集中，动态调整政府补贴性培训项目目录。采取政府按规定补贴培训、企业自主培训、市场化培训等多样化的培训方式，广泛开展订单式、套餐制培训，探索“互联网+职业技能培训”。统筹各级各类职业技能培训资金，加强集约化管理和使用，健全分层分类的培训补贴标准体系，畅通培训补贴直达企业和培训者渠道。健全职业技能培训监督评价考核机制。探索建立个人培训账户，形成劳动者职业技能培训电子档案，实现与就业、社会保障等信息联通共享。
提高劳动者职业素养。大力弘扬劳模精神、劳动精神、工匠精神，营造劳动光荣的社会风尚和精益求精的敬业风气。鼓励劳动者通过诚实辛勤劳动、创新创业创造过上幸福美好生活。加强职业道德教育，引导劳动者树立正确的人生观价值观就业观，培养敬业精神和工作责任意识。推进新型产业工人队伍建设，提高产业工人综合素质。
（十六）构建系统完备的技术技能人才培养体系。
推动职业技术教育提质培优。突出职业技术教育类型特色，深入推进改革创新，优化结构与布局。完善职业技术教育国家标准，推行“学历证书+职业技能等级证书”制度，实施现代职业技术教育质量提升计划，建设一批高水平职业技术院校和专业。健全职普融通机制，稳步发展职业本科教育，实现职业技术教育与普通教育学习成果双向互通互认、纵向流动。支持和规范社会力量兴办高质量职业技术教育，增强职业技术教育适应性。大力发展技工教育，建设一批优质技工院校和专业。探索中国特色学徒制，深化产教融合、校企合作。
提高人才培养质量。强化人才培养就业导向，健全人才培养与产业发展联动预警机制，增强人才培养前瞻性。深化教育教学改革，实施教育提质扩容工程，着力培养创新型、应用型、技能型人才。优化高校学科专业布局，推进专业升级和数字化改造，及时减少、撤销不适应市场需求的专业。加快重点领域急需紧缺人才培养，实施专业技术人才知识更新工程。加强重点专业学科建设，研究制订国家重点支持学科专业清单，大力发展新兴专业。加大数字人才培育力度，适应人工智能等技术发展需要，建立多层次、多类型的数字人才培养机制。
完善终身学习体系。建设学习型社会，构建服务全民终身学习的教育体系。推动高水平大学开放教育资源，完善注册学习和弹性学习制度。健全终身教育学习成果转换与认证制度，推进“学分银行”试点，探索学分积累转换制度。促进继续教育高质量发展，建立统一的高等学历继续教育制度，畅通在职人员继续教育与终身学习通道。规范发展非学历继续教育。积极发展在线教育，完善线上、线下课程学分认定和转换机制。创新发展城乡社区教育。
深化技能人才管理制度改革。实施“技能中国行动”，完善技能人才培养、使用、评价、激励机制。推进职业资格制度改革，压减准入类职业资格数量。完善职业技能等级制度，建立职业技能等级认定与相关系列职称评审贯通机制。推行社会化职业技能等级认定，鼓励企业在国家职业技能等级框架范围内增加技能岗位等级层次。加快构建国家资历框架，畅通管理人才、专业技术人才及技能人才的职业发展通道。
七、推进人力资源市场体系建设，健全公共就业服务体系
持续加强统一规范的人力资源市场体系建设，着力打造覆盖全民、贯穿全程、辐射全域、便捷高效的全方位公共就业服务体系，提升劳动力市场供需匹配效率。
（十七）建设高标准人力资源市场体系。
加快人力资源服务业高质量发展。推动人力资源服务与实体经济融合发展，引导人力资源服务机构围绕产业基础高级化、产业链现代化提供精准专业服务。鼓励人力资源服务业管理创新、技术创新、服务创新和产品创新，大力发展人力资源管理咨询、高级人才寻访、人才测评等高技术、高附加值业态。实施人力资源服务业领军人才培养计划。开展“互联网+人力资源服务”行动。深化人力资源服务领域对外开放，探索建设国家人力资源服务出口基地。
提高人力资源市场规范化水平。深化人力资源市场“放管服”改革，规范实施人力资源服务许可，持续优化人力资源市场环境。加强人力资源市场管理信息化、人力资源服务标准化和人力资源市场信用体系建设，完善人力资源服务机构信用评价标准和制度。组织开展诚信服务活动，选树一批诚信人力资源服务典型。
（十八）健全全方位公共就业服务体系。
完善公共就业服务制度。健全户籍地、常住地、参保地、就业地公共就业服务供给机制，推进就业创业政策咨询、就业失业登记、职业介绍等服务覆盖全体城乡劳动者。支持各类市场主体在注册地、经营地、用工地免费享受劳动用工咨询、招聘信息发布等服务。推动公共就业服务向农村延伸，实现城乡公共就业服务便利共享。持续改善革命老区、边境地区等公共就业服务水平和质量，缩小区域间差距。
加强公共就业服务机构设置。完善街道（乡镇）、社区（村）服务平台，构建覆盖城乡的公共就业服务网络。合理配置公共就业服务机构人员，加强职业指导、职业信息分析、创业指导等专业化、职业化队伍建设。组织动员各类人民团体、群众团体参与提供公共就业服务，支持社会组织提供公益性就业服务。
增强公共就业服务能力。健全公共就业服务标准体系，完善设施设备配置、人员配置等指导性标准，统一公共就业服务视觉识别系统，统一核心业务流程和规范。加快公共就业服务智慧化升级，推动公共就业服务向移动终端、自助平台延伸，打造集政策解读、业务办理等于一体的人工智能服务模式，逐步实现服务事项“一网通办”。推进流动人员人事档案信息化建设。建立综合评价指标体系，开展公共就业服务需求分析、社会满意度调查和第三方评估。创建一批公共就业创业服务示范城市，开展充分就业社区建设。
八、优化劳动者就业环境，提升劳动者收入和权益保障水平
提高劳动者工作待遇，加强劳动者权益保障，提升劳动者获得感和满意度，让广大劳动者实现体面劳动、全面发展。
（十九）改善劳动者就业条件。
合理增加劳动报酬。坚持按劳分配为主体、多种分配方式并存，提高劳动报酬在初次分配中的比重。健全工资决定、合理增长和支付保障机制，增加劳动者特别是一线劳动者劳动报酬，实现劳动报酬与劳动生产率基本同步提高。完善工资指导线、企业薪酬调查和信息发布制度，健全最低工资标准调整机制，实施企业薪酬指引计划。积极推行工资集体协商制度。健全劳动、知识、技术、管理等生产要素由市场评价贡献、决定报酬的机制。改革完善体现岗位绩效和分级分类管理的事业单位薪酬制度。深化国有企业工资分配制度改革，建立完善国有企业市场化薪酬分配机制。
营造良好劳动环境。实施工伤预防五年行动计划。建立企业全员安全生产责任制度，压实企业安全生产主体责任。深入开展安全生产专项整治三年行动，持续加强矿山、冶金、化工等重点行业领域尘毒危害专项治理，坚决遏制重特大事故发生。严格执行安全生产法，加强对高危行业建设项目的监管。推动简单重复的工作环节和“危繁脏重”的工作岗位尽快实现自动化智能化，加快重大安全风险领域“机器换人”。
加强劳动者社会保障。健全多层次社会保障体系，持续推进全民参保计划，提高劳动者参保率。加大城镇职工基本养老保险扩面力度，大力发展企业年金、职业年金，规范发展第三支柱养老保险。推进失业保险、工伤保险向职业劳动者广覆盖，实现省级统筹。完善全国统一的社会保险公共服务平台，优化社会保险关系转移接续。
（二十）促进平等就业。
畅通劳动力和人才社会性流动渠道。深化劳动力要素市场化配置改革，同步推进户籍制度、用人制度、档案服务改革，加快破除妨碍劳动力和人才市场化配置和自由流动的障碍，搭建横向流动桥梁、纵向发展阶梯，形成合理、公正、畅通、有序的社会性流动格局。拓展基层人员发展空间，加大对基层一线人员奖励激励力度。
努力消除就业歧视。建立劳动者平等参与市场竞争的就业机制，营造公平的市场环境，逐步消除民族、种族、性别、户籍、身份、残疾、宗教信仰等各类影响平等就业的不合理限制或就业歧视，增强劳动力市场包容性。保障妇女在就业创业、职业发展、技能培训、劳动报酬、职业健康与安全等方面的权益，为因生育中断就业的女性提供再就业培训公共服务。将生育友好作为用人单位承担社会责任的重要方面，鼓励用人单位制定有利于职工平衡工作和家庭关系的措施，依法协商确定有利于照顾婴幼儿的灵活休假和弹性工作方式。建立投诉处理机制和联合约谈机制，及时纠正含有歧视内容和不合理限制的招聘行为。健全司法救济机制，依法受理涉及就业歧视的相关起诉，设置平等就业权纠纷案由。
（二十一）维护劳动者合法权益。
扎实做好劳动权益保障。开展清理整顿人力资源市场秩序专项行动，依法查处招聘过程中的虚假、欺诈现象，强化劳务派遣用工监管。健全劳动合同制度，鼓励企业与劳动者签订长期或无固定期限劳动合同。加强对劳动密集型企业、中小微企业劳动用工指导。督促企业依法落实工时制度，保障劳动者休息休假权益。完善欠薪治理长效机制，持续推进根治拖欠农民工工资工作。推进智慧劳动保障监察系统建设，强化大数据分析能力和监控预警功能，提高执法效能。
构建和谐劳动关系。健全政府、工会、企业代表组织共同参与的协商协调机制。推动企业建立多种形式的民主参与、民主监督、民主决策新机制，提升企业与劳动者沟通协商的制度化程度。完善以职工代表大会为基本形式的企业民主管理制度，引导中小企业依法成立工会组织，在中小企业集中的地方推动建立区域性、行业性职工代表大会。推进集体协商制度建设，巩固提高集体协商覆盖面和实效性。深入实施劳动关系“和谐同行”能力提升三年行动计划，推进构建中国特色和谐劳动关系改革创新。开展和谐劳动关系创建活动。加强劳动关系形势分析和风险监测预警。创新劳动人事争议调解仲裁机制，强化调解仲裁队伍建设，推进“互联网+调解仲裁”。
九、妥善应对潜在影响，防范化解规模性失业风险
加强风险监测预警和应对处置，及时制定完善应对重大公共安全、卫生等事件的稳就业预案，切实做好失业保障。
（二十二）健全监测预警机制。
完善就业失业统计监测调查体系。加快构建系统完备、立体化的就业失业监测网络，实现劳动力市场、企业用工主体和劳动者个体全覆盖，全面反映就业增长、失业水平、市场供求状况。完善就业统计指标体系和调查统计方法，探索进行就业质量、就业稳定性等方面的分析。推进大数据在就业统计监测领域的应用。
增强风险预警预判能力。健全就业形势科学研判机制，建立“政府+高校+企业”的就业联合实验室，组建专业分析团队，开展就业重大问题研究，提升形势感知、分析研判和科学决策水平。完善企业规模裁员减员及突发事件报告制度，加强风险评估，适时发布失业预警信息。推动县级以上政府进一步完善失业风险预警制度。
（二十三）全面强化风险应对处置。
健全风险应对处置机制。制定分级政策储备和风险应对预案制度。加强规模性失业风险应急处置，有条件的地方可设立就业风险储备金。允许困难企业在与职工协商一致基础上，采取依法调整工作时间安排、薪酬等方式，稳定工作岗位。指导企业依法依规裁员。
完善失业保障体系。稳步推进失业保险扩围，进一步畅通申领渠道，提高政策受益率。用好用活失业保险促进企业稳岗、支持参保职工技能提升等政策，提高失业保险基金使用效率，充分发挥保生活基本功能作用，有效发挥防失业、促就业功能作用。畅通失业人员求助渠道，建立失业人员常态化帮扶机制，实现失业登记、职业指导、职业介绍、职业培训、生活保障联动。
积极应对人工智能等智能化技术应用对就业的影响。建立人工智能等智能化技术应用对就业影响的跟踪研判和协同应对机制，避免其就业替代效应短期内集中释放。构建不同行业、不同业态间的转岗机制，加快劳动者知识和技能更新速度，广泛开展人工智能等智能化技术应用适应性、储备性培训，提升人工智能等智能化技术通用技能，充分放大其就业创造效应。
十、实施更加有力的保障措施，确保规划任务落实落地
（二十四）加强党的领导。
深入学习贯彻习近平新时代中国特色社会主义思想，增强“四个意识”、坚定“四个自信”、做到“两个维护”，把党的领导贯彻到促进就业工作的各领域、各方面、各环节，确保党中央、国务院关于促进就业的各项决策部署落到实处。规划实施中的重大事项和重大调整报党中央、国务院审定。
（二十五）强化资金保障。
对规划确定的重点任务，按照中央与地方财政事权和支出责任划分原则，落实各级政府的投入责任。按规定统筹各类就业资金，提高使用效率。健全就业领域投融资机制，进一步拓宽资金渠道，引导带动金融资本和社会资本在返乡入乡创业、技能培训、职业技术教育、就业服务等方面发挥更大作用。
（二十六）提升政策效果。
实施就业政策快办帮办行动，及时公布政策清单和网上办理渠道，依托大数据比对主动识别政策对象，精准推送信息，扩大政策知晓度。完善政策宣传机制，开展政策推介解读，努力提高政策落实率。加强对就业政策实施效果的跟踪调查评估。
（二十七）鼓励探索创新。
对规划确定的重大举措和创新政策，支持有条件的地方先行先试。推动就业领域相关法律法规修订。鼓励各地各有关部门和单位围绕规划重点任务，创新思路和形式，积极探索多种务实有效的实施方式和有用、管用的落实措施，着力形成一批可复制可推广的经验做法和制度性成果。
（二十八）认真组织实施。
充分发挥国务院就业工作领导小组作用，推动各有关部门和单位履职尽责。创新规划组织实施方式，针对重大任务，专题专项推进。加强对规划实施情况及效果的评估，推进以评估为依据的政策改进，及时总结推广政策实施中的好经验好做法。强化监督检查，层层压实责任，抓好任务落实。
分享：",国务院关于印发 “十四五”就业促进规划的通知,上海市,上海市人民政府-人才政策,人才引进,https://www.shanghai.gov.cn/rcjygj/20250606/157508d22e3242539669e4da6e48d6e1.html,国发〔2021〕14号,15378,,2026-04-25 16:21:41,ok
劳动人事争议仲裁办案规则,2017-05-08,"首页
政务公开
集成式发布政策库
营商环境
惠企政策直达
人才政策
国家文件
劳动人事争议仲裁办案规则
印发日期：2017-05-08
人力资源社会保障部令〔2017〕33号
大
中
小
中华人民共和国人力资源和社会保障部令
第33号
《劳动人事争议仲裁办案规则》已经2017年4月24日人力资源社会保障部第123次部务会审议通过，现予公布，自2017年7月1日起施行。
部长 尹蔚民
2017年5月8日
劳动人事争议仲裁办案规则
第一章 总则
第一条
为公正及时处理劳动人事争议（以下简称争议），规范仲裁办案程序，根据《中华人民共和国劳动争议调解仲裁法》（以下简称调解仲裁法）以及《中华人民共和国公务员法》（以下简称公务员法）、《事业单位人事管理条例》、《中国人民解放军文职人员条例》和有关法律、法规、国务院有关规定，制定本规则。
第二条
本规则适用下列争议的仲裁：
（一）企业、个体经济组织、民办非企业单位等组织与劳动者之间，以及机关、事业单位、社会团体与其建立劳动关系的劳动者之间，因确认劳动关系，订立、履行、变更、解除和终止劳动合同，工作时间、休息休假、社会保险、福利、培训以及劳动保护，劳动报酬、工伤医疗费、经济补偿或者赔偿金等发生的争议；
（二）实施公务员法的机关与聘任制公务员之间、参照公务员法管理的机关（单位）与聘任工作人员之间因履行聘任合同发生的争议；
（三）事业单位与其建立人事关系的工作人员之间因终止人事关系以及履行聘用合同发生的争议；
（四）社会团体与其建立人事关系的工作人员之间因终止人事关系以及履行聘用合同发生的争议；
（五）军队文职人员用人单位与聘用制文职人员之间因履行聘用合同发生的争议；
（六）法律、法规规定由劳动人事争议仲裁委员会（以下简称仲裁委员会）处理的其他争议。
第三条
仲裁委员会处理争议案件，应当遵循合法、公正的原则，先行调解，及时裁决。
第四条
仲裁委员会下设实体化的办事机构，称为劳动人事争议仲裁院（以下简称仲裁院）。
第五条
劳动者一方在十人以上并有共同请求的争议，或者因履行集体合同发生的劳动争议，仲裁委员会应当优先立案，优先审理。
第二章 一般规定
第六条
发生争议的用人单位未办理营业执照、被吊销营业执照、营业执照到期继续经营、被责令关闭、被撤销以及用人单位解散、歇业，不能承担相关责任的，应当将用人单位和其出资人、开办单位或者主管部门作为共同当事人。
第七条
劳动者与个人承包经营者发生争议，依法向仲裁委员会申请仲裁的，应当将发包的组织和个人承包经营者作为共同当事人。
第八条
劳动合同履行地为劳动者实际工作场所地，用人单位所在地为用人单位注册、登记地或者主要办事机构所在地。用人单位未经注册、登记的，其出资人、开办单位或者主管部门所在地为用人单位所在地。
双方当事人分别向劳动合同履行地和用人单位所在地的仲裁委员会申请仲裁的，由劳动合同履行地的仲裁委员会管辖。有多个劳动合同履行地的，由最先受理的仲裁委员会管辖。劳动合同履行地不明确的，由用人单位所在地的仲裁委员会管辖。
案件受理后，劳动合同履行地或者用人单位所在地发生变化的，不改变争议仲裁的管辖。
第九条
仲裁委员会发现已受理案件不属于其管辖范围的，应当移送至有管辖权的仲裁委员会，并书面通知当事人。
对上述移送案件，受移送的仲裁委员会应当依法受理。受移送的仲裁委员会认为移送的案件按照规定不属于其管辖，或者仲裁委员会之间因管辖争议协商不成的，应当报请共同的上一级仲裁委员会主管部门指定管辖。
第十条
当事人提出管辖异议的，应当在答辩期满前书面提出。仲裁委员会应当审查当事人提出的管辖异议，异议成立的，将案件移送至有管辖权的仲裁委员会并书面通知当事人；异议不成立的，应当书面决定驳回。
当事人逾期提出的，不影响仲裁程序的进行。
第十一条
当事人申请回避，应当在案件开庭审理前提出，并说明理由。回避事由在案件开庭审理后知晓的，也可以在庭审辩论终结前提出。
当事人在庭审辩论终结后提出回避申请的，不影响仲裁程序的进行。
仲裁委员会应当在回避申请提出的三日内，以口头或者书面形式作出决定。以口头形式作出的，应当记入笔录。
第十二条
仲裁员、记录人员是否回避，由仲裁委员会主任或者其委托的仲裁院负责人决定。仲裁委员会主任担任案件仲裁员是否回避，由仲裁委员会决定。
在回避决定作出前，被申请回避的人员应当暂停参与该案处理，但因案件需要采取紧急措施的除外。
第十三条
当事人对自己提出的主张有责任提供证据。与争议事项有关的证据属于用人单位掌握管理的，用人单位应当提供；用人单位不提供的，应当承担不利后果。
第十四条
法律没有具体规定、按照本规则第十三条规定无法确定举证责任承担的，仲裁庭可以根据公平原则和诚实信用原则，综合当事人举证能力等因素确定举证责任的承担。
第十五条
承担举证责任的当事人应当在仲裁委员会指定的期限内提供有关证据。当事人在该期限内提供证据确有困难的，可以向仲裁委员会申请延长期限，仲裁委员会根据当事人的申请适当延长。当事人逾期提供证据的，仲裁委员会应当责令其说明理由；拒不说明理由或者理由不成立的，仲裁委员会可以根据不同情形不予采纳该证据，或者采纳该证据但予以训诫。
第十六条
当事人因客观原因不能自行收集的证据，仲裁委员会可以根据当事人的申请，参照民事诉讼有关规定予以收集；仲裁委员会认为有必要的，也可以决定参照民事诉讼有关规定予以收集。
第十七条
仲裁委员会依法调查取证时，有关单位和个人应当协助配合。
仲裁委员会调查取证时，不得少于两人，并应当向被调查对象出示工作证件和仲裁委员会出具的介绍信。
第十八条
争议处理中涉及证据形式、证据提交、证据交换、证据质证、证据认定等事项，本规则未规定的，可以参照民事诉讼证据规则的有关规定执行。
第十九条
仲裁期间包括法定期间和仲裁委员会指定期间。
仲裁期间的计算，本规则未规定的，仲裁委员会可以参照民事诉讼关于期间计算的有关规定执行。
第二十条
仲裁委员会送达仲裁文书必须有送达回证，由受送达人在送达回证上记明收到日期，并签名或者盖章。受送达人在送达回证上的签收日期为送达日期。
因企业停业等原因导致无法送达且劳动者一方在十人以上的，或者受送达人拒绝签收仲裁文书的，通过在受送达人住所留置、张贴仲裁文书，并采用拍照、录像等方式记录的，自留置、张贴之日起经过三日即视为送达，不受本条第一款的限制。
仲裁文书的送达方式，本规则未规定的，仲裁委员会可以参照民事诉讼关于送达方式的有关规定执行。
第二十一条
案件处理终结后，仲裁委员会应当将处理过程中形成的全部材料立卷归档。
第二十二条
仲裁案卷分正卷和副卷装订。
正卷包括：仲裁申请书、受理（不予受理）通知书、答辩书、当事人及其他仲裁参加人的身份证明材料、授权委托书、调查证据、勘验笔录、当事人提供的证据材料、委托鉴定材料、开庭通知、庭审笔录、延期通知书、撤回仲裁申请书、调解书、裁决书、决定书、案件移送函、送达回证等。
副卷包括：立案审批表、延期审理审批表、中止审理审批表、调查提纲、阅卷笔录、会议笔录、评议记录、结案审批表等。
第二十三条
仲裁委员会应当建立案卷查阅制度。对案卷正卷材料，应当允许当事人及其代理人依法查阅、复制。
第二十四条
仲裁裁决结案的案卷，保存期不少于十年；仲裁调解和其他方式结案的案卷，保存期不少于五年；国家另有规定的，从其规定。
保存期满后的案卷，应当按照国家有关档案管理的规定处理。
第二十五条
在仲裁活动中涉及国家秘密或者军事秘密的，按照国家或者军队有关保密规定执行。
当事人协议不公开或者涉及商业秘密和个人隐私的，经相关当事人书面申请，仲裁委员会应当不公开审理。
第三章 仲裁程序
第一节 申请和受理
第二十六条
本规则第二条第（一）、（三）、（四）、（五）项规定的争议，申请仲裁的时效期间为一年。仲裁时效期间从当事人知道或者应当知道其权利被侵害之日起计算。
本规则第二条第（二）项规定的争议，申请仲裁的时效期间适用公务员法有关规定。
劳动人事关系存续期间因拖欠劳动报酬发生争议的，劳动者申请仲裁不受本条第一款规定的仲裁时效期间的限制；但是，劳动人事关系终止的，应当自劳动人事关系终止之日起一年内提出。
第二十七条
在申请仲裁的时效期间内，有下列情形之一的，仲裁时效中断：
（一）一方当事人通过协商、申请调解等方式向对方当事人主张权利的；
（二）一方当事人通过向有关部门投诉，向仲裁委员会申请仲裁，向人民法院起诉或者申请支付令等方式请求权利救济的；
（三）对方当事人同意履行义务的。
从中断时起，仲裁时效期间重新计算。
第二十八条
因不可抗力，或者有无民事行为能力或者限制民事行为能力劳动者的法定代理人未确定等其他正当理由，当事人不能在规定的仲裁时效期间申请仲裁的，仲裁时效中止。从中止时效的原因消除之日起，仲裁时效期间继续计算。
第二十九条
申请人申请仲裁应当提交书面仲裁申请，并按照被申请人人数提交副本。
仲裁申请书应当载明下列事项：
（一）劳动者的姓名、性别、出生日期、身份证件号码、住所、通讯地址和联系电话，用人单位的名称、住所、通讯地址、联系电话和法定代表人或者主要负责人的姓名、职务；
（二）仲裁请求和所根据的事实、理由；
（三）证据和证据来源，证人姓名和住所。
书写仲裁申请确有困难的，可以口头申请，由仲裁委员会记入笔录，经申请人签名、盖章或者捺印确认。
对于仲裁申请书不规范或者材料不齐备的，仲裁委员会应当当场或者在五日内一次性告知申请人需要补正的全部材料。
仲裁委员会收取当事人提交的材料应当出具收件回执。
第三十条
仲裁委员会对符合下列条件的仲裁申请应当予以受理，并在收到仲裁申请之日起五日内向申请人出具受理通知书：
（一）属于本规则第二条规定的争议范围；
（二）有明确的仲裁请求和事实理由；
（三）申请人是与本案有直接利害关系的自然人、法人或者其他组织，有明确的被申请人；
（四）属于本仲裁委员会管辖范围。
第三十一条
对不符合本规则第三十条第（一）、（二）、（三）项规定之一的仲裁申请，仲裁委员会不予受理，并在收到仲裁申请之日起五日内向申请人出具不予受理通知书；对不符合本规则第三十条第（四）项规定的仲裁申请，仲裁委员会应当在收到仲裁申请之日起五日内，向申请人作出书面说明并告知申请人向有管辖权的仲裁委员会申请仲裁。
对仲裁委员会逾期未作出决定或者决定不予受理的，申请人可以就该争议事项向人民法院提起诉讼。
第三十二条
仲裁委员会受理案件后，发现不应当受理的，除本规则第九条规定外，应当撤销案件，并自决定撤销案件后五日内，以决定书的形式通知当事人。
第三十三条
仲裁委员会受理仲裁申请后，应当在五日内将仲裁申请书副本送达被申请人。
被申请人收到仲裁申请书副本后，应当在十日内向仲裁委员会提交答辩书。仲裁委员会收到答辩书后，应当在五日内将答辩书副本送达申请人。被申请人逾期未提交答辩书的，不影响仲裁程序的进行。
第三十四条
符合下列情形之一，申请人基于同一事实、理由和仲裁请求又申请仲裁的，仲裁委员会不予受理：
（一）仲裁委员会已经依法出具不予受理通知书的；
（二）案件已在仲裁、诉讼过程中或者调解书、裁决书、判决书已经发生法律效力的。
第三十五条
仲裁处理结果作出前，申请人可以自行撤回仲裁申请。申请人再次申请仲裁的，仲裁委员会应当受理。
第三十六条
被申请人可以在答辩期间提出反申请，仲裁委员会应当自收到被申请人反申请之日起五日内决定是否受理并通知被申请人。
决定受理的，仲裁委员会可以将反申请和申请合并处理。
反申请应当另行申请仲裁的，仲裁委员会应当书面告知被申请人另行申请仲裁；反申请不属于本规则规定应当受理的，仲裁委员会应当向被申请人出具不予受理通知书。
被申请人答辩期满后对申请人提出反申请的，应当另行申请仲裁。
第二节 开庭和裁决
第三十七条
仲裁委员会应当在受理仲裁申请之日起五日内组成仲裁庭并将仲裁庭的组成情况书面通知当事人。
第三十八条
仲裁庭应当在开庭五日前，将开庭日期、地点书面通知双方当事人。当事人有正当理由的，可以在开庭三日前请求延期开庭。是否延期，由仲裁委员会根据实际情况决定。
第三十九条
申请人收到书面开庭通知，无正当理由拒不到庭或者未经仲裁庭同意中途退庭的，可以按撤回仲裁申请处理；申请人重新申请仲裁的，仲裁委员会不予受理。被申请人收到书面开庭通知，无正当理由拒不到庭或者未经仲裁庭同意中途退庭的，仲裁庭可以继续开庭审理，并缺席裁决。
第四十条
当事人申请鉴定的，鉴定费由申请鉴定方先行垫付，案件处理终结后，由鉴定结果对其不利方负担。鉴定结果不明确的，由申请鉴定方负担。
第四十一条
开庭审理前，记录人员应当查明当事人和其他仲裁参与人是否到庭，宣布仲裁庭纪律。
开庭审理时，由仲裁员宣布开庭、案由和仲裁员、记录人员名单，核对当事人，告知当事人有关的权利义务，询问当事人是否提出回避申请。
开庭审理中，仲裁员应当听取申请人的陈述和被申请人的答辩，主持庭审调查、质证和辩论、征询当事人最后意见，并进行调解。
第四十二条
仲裁庭应当将开庭情况记入笔录。当事人或者其他仲裁参与人认为对自己陈述的记录有遗漏或者差错的，有权当庭申请补正。仲裁庭认为申请无理由或者无必要的，可以不予补正，但是应当记录该申请。
仲裁员、记录人员、当事人和其他仲裁参与人应当在庭审笔录上签名或者盖章。当事人或者其他仲裁参与人拒绝在庭审笔录上签名或者盖章的，仲裁庭应当记明情况附卷。
第四十三条
仲裁参与人和其他人应当遵守仲裁庭纪律，不得有下列行为：
（一）未经准许进行录音、录像、摄影；
（二）未经准许以移动通信等方式现场传播庭审活动；
（三）其他扰乱仲裁庭秩序、妨害审理活动进行的行为。
仲裁参与人或者其他人有前款规定的情形之一的，仲裁庭可以训诫、责令退出仲裁庭，也可以暂扣进行录音、录像、摄影、传播庭审活动的器材，并责令其删除有关内容。拒不删除的，可以采取必要手段强制删除，并将上述事实记入庭审笔录。
第四十四条
申请人在举证期限届满前可以提出增加或者变更仲裁请求；仲裁庭对申请人增加或者变更的仲裁请求审查后认为应当受理的，应当通知被申请人并给予答辩期，被申请人明确表示放弃答辩期的除外。
申请人在举证期限届满后提出增加或者变更仲裁请求的，应当另行申请仲裁。
第四十五条
仲裁庭裁决案件，应当自仲裁委员会受理仲裁申请之日起四十五日内结束。案情复杂需要延期的，经仲裁委员会主任或者其委托的仲裁院负责人书面批准，可以延期并书面通知当事人，但延长期限不得超过十五日。
第四十六条
有下列情形的，仲裁期限按照下列规定计算：
（一）仲裁庭追加当事人或者第三人的，仲裁期限从决定追加之日起重新计算；
（二）申请人需要补正材料的，仲裁委员会收到仲裁申请的时间从材料补正之日起重新计算；
（三）增加、变更仲裁请求的，仲裁期限从受理增加、变更仲裁请求之日起重新计算；
（四）仲裁申请和反申请合并处理的，仲裁期限从受理反申请之日起重新计算；
（五）案件移送管辖的，仲裁期限从接受移送之日起重新计算；
（六）中止审理期间、公告送达期间不计入仲裁期限内；
（七）法律、法规规定应当另行计算的其他情形。
第四十七条
有下列情形之一的，经仲裁委员会主任或者其委托的仲裁院负责人批准，可以中止案件审理，并书面通知当事人：
（一）劳动者一方当事人死亡，需要等待继承人表明是否参加仲裁的；
（二）劳动者一方当事人丧失民事行为能力，尚未确定法定代理人参加仲裁的；
（三）用人单位终止，尚未确定权利义务承继者的；
（四）一方当事人因不可抗拒的事由，不能参加仲裁的；
（五）案件审理需要以其他案件的审理结果为依据，且其他案件尚未审结的；
（六）案件处理需要等待工伤认定、伤残等级鉴定以及其他鉴定结论的；
（七）其他应当中止仲裁审理的情形。
中止审理的情形消除后，仲裁庭应当恢复审理。
第四十八条
当事人因仲裁庭逾期未作出仲裁裁决而向人民法院提起诉讼并立案受理的，仲裁委员会应当决定该案件终止审理；当事人未就该争议事项向人民法院提起诉讼的，仲裁委员会应当继续处理。
第四十九条
仲裁庭裁决案件时，其中一部分事实已经清楚的，可以就该部分先行裁决。当事人对先行裁决不服的，可以按照调解仲裁法有关规定处理。
第五十条
仲裁庭裁决案件时，申请人根据调解仲裁法第四十七条第（一）项规定，追索劳动报酬、工伤医疗费、经济补偿或者赔偿金，如果仲裁裁决涉及数项，对单项裁决数额不超过当地月最低工资标准十二个月金额的事项，应当适用终局裁决。
前款经济补偿包括《中华人民共和国劳动合同法》（以下简称劳动合同法）规定的竞业限制期限内给予的经济补偿、解除或者终止劳动合同的经济补偿等；赔偿金包括劳动合同法规定的未签订书面劳动合同第二倍工资、违法约定试用期的赔偿金、违法解除或者终止劳动合同的赔偿金等。
根据调解仲裁法第四十七条第（二）项的规定，因执行国家的劳动标准在工作时间、休息休假、社会保险等方面发生的争议，应当适用终局裁决。
仲裁庭裁决案件时，裁决内容同时涉及终局裁决和非终局裁决的，应当分别制作裁决书，并告知当事人相应的救济权利。
第五十一条
仲裁庭对追索劳动报酬、工伤医疗费、经济补偿或者赔偿金的案件，根据当事人的申请，可以裁决先予执行，移送人民法院执行。
仲裁庭裁决先予执行的，应当符合下列条件：
（一）当事人之间权利义务关系明确；
（二）不先予执行将严重影响申请人的生活。
劳动者申请先予执行的，可以不提供担保。
第五十二条
裁决应当按照多数仲裁员的意见作出，少数仲裁员的不同意见应当记入笔录。仲裁庭不能形成多数意见时，裁决应当按照首席仲裁员的意见作出。
第五十三条
裁决书应当载明仲裁请求、争议事实、裁决理由、裁决结果、当事人权利和裁决日期。裁决书由仲裁员签名，加盖仲裁委员会印章。对裁决持不同意见的仲裁员，可以签名，也可以不签名。
第五十四条
对裁决书中的文字、计算错误或者仲裁庭已经裁决但在裁决书中遗漏的事项，仲裁庭应当及时制作决定书予以补正并送达当事人。
第五十五条
当事人对裁决不服向人民法院提起诉讼的，按照调解仲裁法有关规定处理。
第三节 简易处理
第五十六条
争议案件符合下列情形之一的，可以简易处理：
（一）事实清楚、权利义务关系明确、争议不大的；
（二）标的额不超过本省、自治区、直辖市上年度职工年平均工资的；
（三）双方当事人同意简易处理的。
仲裁委员会决定简易处理的，可以指定一名仲裁员独任仲裁，并应当告知当事人。
第五十七条
争议案件有下列情形之一的，不得简易处理：
（一）涉及国家利益、社会公共利益的；
（二）有重大社会影响的；
（三）被申请人下落不明的；
（四）仲裁委员会认为不宜简易处理的。
第五十八条
简易处理的案件，经与被申请人协商同意，仲裁庭可以缩短或者取消答辩期。
第五十九条
简易处理的案件，仲裁庭可以用电话、短信、传真、电子邮件等简便方式送达仲裁文书，但送达调解书、裁决书除外。
以简便方式送达的开庭通知，未经当事人确认或者没有其他证据证明当事人已经收到的，仲裁庭不得按撤回仲裁申请处理或者缺席裁决。
第六十条
简易处理的案件，仲裁庭可以根据案件情况确定举证期限、开庭日期、审理程序、文书制作等事项，但应当保障当事人陈述意见的权利。
第六十一条
仲裁庭在审理过程中，发现案件不宜简易处理的，应当在仲裁期限届满前决定转为按照一般程序处理，并告知当事人。
案件转为按照一般程序处理的，仲裁期限自仲裁委员会受理仲裁申请之日起计算，双方当事人已经确认的事实，可以不再进行举证、质证。
第四节 集体劳动人事争议处理
第六十二条
处理劳动者一方在十人以上并有共同请求的争议案件，或者因履行集体合同发生的劳动争议案件，适用本节规定。
符合本规则第五十六条第一款规定情形之一的集体劳动人事争议案件，可以简易处理，不受本节规定的限制。
第六十三条
发生劳动者一方在十人以上并有共同请求的争议的，劳动者可以推举三至五名代表参加仲裁活动。代表人参加仲裁的行为对其所代表的当事人发生效力，但代表人变更、放弃仲裁请求或者承认对方当事人的仲裁请求，进行和解，必须经被代表的当事人同意。
因履行集体合同发生的劳动争议，经协商解决不成的，工会可以依法申请仲裁；尚未建立工会的，由上级工会指导劳动者推举产生的代表依法申请仲裁。
第六十四条
仲裁委员会应当自收到当事人集体劳动人事争议仲裁申请之日起五日内作出受理或者不予受理的决定。决定受理的，应当自受理之日起五日内将仲裁庭组成人员、答辩期限、举证期限、开庭日期和地点等事项一次性通知当事人。
第六十五条
仲裁委员会处理集体劳动人事争议案件，应当由三名仲裁员组成仲裁庭，设首席仲裁员。
仲裁委员会处理因履行集体合同发生的劳动争议，应当按照三方原则组成仲裁庭处理。
第六十六条
仲裁庭处理集体劳动人事争议，开庭前应当引导当事人自行协商，或者先行调解。
仲裁庭处理集体劳动人事争议案件，可以邀请法律工作者、律师、专家学者等第三方共同参与调解。
协商或者调解未能达成协议的，仲裁庭应当及时裁决。
第六十七条
仲裁庭开庭场所可以设在发生争议的用人单位或者其他便于及时处理争议的地点。
第四章 调解程序
第一节 仲裁调解
第六十八条
仲裁委员会处理争议案件，应当坚持调解优先，引导当事人通过协商、调解方式解决争议，给予必要的法律释明以及风险提示。
第六十九条
对未经调解、当事人直接申请仲裁的争议，仲裁委员会可以向当事人发出调解建议书，引导其到调解组织进行调解。当事人同意先行调解的，应当暂缓受理；当事人不同意先行调解的，应当依法受理。
第七十条
开庭之前，经双方当事人同意，仲裁庭可以委托调解组织或者其他具有调解能力的组织、个人进行调解。
自当事人同意之日起十日内未达成调解协议的，应当开庭审理。
第七十一条
仲裁庭审理争议案件时，应当进行调解。必要时可以邀请有关单位、组织或者个人参与调解。
第七十二条
仲裁调解达成协议的，仲裁庭应当制作调解书。
调解书应当写明仲裁请求和当事人协议的结果。调解书由仲裁员签名，加盖仲裁委员会印章，送达双方当事人。调解书经双方当事人签收后，发生法律效力。
调解不成或者调解书送达前，一方当事人反悔的，仲裁庭应当及时作出裁决。
第七十三条
当事人就部分仲裁请求达成调解协议的，仲裁庭可以就该部分先行出具调解书。
第二节 调解协议的仲裁审查
第七十四条
经调解组织调解达成调解协议的，双方当事人可以自调解协议生效之日起十五日内，共同向有管辖权的仲裁委员会提出仲裁审查申请。
当事人申请审查调解协议，应当向仲裁委员会提交仲裁审查申请书、调解协议和身份证明、资格证明以及其他与调解协议相关的证明材料，并提供双方当事人的送达地址、电话号码等联系方式。
第七十五条
仲裁委员会收到当事人仲裁审查申请，应当及时决定是否受理。决定受理的，应当出具受理通知书。
有下列情形之一的，仲裁委员会不予受理：
（一）不属于仲裁委员会受理争议范围的；
（二）不属于本仲裁委员会管辖的；
（三）超出规定的仲裁审查申请期间的；
（四）确认劳动关系的；
（五）调解协议已经人民法院司法确认的。
第七十六条
仲裁委员会审查调解协议，应当自受理仲裁审查申请之日起五日内结束。因特殊情况需要延期的，经仲裁委员会主任或者其委托的仲裁院负责人批准，可以延长五日。
调解书送达前，一方或者双方当事人撤回仲裁审查申请的，仲裁委员会应当准许。
第七十七条
仲裁委员会受理仲裁审查申请后，应当指定仲裁员对调解协议进行审查。
仲裁委员会经审查认为调解协议的形式和内容合法有效的，应当制作调解书。调解书的内容应当与调解协议的内容相一致。调解书经双方当事人签收后，发生法律效力。
第七十八条
调解协议具有下列情形之一的，仲裁委员会不予制作调解书：
（一）违反法律、行政法规强制性规定的；
（二）损害国家利益、社会公共利益或者公民、法人、其他组织合法权益的；
（三）当事人提供证据材料有弄虚作假嫌疑的；
（四）违反自愿原则的；
（五）内容不明确的；
（六）其他不能制作调解书的情形。
仲裁委员会决定不予制作调解书的，应当书面通知当事人。
第七十九条
当事人撤回仲裁审查申请或者仲裁委员会决定不予制作调解书的，应当终止仲裁审查。
第五章 附则
第八十条
本规则规定的“三日”、“五日”、“十日”指工作日，“十五日”、“四十五日”指自然日。
第八十一条
本规则自2017年7月1日起施行。2009年1月1日人力资源社会保障部公布的《劳动人事争议仲裁办案规则》（人力资源和社会保障部令第2号）同时废止。
分享：",人力资源社会保障部令〔2017〕33号,上海市,上海市人民政府-人才政策,人才引进,https://www.shanghai.gov.cn/rcjygj/20250606/8f80874d90574693ac63c58af67a2dcd.html,人力资源社会保障部令〔2017〕33号,10076,,2026-04-25 16:21:43,ok
市级文件,,"政策文件查询
首页
政务公开
集成式发布政策库
营商环境
惠企政策直达
人才政策
市级文件
市级文件稿件列表请使用tab按钮切换浏览
市级文件
中共上海市委 上海市人民政府关于贯彻《中共中央、国务院关于构建和谐劳动关系的意见》的实施意见
上海市人民政府关于印发《持有〈上海市居住证〉人员申办本市常住户口办法》的通知
居转户申办
上海市人民政府关于印发修订后的《上海市居住证积分管理办法》的通知
居住证积分申办
上海市人民政府关于做好本市当前和今后一个时期稳就业工作的意见
上海市人民政府关于印发修订后的《上海市被征收农民集体所有土地农业人员就业和社会保障办法》的通知
上海市人民政府关于印发《鼓励留学人员来上海工作和创业的若干规定》的通知
上海市工伤保险实施办法
上海市实施《劳动保障监察条例》若干规定
上海市人民政府办公厅关于印发《上海市促进残疾人就业行动方案（2023—2024年）》的通知
上海市人民政府办公厅印发关于支持本市相关行业和企业稳岗留工有序运行若干政策措施的通知
上海市人民政府办公厅关于支持多渠道灵活就业的实施意见
上海市人民政府办公厅关于印发《上海市就业和社会保障“十四五”规划》的通知
上海市人力资源和社会保障局 上海市财政局 国家税务总局上海市税务局关于调整本市工伤保险费率等问题的通知
上海市人力资源和社会保障局 上海市财政局关于印发《上海市工伤保险浮动费率管理办法》的通知
上海市人力资源和社会保障局关于公布上海市首批“一试双证”职业技能比照认定目录的通知
上海市人力资源和社会保障局等十部门关于做好本市工程建设项目参加工伤保险工作的通知
上海市人力资源和社会保障局 上海市财政局 国家税务总局上海市税务局关于调整本市工程建设项目参加工伤保险费率的通知
上海市人力资源和社会保障局等8部门关于广泛开展稳岗留工送温暖活动暨2026年春季促进就业专项行动的通知
上海市人力资源和社会保障局关于支持事业单位专业技术科研人员创新创业 加速科技创新与产业创新深度融合的实施意见
上海市人力资源和社会保障局关于印发上海市境外职业资格证书认可清单（3.0版）的通知",市级文件_上海市人民政府,上海市,上海市人民政府-人才政策,人才引进,https://www.shanghai.gov.cn/rcjysj/index.html,,890,,2026-04-25 16:21:45,ok
中共上海市委 上海市人民政府关于贯彻《中共中央、国务院关于构建和谐劳动关系的意见》的实施意见,2015-12-03,"首页
政务公开
集成式发布政策库
营商环境
惠企政策直达
人才政策
市级文件
中共上海市委 上海市人民政府关于贯彻《中共中央、国务院关于构建和谐劳动关系的意见》的实施意见
印发日期：2015-12-31
沪委发〔2015〕17号
大
中
小
为全面贯彻《中共中央、国务院关于构建和谐劳动关系的意见》，进一步加快本市和谐劳动关系建设，为本市经济社会持续健康发展提供支撑和保障，结合本市实际，现提出如下实施意见。
一、明确构建和谐劳动关系的重大意义、总体要求、目标任务
（一）重大意义。
劳动关系是最基本、最重要的社会关系之一。构建和谐劳动关系是巩固党的执政基础、建设社会主义和谐社会的重要基础；是加强和创新社会管理、保障和改善民生的重要内容；是加快建设“四个中心”和社会主义现代化国际大都市，当好全国改革开放排头兵、创新发展先行者的必然要求。各级党委、政府历来重视和谐劳动关系建设，实施一系列行之有效的措施，取得积极成效，本市劳动关系总体和谐稳定。当前，本市正处在经济转型升级的关键时期，产业结构调整力度逐步加大，新兴产业和新型业态不断涌现，劳动者利益诉求更趋多元化，构建和谐劳动关系面临新的机遇和挑战。各级党委、政府要充分认识构建和谐劳动关系对促进经济发展和社会和谐的重大意义，充分认识加强和谐劳动关系建设的重要性和紧迫性，切实增强责任感和使命感，全面推动本市劳动关系和谐发展。
（二）总体要求。
全面贯彻党的十八大和十八届二中、三中、四中、五中全会精神，以邓小平理论、“三个代表”重要思想、科学发展观为指导，深入贯彻习近平总书记系列重要讲话精神，按照“四个全面”战略布局要求，落实党中央、国务院决策部署，坚持以人为本、坚持依法构建、坚持共建共享、坚持改革创新，统筹兼顾促进企业发展与维护职工权益的关系，全面落实和谐劳动关系建设各项工作措施。根据上海国际大都市特点，准确把握劳动关系变化的新趋势，加强制度创新、政策创新、机制创新，为加快建设具有全球影响力的科技创新中心贡献力量。
（三）目标任务。
加强调整劳动关系的法制、体制、机制和能力建设，以完善源头治理、动态管理、应急处置相结合的工作机制为重点，以推动劳动关系更加和谐、有效预防和化解劳动关系矛盾为着力点，进一步加强组织领导，夯实基层劳动关系工作基础，健全市、区县、街道（镇）三级劳动关系工作网络，完善劳动关系协调机制，提升劳动关系矛盾化解能力，形成各司其职、密切配合、齐抓共管、共促和谐的劳动关系工作新格局，确保相关法律法规贯彻落实，构建规范有序、公正合理、互利共赢、和谐稳定的劳动关系。
二、依法保障职工合法权益
（四）切实保障职工取得劳动报酬的权利。
合理调整最低工资标准，促进低收入职工工资水平较快提高。结合本市经济发展、物价变动等实际情况，发布企业工资增长指导线，研究建立工资指导价位和行业人工成本信息网上发布制度，完善欠薪保障金制度。继续加强劳动监察执法，督促用人单位按时、足额支付劳动报酬，健全行政执法与刑事司法衔接机制，加大恶意欠薪行为的惩治力度，严厉查处涉嫌拒不支付劳动报酬犯罪案件。加强建筑行业欠薪问题综合治理，加快在本市建筑工地实行作业人员实名登记制，全面推行建筑企业工资台账制度，落实清偿欠薪的施工总承包企业负责制，对具有恶意欠薪等严重情节的企业，依法责令其停业整顿、降低或取消其资质、吊销其营业执照，并追究相关责任人员的责任。
（五）切实保障职工休息休假的权利。
全面贯彻实施国家职工带薪年休假规定，督促企业落实职工带薪年休假待遇，引导企业在充分考虑职工不同意愿的基础上，合理安排生产经营，灵活安排职工年休假时间。规范特殊工时制度审批管理。督促企业因生产经营需要安排职工延长工作时间时，及时与工会和职工协商，并依法足额支付加班加点工资。指导企业制定科学合理的劳动定额定员标准，保障职工休息的权利。
（六）切实保障职工获得劳动安全卫生保护的权利。
建立企业负责、职工参与、政府监管、行业自律、社会监督的安全卫生监管工作体制。督促企业健全并落实劳动安全卫生责任制，严格执行国家劳动安全卫生保护标准，加大安全生产投入力度，规范企业安全生产费用提取和使用管理。推进安全卫生宣传培训，提供符合国家规定的劳动安全卫生条件和劳动保护用品，对从事有职业危害作业的职工按照规定进行职业健康检查，保障女职工等的身心健康和合法权益，最大限度减少生产安全事故和职业病危害。
（七）切实保障职工享受社会保险的权利。
认真贯彻实施社会保险法，切实落实广大职工的社会保险权益。贯彻落实国家和本市关于城镇职工基本养老和医疗保险跨地区转移接续、城乡基本养老保险制度衔接的相关规定。对劳动年龄段被征地人员，通过政策扶持，积极促进其就业，并参加相应的社会保险。进一步完善本市工伤保险制度，加快推进工伤预防、工伤补偿、工伤康复“三位一体”的制度体系建设。进一步健全和完善本市失业保险和生育保险制度，扩大保险覆盖范围。加大政策指导力度，积极扩大企业年金制度覆盖范围，鼓励有条件的企业通过民主程序建立企业年金计划。加强社会保险法律法规宣传，提高职工参保意识，督促用人单位按时足额缴纳社会保险费，完善社会保险维权机制。
（八）切实保障职工接受职业技能培训的权利。
广泛开展各类企业职工职业培训，鼓励企业自行开展职工职业培训。健全中小微企业培训服务平台，提供职业培训对接服务。积极开展企业紧缺急需人才专项职业培训，广泛开展企业职工岗位练兵和技能竞赛活动。落实企业职工职业培训补贴政策，调动企业职工参加职业培训的积极性。推进高技能人才培养基地和首席技师、技能大师工作室建设，加大相关政策扶持力度，引领带动本市企业高技能人才队伍建设和发展。
三、健全劳动关系协调机制
（九）全面落实劳动合同制度。
贯彻落实劳动合同法等相关法律法规，加强对企业实行劳动合同制度的监督、指导和服务，督促劳动关系双方依法订立和履行劳动合同，引导企业依法建立和完善劳动规章制度，提高企业劳动用工管理水平。依法推进劳动用工信息申报备案制度建设。依法平稳规范劳务派遣用工，规范非全日制、劳务承揽、人力资源服务外包用工和企业裁员行为，关注和研究新业态下的用工新模式。
（十）推行集体协商和集体合同制度。
全面落实新修订的《上海市集体合同条例》，以非公有制企业为重点，加大企业和行业性工资集体协商的推进力度，加强集体协商争议的行政协调处理，不断提高集体协商的实效性。推动企业与职工就工作条件、劳动定额、女职工特殊保护等开展集体协商，订立集体合同。健全和完善工会集体协商指导员制度，全方位、多层次开展集体协商能力培训，鼓励引进社会化专业人士参与集体协商。不断总结企业推进集体协商机制建设的先进经验，发挥典型示范引领作用。
（十一）健全协调劳动关系三方机制。
根据国家要求，在现有市、区县协调劳动关系三方机制基础上，调整组建协调劳动关系三方委员会。继续推进街道（镇）、工业园区的协调劳动关系三方机制建设。进一步明确各级三方机制的职能定位，不断充实和加强工作内容，加强协商能力建设，提高协商水平。发挥政府、工会、企业代表组织三方在协调劳动关系中的作用。各级人力资源社会保障等部门要认真做好调查研究、决策咨询、统筹协调、指导服务、检查督促等工作。企业工会组织要切实履行代表和维护职工权益的职责，积极反映侵犯职工合法权益、忽视职工合理诉求的现象，提出工会的主张和要求。各级企业代表组织要积极反映企业利益诉求，依法维护企业权益。
四、加强企业民主管理制度建设
（十二）全面推进职工代表大会制度。
推动各类企业认真贯彻落实《企业民主管理规定》和《上海市职工代表大会条例》，依法保障职工的知情权、参与权、表达权、监督权。国有企业要全面落实职工代表大会职权，充分发挥职工代表大会在企业发展重大决策和涉及职工切身利益重大事项上的重要作用。国有改制企业要规范履行职工代表大会民主程序，维护职工合法权益，保证改革平稳有序进行。国有集团公司要全面推进多级职工代表大会制度建设，充分发挥职工代表大会作用。推进非公有制企业普遍建立职工代表大会制度，进一步健全非公有制企业重大调整中的职工代表大会民主程序，依法保障职工对企业重大调整中涉及职工切身利益事项的知情权、参与权。区域性、行业性职工代表大会要继续发挥好引导小微企业及其职工通过协商民主发展和谐劳动关系的作用。
（十三）推进厂务公开制度化、规范化。
进一步全面推动各类企业厂务公开制度建设。国有企业要按照中央和市委要求，大干力推进重大决策科学化部廉洁自律报告制度化、分配制度规范化、干部管理民主化、经营管理重点环节程序化资采购、工程招投标等重大经营管理事项公开化。，以及大宗物大力推进非公有制企业公开职工社会保险费缴纳情况、执行政府规定的劳动安全卫生保护情况、集体合同及专项集体协议情况、制定规章制度情况及涉及职工切身利益等事项。指导和督促非公有制企业将重大调整改革事项通过职工代表大会和其他各种形式向职工公开。继续充实完善公开内容，探索民主共商会、民主议事会、劳资恳谈会、经理接待日、企业情况通报会、总经理信箱等其他公开形式。
（十四）推行职工董事、职工监事制度。
按照公司法规定，在公司制企业推进建立职工董事、职工监事制度，提高建制率。市、区县总工会和产业集团工会要建立职工董事、职工监事预审制度，全面审核所属企业职工董事、职工监事建制情况。各有关主管部门要推动董事会定期研究企业劳动关系重大问题和职工最关心、最直接、最现实的利益问题，督促企业切实维护职工合法权益。完善职工董事、职工监事履职规程，明确职工董事、职工监事职责定位，推动职工董事、职工监事对职工代表大会负责。强化对职工董事、职工监事的教育培训和工作考核，提升其整体素质和能力。
五、完善劳动关系矛盾调处机制
（十五）加强基层基础建设。
注重源头治理，进一步落实街道（镇）劳动关系协调工作责任，有效发挥基层早发现、早预警、早介入、早化解的职能和作用。切实贯彻市委、市政府《关于进一步创新社会治理加强基层建设的意见》精神，进一步加强网格化管理，充实工作力量，在街道（镇）落实用工信息采集、劳动保障政策宣传指导、和谐劳动关系单位创建、劳动关系矛盾特别是群体性矛盾预警和化解等劳动保障管理职能。进一步加强街道（镇）劳动争议调解组织建设，充实专兼职相结合的调解员队伍，每个调解组织配备若干名专职调解员，劳动争议较多的街道（镇）要通过政府购买服务形式配备兼职调解员。加强调解组织标准化建设，提高调解工作的效率和水平。各区县要加大对街道（镇）构建和谐劳动关系工作人员、专项工作经费、专业能力建设的支持和保障力度，以及对街道（镇）劳动关系协调工作情况的考核力度，建立通报和问责机制。
（十六）提升劳动保障监察执法效能。
提升劳动保障监察网络化管理水平，加强各部门间信息共享，利用信息网络技术，建立违法行为预警防控机制，更好地发挥网上监管在劳动保障监察执法中的作用。完善企业重大劳动保障违法行为社会公布机制，根据劳动用工诚信记录，建立健全分级分类监管机制，提升监察执法的有效性。规范劳动保障监察执法行为，提升执法质量和水平，探索实施监察执法全过程记录，实现阳光执法。进一步完善多部门综合治理和监察执法与刑事司法联动机制。
（十七）加强劳动争议调解仲裁工作。
健全街道（镇）调解组织为主，企业、行业等调解组织为辅，相关社会力量共同参与的劳动争议调解组织体系。大力加强专业性劳动争议调解工作，健全人民调解、行政调解、仲裁调解、司法调解联动工作体系，积极引导劳动争议当事人进行仲裁前先行调解，不断提高劳动争议案件的调解率。健全集体争议案件处理机制，坚持三方仲裁员联合办案。完善裁审例会制度，加强裁审衔接和工作协调，统一裁审适用标准。规范仲裁审理程序，提高信息化管理水平。进一步规范专兼职仲裁员的聘任、管理和考核，实现仲裁员、书记员合理化配比。
（十八）完善群体性劳动关系矛盾应急处置机制。
加强群体性劳动关系矛盾应急处置工作的组织领导，落实区县属地责任，明确区县、街道（镇）在化解处置群体性劳动关系矛盾中的各自职责，更大发挥街道（镇）在排查预警、发现介入、协调处置等方面的优势和作用。建立健全应急处置工作方案，坚持依法处置，形成区县、街道（镇）分级分工负责、上下联动，劳动保障、公安、综治、司法行政和工会、产业（系统）等相互协同的处置机制。强化市级指导、区区（县）联动机制，有效稳妥地处置重大、复杂、跨区域群体性劳动关系矛盾。根据劳动关系矛盾的特点，不断改善权利性纠纷处置方式，积极引导利益性纠纷协商化解，积极支持和重视工会在参与处置群体性劳动关系矛盾中提出的意见和建议，妥善处理好维护职工权益与促进社会稳定的关系。
六、营造构建和谐劳动关系的良好环境
（十九）加强劳动保障法制建设。
结合本市实际，按照法定程序，完善本市贯彻实施劳动保障法律及行政法规的配套地方性法规、政府规章和规范性文件。研究制定关于欠薪保障金的地方性法规，研究修订《上海市职工代表大会条例》；根据国家制度调整，适时修订失业保险、生育保险等政府规章；加强规范性文件制定和管理工作，不断健全本市劳动关系调整、工资支付、社会保险等方面的政策规定。积极开展法律法规规章宣传教育，加强行政执法，积极支持工会开展劳动法律监督工作，充分运用整改监督机制，普遍推进企业建立工会和集体协商、职工代表大会制度。健全职工法律援助保障机制，促进各项劳动保障法律法规规章贯彻实施。
（二十）加强对职工的教育引导和人文关怀。
在广大职工中加强思想政治教育，引导职工增强对企业的责任感、认同感、归属感，爱岗敬业、遵守纪律、诚实守信，自觉履行劳动义务，以理性合法形式表达利益诉求、解决利益矛盾、维护自身权益。健全完善职工满意企业评价标准，定期选树典型和示范企业，引导和推动企业自觉开展职工满意度测评活动，提高职工对企业的满意度。注重职工精神需求和心理健康，了解掌握职工思想动态和网络舆情。有效对接职工文化和企业文化建设，丰富企业职工文化内涵。搭建文体活动数字平台，加大市、区县两级文体志愿者队伍建设。
（二十一）教育引导企业经营者积极履行社会责任。
加强广大企业经营者的思想政治教育，引导其切实承担报效国家、服务社会、造福职工的社会责任。加强对企业经营者尤其是中小企业经营管理人员的劳动保障法律法规教育培训，提高他们的依法用工意识，引导他们自觉保障职工合法权益。积极营造鼓励企业履行社会责任的环境。结合对有条件的企业推行《履行社会责任年度报告》，将企业构建和谐劳动关系情况列入对企业社会责任的考核和评价体系。
（二十二）优化企业发展环境。
结合本市行政审批制度改革，进一步减少和规范涉企行政审批事项，优化审批流程，提高透明度，加快推出相关权力清单和责任清单。按照推进大众创业、万众创新和建设具有全球影响力的科技创新中心的要求，切实将扶持小微企业发展的各项政策措施落到实处。针对企业在产业结构调整和转型升级中对人力资源、人才引进交流和提高职工技能素质等方面的需求，完善和健全各项社会服务机制。加强正面宣传和舆论引导，营造有利于企业构建和谐劳动关系的良好环境。
七、加强组织领导和统筹协调
（二十三）强化组织领导和工作责任。
各级党委、政府要加强对构建和谐劳动关系工作的组织领导，建立由市、区县政府分管领导牵头，相关部门、单位参加的构建和谐劳动关系领导小组，及时研究和解决本区域劳动关系中的重大问题。各级政府要把构建和谐劳动关系纳入本地区经济社会发展规划，把劳动关系是否和谐列入政府目标责任考核指标和各级综治工作（平安建设）考核指标。
（二十四）加强劳动关系工作能力建设。
加强市、区县劳动关系协调、劳动保障监察、劳动人事争议仲裁部门和相关机构建设，配备必要工作力量，保持队伍稳定。积极推进劳动关系协调工作职能在街道（镇）的落实，充实基层劳动关系协调工作人员。积极培育从事劳动关系协调工作的社会力量，为进一步提高劳动关系协调工作效能提供支撑。加强劳动关系工作机构标准化、规范化建设，加大劳动关系工作人员业务培训力度，提升劳动关系工作能力和水平。各级政府要从力量配置、经费投入上给予支持，保障构建和谐劳动关系工作顺利开展。
（二十五）加强企业党组织和基层工会、团组织、企业代表组织建设。
加强企业党建工作，坚持党建带群团建设，依法推动企业普遍建立工会组织，大力加强街道（镇）总工会、开发区总工会、区域性行业性工会联合会及企业工会、联合工会等工会组织规范化建设。推进市、区县总工会机关改革，健全产业工会组织体制。鼓励街道（镇）总工会探索在企业体制外组织职工直接加入工会。支持工会聚焦重点行业、领域，开展农民工入会集中行动。加强对职工服务类社会组织的联系、服务和引领。健全基层工会干部权益保护制度，完善基层工会主席民主产生机制。建立健全各级政府与同级总工会联席会议制度，研究解决各层面劳动关系重大问题和职工切身利益重大事项，支持工会参与协调劳动关系。关心和支持企业联合会和工商业联合会等企业代表组织建设，健全各级企业代表组织机构设置，充实工作力量，努力提升工作能力和水平。
（二十六）深入推进和谐劳动关系创建活动。
更好发挥和谐劳动关系创建活动的示范引领作用，建立创建工作目标责任制，不断扩大创建活动覆盖面。进一步完善和谐劳动关系创建活动工作机制，建立科学合理的创建标准，健全指标体系，规范评价程序，形成企业自我评价、职工满意度评价、社会各方综合评价相结合的创建考评工作格局。按照国家规定，定期表彰和谐劳动关系创建活动先进单位和个人，形成多层次、多样化的激励措施，将和谐劳动关系创建活动成果作为企业经营者参选劳动模范等各类与劳动关系有关的先进评比，以及企业参选文明单位等评先评优的前提条件。
（二十七）加大构建和谐劳动关系宣传力度。
推动传统宣传与新媒体宣传相结合，掌握和运用现代信息科技手段和宣传方法，扩大覆盖面和影响力，形成正确舆论导向和强大舆论声势，营造全社会共同关心、支持和参与构建和谐劳动关系的良好氛围。
分享：",沪委发〔2015〕17号,上海市,上海市人民政府-人才政策,人才引进,https://www.shanghai.gov.cn/rcjysj/20250606/81d32fd9464c488f986299fb2a7bd9b4.html,沪委发〔2015〕17号,7359,,2026-04-25 16:21:47,ok
上海市人民政府关于印发《持有〈上海市居住证〉人员申办本市常住户口办法》的通知,2024-12-03,"首页
政务公开
集成式发布政策库
营商环境
惠企政策直达
人才政策
市级文件
上海市人民政府关于印发《持有〈上海市居住证〉人员申办本市常住户口办法》的通知
居转户申办
印发日期：2024-12-30
沪府规〔2024〕17号
大
中
小
上海市人民政府关于印发《持有〈上海市居住证〉人员申办本市常住户口办法》的通知
沪府规〔2024〕17号
各区人民政府，市政府各委、办、局：
现将《持有〈上海市居住证〉人员申办本市常住户口办法》印发给你们，请认真按照执行。
上海市人民政府
2024年12月30日
持有《上海市居住证》人员申办本市常住户口办法
第一条（目的和依据）
为深化本市户籍管理改革，完善居住证制度，持续优化营商环境，吸引人才来沪，根据有关法律、法规和《上海市居住证管理办法》，制定本办法。
第二条（指导原则）
按照权利与义务对等的原则，坚持政策公开、标准统一、程序规范、办理方便。
第三条（适用对象）
本办法适用于在本市行政区域内注册的用人单位工作并持有《上海市居住证》的境内人员（以下称“持证人员”）。
第四条（管理部门）
市人才工作部门负责持证人员申办本市常住户口的相关审批工作。市公安部门负责相关落户工作。市发展改革部门负责本办法实施的政策协调工作，并根据本市经济社会发展状况，综合平衡、合理规划人口发展，对政策实施情况进行监督和评估。市教育、人力资源社会保障、农业农村、卫生健康、房屋管理、税务、市场监管等部门按照各自职责，做好与本办法相关的管理工作。
第五条（申办条件）
持证人员申办本市常住户口，应当同时符合下列条件：
（一）持有《上海市居住证》满7年；
（二）持证期间按照规定参加本市职工社会保险满7年；
（三）持证期间依法在本市缴纳个人所得税；
（四）在本市被评聘为中级及以上专业技术职务或者具有技师（国家二级职业资格证书）以上职业资格，且专业、工种与所聘岗位相对应；
（五）无刑事犯罪记录等其他不宜转办常住户口的情形。
第六条（激励条件）
（一）持证人员符合下列条件之一的，可以优先申办本市常住户口：
1.在本市作出重大贡献并获得相应奖励，或者在本市被评聘为高级专业技术职务或者高级技师（国家一级职业资格证书）且专业、工种与所聘岗位相对应的，可以不受第五条第（一）（二）项规定的持证及参保年限的限制；
2.在本市远郊地区的教育、卫生等岗位工作满5年的，持证及参保年限可以缩短至5年；
3.最近4年内累计36个月及申报当月在本市缴纳职工社会保险基数达到上年度本市全口径城镇单位就业人员平均工资2倍的，可以不受第五条第（四）项规定的专业技术职务或者职业资格等级的限制；
4.按照个人在本市直接投资（或者投资份额）计算，最近连续3个纳税年度累计缴纳总额及每年最低缴纳额达到本市规定标准，或者连续3年聘用本市员工人数达到规定标准的相关投资和创业人才，可以不受第五条第（四）项规定的专业技术职务或者职业资格等级的限制；
5.最近4年内累计36个月及申报当月在本市缴纳职工社会保险基数达到上年度本市全口径城镇单位就业人员平均工资3倍，且缴纳职工社会保险基数与个人所得税应纳税所得额合理对应的持证人员，持证及参保年限可以缩短至5年。
（二）对临港新片区、张江科学城、五个新城、南北转型地区和崇明生态岛等重点区域予以政策支持。
第七条（申请的提出）
符合第五条、第六条规定的持证人员申办本市常住户口的，可以向用人单位提出申请并提供申报材料。用人单位对个人申报材料进行审核后，通过本市“一网通办”平台提交申请。
第八条（申请材料）
申办本市常住户口的申请材料具体包括：
（一）有效身份凭证和《居住证持有人办理本市常住户口申请表》；
（二）区以上税务机关出具的个人所得税或者企业纳税完税凭证；
（三）专业技术职务、职业资格凭证及相关聘用（劳动）合同；
（四）无刑事犯罪记录等情况的个人承诺；
（五）本人或者同意接受落户的单位、亲属的房屋相关产权证书或者租用居住公房凭证；
（六）相关部门要求提供的其他必要材料。
符合第六条规定的持证人员申请优先办理本市常住户口的，还应当提交相应材料。
第九条（受理）
人才工作部门通过本市“一网通办”平台收到申办材料后，对材料齐全有效的，应当现场受理；对材料不齐全的，应当告知申请人补齐相关材料。
第十条（审核）
人才工作部门按照规定条件，对申办材料进行审核，在规定时间内完成审核并告知结果。
第十一条（迁入户口）
持证人员按照公安部门的相关规定，凭《准予迁入证明》和《户口迁移证》办理迁移落户手续。
第十二条（家属随迁）
持证人员的配偶符合规定条件的，可以同时申请办理本市常住户口；不符合条件的，可以按照现有投靠落户政策办理。未成年子女可以随迁。
第十三条（法律责任）
行政机关工作人员应当依法履行职责。对徇私舞弊、滥用职权、索贿受贿的，由其所在单位给予处分；构成犯罪的，依法追究其刑事责任。
持证人员和用人单位应当书面承诺所提供的相关材料的真实性，严禁弄虚作假或者伪造。一旦发现弄虚作假或者伪造，取消其再申请的资格，并将相关信息纳入上海市公共信用信息服务平台。对骗取本市常住户口的，及时注销其本市常住户口；构成犯罪的，依法追究其刑事责任。
第十四条（实施细则）
由市人才工作局会同市有关部门根据本办法，制定相应的实施细则。
第十五条（施行期限）
本办法自2025年1月1日起施行，有效期至2029年12月31日。
分享：",上海市人民政府关于印发《持有〈上海市居住证〉人员申办本市常住户口办法》的通知,上海市,上海市人民政府-人才政策,人才引进,https://www.shanghai.gov.cn/rcjysj/20250709/2234a472b020450b9e194a0989660304.html,沪府规〔2024〕17号,2233,https://www.shanghai.gov.cn/cmsres/c3/c323f68dcca944a58d85dbd20c41faf8/68f4ed792ddde33cd3b19ef2bc7368bd.pdf,2026-04-25 16:21:49,ok
阅办联动,,,上海市人民政府/上海市相关部门,上海市,上海市人民政府-人才政策,人才引进,http://www.shanghai.gov.cn/affairs_affairs/67ac501b70f4a76abc6e0c02.html,,0,,2026-04-25 16:21:51,no_content
上海市人民政府关于印发修订后的《上海市居住证积分管理办法》的通知,2022-12-02,"首页
政务公开
集成式发布政策库
营商环境
惠企政策直达
人才政策
市级文件
上海市人民政府关于印发修订后的《上海市居住证积分管理办法》的通知
居住证积分申办
印发日期：2022-12-29
沪府规〔2022〕21号
大
中
小
各区人民政府，市政府各委、办、局：
现将修订后的《上海市居住证积分管理办法》印发给你们，请认真按照执行。
2022年12月29日
上海市居住证积分管理办法
第一章 总则
第一条（目的和依据）
为了保障境内来沪人员的合法权益，规范人口服务和管理，提高政府服务水平，促进本市经济、社会、资源、环境协调发展，根据《上海市居住证管理办法》，制定本办法。
第二条（适用对象）
在本市工作、居住，持有《上海市居住证》（以下简称《居住证》），并参加本市职工社会保险满6个月的境内来沪人员，适用本办法。
第三条（《居住证》积分制度）
《居住证》积分制度内容是，通过设置积分指标体系，对在本市合法稳定居住和合法稳定就业的《居住证》持有人（以下简称“持证人”）进行积分，将其个人情况和实际贡献转化为相应的分值。积分达到标准分值的，可以享受相应的公共服务待遇。
第四条（职责分工）
市人力资源社会保障局负责《居住证》积分管理工作。
各区政府负责本办法在其行政区域内的具体组织实施。
公安、教育、卫生健康、科技、市场监管、税务、住房城乡建设管理、民政、经济信息化等相关部门按照各自职责，做好与本办法相关的服务和管理工作。
第二章 积分指标及分值
第五条（积分指标体系）
《居住证》积分指标体系由基础指标、加分指标、减分指标和一票否决指标组成。
第六条（基础指标及分值）
基础指标包含年龄、教育背景、专业技术职称和技能等级、在本市工作及缴纳职工社会保险年限等指标。
（一）年龄
年龄指标最高分值30分。具体积分标准如下：
持证人年龄在56-60周岁，积5分；年龄每减少1岁，积分增加2分。
（二）教育背景
教育背景指标最高分值110分，持证人按照国家教育行政主管部门规定取得的被国家认可的国内外学历学位，可获得积分。具体积分标准如下：
1.持证人取得大专（高职）学历，积50分。
2.持证人取得大学本科学历，积60分。
3.持证人取得大学本科学历和学士学位，积90分。
4.持证人取得硕士研究生学历学位，积100分。
5.持证人取得博士研究生学历学位，积110分。
（三）专业技术职称和技能等级
专业技术职称和技能等级指标最高分值140分。持证人在本市工作期间取得的专业技术职称证书、专业技术人员职业资格证书和技能人员职业资格证书或职业技能等级证书（以下简称“技能等级证书”）且专业、工种与所聘岗位相符，可获得积分。具体积分标准如下：
1.持证人取得技能等级五级，积15分。
2.持证人取得技能等级四级，积30分。
3.持证人取得技能等级三级，积60分。
4.持证人取得技能等级二级、中级专业技术职称或相当于中级专业技术职称的专业技术人员职业资格，积100分。
5.持证人取得技能等级一级或高级专业技术职称，积140分。
持证人以中、高级专业技术职称和技能等级二级、一级申请积分的，最近1年内累计6个月的缴纳职工社会保险费基数应不低于本市上年度城镇单位就业人员平均工资。
专业技术人员职业资格按照国家有关规定需要注册的，注册后给予加分。
专业技术人员职业资格目录、技能等级证书目录，以国家和本市按照相关规定统一向社会公布的为准。
（四）在本市工作及缴纳职工社会保险年限
持证人在本市工作并按照国家和本市相关规定按月缴纳职工社会保险费，每满1年积3分。
持证人因未正常缴纳本市职工社会保险费而补缴的、职工社会保险缴费单位与签订劳动（聘用）合同单位不一致的，不作为本项的积分依据。
第七条（加分指标及分值）
加分指标包括创业人才、创新创业中介服务人才、紧缺急需专业、投资纳税或带动本地就业、缴纳职工社会保险费基数、特定的公共服务领域、远郊重点区域、全日制应届毕业生、表彰奖励、配偶为本市户籍人员等指标。
（一）创业人才
符合一定条件的创业人才，积120分。
创业人才积分具体条件，由市科委会同相关部门制定后，向社会公布。
（二）创新创业中介服务人才
符合一定条件的创新创业中介服务人才，积120分。
创新创业中介服务人才积分具体条件，由市科委会同相关部门制定后向社会公布。
（三）紧缺急需专业
持证人所学专业属于本市紧缺急需专业目录且工作岗位与所学专业一致的，积30分。
本市紧缺急需专业目录，由市人力资源社会保障局会同相关部门制定后向社会公布。
（四）投资纳税或带动本地就业
持证人在本市投资创办的企业，按照个人的投资份额计算，最近连续3年平均每年纳税额在10万元人民币及以上或平均每年聘用本市户籍人员在10人及以上，每纳税10万元人民币或每聘用本市户籍人员10人积10分，最高120分。
（五）缴纳职工社会保险费基数
持证人在本市工作缴纳职工社会保险费基数指标最高分值120分。具体积分标准如下：
1.持证人最近4年内累计36个月在本市缴纳职工社会保险费基数等于以及高于本市上年度城镇单位就业人员平均工资80%低于1倍的，积25分。
2.持证人最近4年内累计36个月在本市缴纳职工社会保险费基数等于以及高于本市上年度城镇单位就业人员平均工资1倍低于2倍的，积50分。
3.持证人最近4年内累计36个月在本市缴纳职工社会保险费基数等于以及高于本市上年度城镇单位就业人员平均工资2倍低于3倍的，积100分。
4.持证人最近3年内累计24个月在本市缴纳职工社会保险费基数等于本市上年度城镇单位就业人员平均工资3倍的，积120分。
持证人因未正常缴纳本市职工社会保险费而补缴的、职工社会保险缴费基数与个人所得税缴费基数不能合理对应的、职工社会保险缴费单位与签订劳动（聘用）合同单位不一致的，不作为本项的积分依据。
（六）特定的公共服务领域
持证人在本市特定的公共服务领域就业，每满1年积4分，满5年后开始计入总积分。
（七）远郊重点区域
持证人在本市重点发展的远郊区域工作并居住，每满1年积2分，满足一定年限后开始计入总积分，最高分值20分。
（八）全日制应届毕业生
持证人为全日制应届高校大学毕业生，积10分。
（九）表彰奖励
持证人在本市工作期间获得的表彰奖励可积分，最高分值110分。具体积分标准如下：
1.持证人获得本市部、委、办、局等市级机关专项性表彰奖励，积30分。
2.持证人获得本市部、委、办、局等市级机关综合性表彰奖励，积60分。
3.持证人获得省部级及以上表彰奖励，积110分。
本市部、委、办、局等市级机关表彰奖励项目目录，按照市委、市政府批准并公布的表彰奖励目录执行。
（十）配偶为本市户籍人员
持证人配偶为本市户籍人员，结婚每满1年积4分，最高分值40分。
第八条（减分指标及分值）
减分指标包括提供虚假材料、行政拘留记录和一般刑事犯罪记录等指标。
（一）申请积分时提供虚假材料
持证人3年内有提供身份、学历、就业、职称职业资格、婚姻、表彰奖励等方面虚假材料的，每次扣减150分。
（二）行政拘留记录
持证人5年内有行政拘留记录的，每条扣减50分。
（三）一般刑事犯罪记录
持证人5年内有一般刑事犯罪记录的，每条扣减150分。
第九条（一票否决指标）
持证人有严重刑事犯罪记录的，取消申请积分资格。
第三章 积分规则及标准分值
第十条（单项指标积分规则）
基础指标和加分指标中，同一单项指标的积分不重复计算，取该单项指标的最高分。
减分指标中单项指标的扣减积分，按照扣减项目累计扣减。
第十一条（总分积分规则）
持证人的总积分等于基础指标与加分指标积分之和减去减分指标的累计扣减积分，总积分的最低分值为0分。基础指标中的“教育背景”“专业技术职称和技能等级”两项指标，选择其中一项进行积分。加分指标中的“投资纳税”“投资带动本地就业”两项指标，选择其中一项进行积分。
第十二条（总积分标准分值）
《居住证》总积分标准分值为120分。
第四章积分申办流程及管理
第十三条（积分申请）
持证人需要申请积分的，可通过互联网登录上海市居住证积分管理信息系统，进行网上模拟估分。达到标准分值的，向用人单位提出申请，委托用人单位向注册地区人才服务中心申请积分。
第十四条（积分申请材料）
持证人和受委托的用人单位须提交的积分申请基本材料包括：
1.持证人有效期内的《居住证》；
2.《上海市居住证积分申请表》；
3.劳动（聘用）合同；
4.承诺无违法犯罪记录的材料；
5.单位营业执照（事业单位法人证书、社团法人或民办非企业法人证书等）。
除上述积分申请基本材料外，持证人还应当提供与《居住证》积分指标项目对应的材料。
第十五条（材料受理）
人才服务中心收到积分申请材料后，对材料齐全的，应当出具收件凭证；对材料不齐全的，应当当场一次性告知补齐材料。
持证人和用人单位应当对积分申请材料的真实性负责。
第十六条（材料审核）
人才服务中心受理积分申请材料后，按照流动人员档案管理有关规定，调阅持证人的人事档案，并对相关材料进行审核。
对持证人提交的学历学位证书、专业技术职称证书、专业技术人员职业资格证书、技能等级证书、奖励证书、结婚证、户口簿、验资报告、纳税明细和聘用本市户籍人员证明等积分申请材料进行审核。对有疑问的材料，可提请主管部门或专门机构进行核实。
第十七条（积分核定）
积分申请材料审核属实的，由人力资源社会保障部门在20个工作日内，按照《居住证》积分指标体系进行积分核定，并告知持证人积分情况。
第十八条（积分查询）
持证人可通过互联网或者持《居住证》到社区事务受理服务中心、人才服务中心查询本人的积分。
第十九条（积分确认与调整）
在《居住证》签注时，对持证人积分予以确认。
持证人情况发生变化需要调整积分的，应当委托用人单位向注册地区人才服务中心提交相关材料。
持证人积分项目发生变化导致积分下降或出现减分项目的，人力资源社会保障部门对其积分进行扣减，并告知持证人。
第二十条（积分失效）
持证人《居住证》被注销时，积分自动失效。
第二十一条（监督与复核）
市人力资源社会保障局对全市积分申办工作进行监督检查，对违规材料取得的积分予以纠正。
持证人和用人单位对《居住证》积分存在异议的，向人力资源社会保障部门提请复核。
依托上海市公共信用信息服务平台，加强居住证积分申请信息的事中事后监管。
第二十二条（提供虚假材料的法律责任）
个人在申请积分过程中，伪造、变造或者使用伪造、变造申请材料的，由公安部门按照《中华人民共和国治安管理处罚法》的相关规定处罚，有关失信信息纳入本市公共信用信息服务平台；情节严重的，3年内不得申请积分；构成犯罪的，依法追究刑事责任。
单位在代办积分申请过程中伪造、变造或者使用伪造、变造申请材料的，由人力资源社会保障部门处3万元以上5万元以下罚款，有关失信信息纳入本市公共信用信息服务平台；情节严重的，3年内不得代办积分申请。对直接负责的主管人员和其他直接责任人员，由公安部门按照《中华人民共和国治安管理处罚法》的相关规定处罚；构成犯罪的，依法追究刑事责任。
第五章 附则
第二十三条（动态调整）
根据本市经济社会发展需求，由市人力资源社会保障局会同市发展改革、公安、教育、卫生健康、科技、市场监管、税务、住房城乡建设管理、经济信息化等部门对《居住证》积分管理指标体系和标准分值提出调整方案，经市政府批准后，向社会公布。
第二十四条（施行日期）
本办法自2023年1月1日起施行，有效期至2027年12月31日。
分享：",上海市人民政府关于印发修订后的《上海市居住证积分管理办法》的通知,上海市,上海市人民政府-人才政策,人才引进,https://www.shanghai.gov.cn/rcjysj/20250606/7ed0c517695e4857a9d46807823c01eb.html,沪府规〔2022〕21号,4737,,2026-04-25 16:21:54,ok
阅办联动,,,上海市人民政府/上海市相关部门,上海市,上海市人民政府-人才政策,人才引进,http://www.shanghai.gov.cn/affairs_affairs/67ac41e970f4a76abc6e0a1f.html,,0,,2026-04-25 16:21:56,no_content
上海市人民政府关于做好本市当前和今后一个时期稳就业工作的意见,2022-06-02,"首页
政务公开
集成式发布政策库
营商环境
惠企政策直达
人才政策
市级文件
上海市人民政府关于做好本市当前和今后一个时期稳就业工作的意见
印发日期：2022-06-27
沪府规〔2022〕6号
大
中
小
沪府规〔2022〕6号
上海市人民政府关于做好本市当前和今后一个时期稳就业工作的意见
各区人民政府，市政府各委、办、局：
为深入贯彻习近平总书记关于就业工作的重要指示精神，落实党中央、国务院决策部署，积极应对疫情影响，进一步保企业、稳就业、惠民生，现就做好本市当前和今后一个时期稳就业工作提出意见如下：
一、充分认识当前本市就业工作的严峻性、复杂性、艰巨性
就业是最大的民生，也是经济发展最基本的支撑。近年来，本市就业工作保持稳中向好态势，但今年以来，受疫情影响，全市整体就业人数出现下降趋势，登记失业人数迅速上升，劳动力市场流动性急剧收缩，高校毕业生等重点群体就业难度明显加大，各项就业目标进度大幅滞后于计划预期。加上受疫情影响经济下行压力加大、企业预期不稳信心不足、新增劳动力创历史新高、前期求职招聘活动受限等复杂因素，就业形势面临前所未有的风险挑战。市就业工作领导小组各成员单位、各级政府要充分认识当前就业工作的严峻性、复杂性、艰巨性，充分认识稳就业在经济发展、民生保障和社会稳定中的关键支撑作用，进一步提高政治站位，切实增强责任感、使命感、紧迫感，对稳就业工作高度重视、高位推动、统筹谋划、全力应对，在非常时期采取非常举措，尽最大努力确保全市就业大局总体稳定。
二、指导思想和基本原则
（一）指导思想
以习近平新时代中国特色社会主义思想为指导，高效统筹疫情防控和经济社会发展，在推动高质量发展中强化就业优先导向，把稳就业摆在更加突出位置，强化务实举措，强化底线思维，通过稳市场主体来稳就业，通过保重点群体就业来保民生。
（二）基本原则
——坚持问题导向。聚焦用人单位岗位流失、用工短缺、成本偏高等问题，加大援企稳岗工作力度，帮助各类市场主体渡过难关；聚焦劳动者就业创业、技能提升、权益保障等需求，强化精准帮扶，及时发现处理影响就业稳定的苗头性、倾向性问题。
——坚持目标导向。完善稳就业目标责任制，压实各方责任，形成工作合力，努力将调查失业率恢复到合理区间，稳定全市整体就业规模，力争完成全年新增就业岗位等各项就业预期目标。
——坚持效果导向。通过产业拉动就业、创业带动就业、培训促进就业、托底安置就业，落实落细稳就业政策，优化线上线下就业服务，创造公平就业环境，牢牢守住不出现规模性失业风险的底线，为全国就业形势稳定贡献上海力量。
三、全力支持市场主体稳就业
（一）降低企业用工成本
落实国家和本市各项援企纾困政策，充分发挥政策组合效应。快速落实失业保险和工伤保险费率降低、社会保险费和住房公积金缓缴、创业担保贷款展期还款以及各类房屋租金减免政策，实现符合条件的用人单位应享尽享。推动银行机构加大普惠型小微企业贷款投放力度，支持涉农、小微、民营企业和个体工商户等稳岗就业。落实企业安置重点群体就业税收优惠政策，降低非居民用户用水用电用气用网成本，多渠道为企业减费让利。（责任单位：市人力资源社会保障局、市医保局、市财政局、市税务局、市住房城乡建设管理委、市国资委、人民银行上海总部、上海银保监局、市通信管理局、各区政府）
（二）支持企业稳定岗位
通过政策精准推送、畅通网上经办渠道等举措，加快落实餐饮、零售、旅游、交通运输、文体娱乐、住宿、会展等困难行业企业稳就业补贴政策，帮助困难企业稳定就业岗位，力争不裁员少裁员。促进企业稳定人才队伍，优化人才直接落户、居转户、购房等条件，加大人才引进、服务和支持力度，助力企业稳定人才队伍。支持企业以训稳岗，加大线上培训补贴政策执行力度，发挥技能培训提技能稳岗位的作用。（责任单位：市人力资源社会保障局、市财政局、市商务委、市交通委、市文化旅游局、市政府合作交流办、市总工会、各区政府）
（三）指导企业规范用工
及时发现和化解劳动关系纠纷，依法依规调整劳动关系双方的权利义务。支持企业与职工通过民主协商，采取调整薪酬、轮岗轮休、灵活安排工作时间、优先使用各类假期、延期支付工资、共享用工调剂余缺等措施，稳定工作岗位。对新冠肺炎患者、无症状感染者、密切接触者，以及因政府实施隔离措施或者采取其他紧急措施导致不能提供正常劳动的劳动者，企业不得以此为由拒绝录用、解除劳动合同或退回劳务派遣单位。（责任单位：市人力资源社会保障局、市总工会、各区政府）
四、全力帮扶重点群体促就业
（一）加强青年和高校毕业生就业扶持
将高校毕业生等青年就业作为就业工作重中之重，努力确保本市2022届高校毕业生毕业去向落实率不低于2020年同期水平。鼓励企业、社会组织等各类用人单位招用高校毕业生，及时落实高校毕业生求职创业补贴、一次性吸纳就业补贴和社会保险补贴等政策；鼓励高校毕业生自主创业和灵活就业，并按规定给予补贴扶持和落实相关税收优惠政策。开展离校未就业毕业生就业攻坚行动，推进实名制跟踪服务，强化困难帮扶，实施困难毕业生“一人一档一册”专项服务，确保到今年年底有就业意愿的离校未就业高校毕业生都能落实就业去向或参与到就业准备活动中。实施共青团促进大学生就业行动，面向低收入家庭高校毕业生开展就业结对帮扶。鼓励更多本市高校毕业生应征入伍，落实相关扶持政策和激励措施。进一步发挥就业创业见习政策效用，实施百万就业见习岗位募集计划，扩大就业见习规模，全年募集不少于2.7万个就业见习岗位。鼓励更多优秀用人单位成为见习基地，鼓励更多高校和中职院校参加见习计划，落实见习推荐制度，为未就业青年提供更多见习机会。支持职业院校毕业学年学生提升职业技能，引导职业院校按规定面向本校学生开展职业技能评价，提供“应评尽评”的技能评价通道。着力优化就业手续，有序衔接报到证取消的档案落户服务，推进体检结果互认。实施教师资格阶段性措施，中小学、幼儿园、中等职业学校在2022年12月31日前招用教师可实行“先上岗、再考证”。（责任单位：市人力资源社会保障局、市教委、市财政局、市税务局、市国资委、市经济信息化委、市征兵办、团市委、各区政府）
（二）加强失业人员就业帮扶和基本保障
通过“免申即享”方式，落实用人单位吸纳失业人员的一次性就业补贴政策，重点鼓励用人单位吸纳失业3个月及以上人员。进一步加大失业人员就业帮扶力度，落实失业人员就业创业相关税收优惠政策，综合使用岗位推荐、职业指导、技能培训、就业创业见习等举措，千方百计帮助有就业意愿的失业人员重新实现就业创业，确保今年内失业人员实现再就业不少于13万人。继续实施“人人乐业”专项行动，重点帮扶领取失业保险金的失业人员，实现“全覆盖”“增就业”“减周期”“消存量”的工作目标，确保到今年末，停止领取失业保险金人员中50%以上实现重新就业。加强对失业人员基本生活保障，持续推进失业保险金“畅通领、安全办”，依托“一网通办”，优化线上申领失业保险金流程，畅通失业保险待遇全国线上申领统一入口，确保失业人员按时、足额领取失业保险待遇。根据国家和本市部署，做好对失业人员按时足额发放价格临时补贴、疫情期间困难群众一次性生活补贴等工作。（责任单位：市人力资源社会保障局、市财政局、市税务局、市发展改革委、市民政局、各区政府）
（三）加强困难群体就业援助
做好对大龄失业人员、长期失业青年、零就业家庭成员、低收入困难家庭成员、残疾人和刑满释放、戒毒康复人员等困难群体的就业援助。落实就业困难人员各类补贴政策，动态调整就业困难人员线下就业服务，创造条件促进就业困难人员实现用人单位吸纳就业或灵活就业。合理调整公益性岗位结构，充分发挥公益性岗位吸纳就业困难人员过渡性安置作用。在有就业意愿且服从安排的前提下，确保“零就业家庭”在确认后1个月内家庭成员至少1人实现就业，就业困难人员在认定后3个月内实现就业，确保今年内就业困难人员实现就业不少于5万人。对生活困难群体按规定纳入最低生活保障、临时救助、困难帮扶等社会救助范围。对实现就业的低保对象，通过“救助渐退”、收入豁免等措施，增强其就业意愿和就业稳定性。（责任单位：市人力资源社会保障局、市财政局、市民政局、市总工会、团市委、市残联、各区政府）
（四）加强农民工和农村劳动力就业支持
深化东西部劳务协作，继续提高劳务输出的组织化程度，完成国家下达的吸纳中西部地区脱贫劳动力转移就业年度目标任务。加强与对口帮扶重点省份的协同，开展“点对点”转移就业服务保障工作，帮助农民工安全有序返岗复工。加大对农民工疫情防控、公共招聘、技能培训、权益保障等方面的支持力度，帮助企业降低招用农民工的各项成本，提高农民工的就业稳定性。巩固长江退捕渔民就业安置成果，落实退捕渔民免费职业技能培训政策，支持退捕渔民自主创业，优先保障退捕渔民及时就业。针对生活困难农户的就业需求精准施策，鼓励各相关区通过补贴扶持，促进低收入农户长期稳定就业。（责任单位：市人力资源社会保障局、市政府合作交流办、市农业农村委、各区政府）
五、全力拓宽用工渠道扩就业
（一）推动经济恢复和产业发展创造岗位
全力推进企业复工返岗，在做好疫情防控的前提下，加强对企业复工复产复市的支持和服务，持续完善企业用工调度保障机制、农民工返岗复工“点对点”服务机制、长三角地区就业招工协调合作机制、东西部劳务协作机制，增强劳动力资源有效供给，取消对劳动者返岗的不合理限制。扩大有效投资创造增量就业岗位，全力推动在建项目加快复工复产，保障在建项目连续施工，加快推进重大产业项目、重点基础设施项目开工建设。依托长三角地区人社一体化发展机制，促进长三角就业岗位、高校毕业生、创业项目等各类要素资源的集聚，创造更多就业岗位。（责任单位：各行业主管部门、市人力资源社会保障局、市政府合作交流办、市工商联、各区政府）
（二）增加政策性岗位供给
鼓励国有企业、机关事业单位、基层服务项目、基层就业岗位吸纳高校毕业生。市属和区属国有企业要全面落实“数量不减、挖潜多招”要求，安排不低于50%的就业岗位面向本市高校毕业生定向招聘，并通过市国资国企人才招聘平台、上海公共招聘平台等渠道公开发布。各地区和基层单位要加大应届高校毕业生公务员招录力度。其中，乡镇（街道）以及政法机关的基层单位主要招录应届毕业生。在本年度事业单位招聘总量不低于上年水平的基础上，面向高校毕业生的岗位数不少于公开招聘岗位总数的60%，其中“五个新城”事业单位所提供的岗位中，面向高校毕业生的岗位数占比不少于70%。扩大“三支一扶”“西部计划”等基层服务项目面向本市高校毕业生的招录规模。本年度所有社区工作者、社会工作者新招聘岗位全部向高校毕业生开放。结合疫情防控、基层治理、乡村振兴，积极开发劳动社保、社区管理服务、社区卫生和公共卫生、养老服务、农业科技、社会救助、社会工作、中小企业服务等基层就业岗位。（责任单位：市教委、市国资委、市公务员局、市人力资源社会保障局、市民政局、市卫生健康委、市农业农村委、市经济信息化委、团市委、市残联、各区政府）
（三）促进社会组织和公益性岗位吸纳就业
充分发挥社会组织吸纳就业的积极作用，开展社会组织助力大学生就业专场招聘活动和社会组织公益创业大赛，在社会组织中开辟更多就业见习基地和见习岗位，稳定和扩大面向社会组织的就业。按照“按需设置、合理开发、属地负责、精准安置、有序退岗”的原则，各区可围绕常态化疫情防控，重点开发防疫消杀、核酸检测、医护辅助、物资配送等应急管理服务岗位，作为临时性公益性岗位，对本年度内过渡性安置就业困难人员以及因受疫情影响暂时无法就业的高校毕业生和其他失业人员，切实发挥公益性岗位“兜底线、救急难”的作用。（责任单位：市民政局、市人力资源社会保障局、市财政局、市经济信息化委、市卫生健康委、各区政府）
（四）推动自主创业和灵活就业
支持创业带动就业，大力发展创业孵化基地，推进建设创业型社区，持续培育农村创业创新园区、退役军人创业园区、残疾人创业孵化基地，并落实创业扶持政策和资金支持。鼓励创业孵化基地孵化更多大学生创业项目，鼓励在孵实体吸纳更多大学生就业或见习。实施大学生实习“扬帆计划”，广泛开展各级政务实习、企业实习和职业体验活动。实施大学生乡村创业帮扶计划，鼓励大学生下乡创业。加大力度落实各类灵活就业支持政策，鼓励就业困难人员、离校未就业高校毕业生、大龄失业人员、长期失业青年、大龄离土农民等群体通过个体工商户、非全日制就业以及平台就业等形态实现就业。研究制订平台就业劳动保障政策，试点开展平台网约劳动者职业伤害保障工作，推进新就业形态劳动者互助保障计划，鼓励平台企业创造更多灵活就业岗位，提升平台灵活就业人员保障水平。将灵活就业人员和灵活就业岗位供求信息纳入本市公共就业服务范围，加大对有灵活就业意愿人员的服务力度。鼓励经营性人力资源服务机构设立专门的零工市场或网络平台，为灵活就业人员提供规范有序的求职招聘、技能培训等专业化服务。通过灵活就业登记参保、实有人口自主填报、社区就业监测等渠道，探索建立灵活就业人员实名制管理制度，定期开展灵活就业人员就业状况分析。（责任单位：市人力资源社会保障局、市科委、市市场监管局、市公安局、市总工会、团市委、各区政府）
六、全力提升服务能级强就业
（一）加强用工服务
开展“稳岗纾困服务攻坚百日行动”，扎实做好常态化企业招聘用工服务，建立健全应急状态下重点企业用工服务保障机制，落实就业服务专员提供“一企一策”帮扶，帮助企业做好员工招聘、用工余缺调剂、政策宣讲、政策落实等工作，为复工复产和稳定就业提供服务保障。加大重点企业招聘信息动态归集力度，在上海公共招聘平台设置“重点企业复工复产招聘专区”，完善“共享用工”服务专栏，为企业间阶段性共享用工调剂提供信息发布渠道。（责任单位：市人力资源社会保障局、市经济信息化委、市总工会、各区政府）
（二）开展精准帮扶
实现公共就业服务常住人口全覆盖，打造多元化服务模式，充分调动各类就业服务力量积极性，整合各类就业服务资源，挖掘收集各行业企业复工复产用工需求，做好就业岗位储备。根据失业人员、农民工、就业困难人员等群体的个人能力和服务诉求，建立健全劳动者个人“求职档案”，完善精准就业帮扶机制，强化信息精准推送，推进供需精准对接，丰富服务手段，提升服务能级，更有针对性、更高质量地提供细分化公共就业服务。关注女性特殊权益和需求，对孕期、产期、哺乳期女性因“三期”受到就业影响的提供更精准的服务指导。（责任单位：市人力资源社会保障局、市总工会、市妇联、各行业主管部门、各区政府）
（三）激发市场活力
充分发挥市场在人力资源配置中的决定性作用，引导知名人力资源服务机构参加“助力大学生就业联盟”“人才服务进校园”“千校万岗”等主题活动，借助自身平台优势，采取直播带岗、远程面试等多种形式，加大网络招聘力度，为重点群体、重点企业提供优质高效的就业服务。健全人力资源市场“一线观察”等信息监测机制，动态反映人力资源市场供需状况和行业态势。鼓励优质经营性人力资源服务机构入驻上海公共招聘平台，推动就业服务数据和信息共享。通过行业协同、政府采购等方式，支持优质经营性人力资源服务机构、社会组织等搭建人力资源余缺调剂服务平台。加强就业创业专家志愿团品牌建设，招募更多具有志愿服务精神的各领域就业创业专家提供专业化咨询指导服务。引入高技能人才培养基地、行业协会、行业领军企业等社会机构，合作开发建设新的技能实训项目，推进公共实训基地能级提升。（责任单位：市人力资源社会保障局、市总工会、团市委、各区政府）
（四）推动技能提升
结合产业发展、用工需求和就业意愿，大力开展企业职工、转岗人员、失业人员等各类群体职业技能培训，积极组织物流、保安、餐饮、家政、建设、保洁、绿化等适合农民工就业特点的职业技能培训。加快落实职业技能提升补贴扩围政策，鼓励更多在职人员、灵活就业人员、本市院校毕业学年学生、失业人员、残疾人等群体获得职业资格证书、职业技能等级证书，提升就业能力。（责任单位：市人力资源社会保障局、市教委、市财政局、市住房城乡建设管理委、市绿化市容局、各区政府）
（五）加强基层就业服务能力建设
支持各区充分挖掘区域就业服务资源，打造“15分钟就业服务圈”，在街道或社区建设一批“家门口”“楼门口”的就业服务工作站所，整合各方资源提供专业化、多样化、便民化的公共就业服务，解决就业服务“最后一公里”问题。加强就业服务机构的职业指导师、创业指导师队伍建设，畅通职业发展通道。充实社区基层就业服务队伍，原则上每个居（村）委会安排至少1名专（兼）职工作人员负责就业促进工作。加大对基层就业服务工作人员的业务培训和带教培养力度，提升基层就业服务能力。（责任单位：市人力资源社会保障局、市民政局、各区政府）
七、压紧压实工作责任
（一）强化责任落实
各级政府要切实承担起稳就业工作的属地责任，加强对就业工作的领导，全力推动国家和本市各项政策落实落地，并将稳就业工作成效纳入各级政府绩效考核内容。市、区人力资源社会保障部门要履行好市、区就业工作领导小组办公室职责，做好就业工作目标任务的分解落实，压实各方工作责任，对主要就业指标和政策落实情况定期进行考核督查。市、区就业工作领导小组各成员单位要从各自职能出发，明确稳就业工作职责和目标任务，协同推进各项稳就业政策落实落地。市政府每年根据就业工作目标任务完成情况确定一批稳就业工作先进区，在全市层面通报表扬，并在就业资金分配时予以适当倾斜。（责任单位：市就业工作领导小组各成员单位、各区政府）
（二）强化资金保障
各级政府要根据就业形势和工作目标，统筹促进就业的支持政策和服务资源，加大资金和服务力量投入力度。各级财政、人力资源社会保障部门要强化各类用于促进就业资金的监督管理和风险防范，强化资金绩效评价，切实提高使用效益。要围绕就业补助资金保障重点，坚持惠企利民导向，不断完善就业补助资金分配管理，将资金投入和执行情况、资金绩效评价结果等作为资金分配的重要依据。（责任单位：市财政局、市人力资源社会保障局、各区政府）
（三）强化监测分析
优化就业监测指标体系，完善就业形势定期监测报告制度。推动市就业工作领导小组成员单位和市大数据中心间的就业信息数据整合共享，提高就业工作协同性。建立健全就业调查工作机制，依托专门就业调查队伍，定期做好对常住人口的各类就业状况调查排摸，掌握区域劳动力资源信息。进一步完善长三角高校毕业生就业去向信息共享机制，为分析高校毕业生就业和流动趋势提供数据支撑。完善失业动态监测、失业登记和领取失业保险金情况监测，加密监测频率，加强数据比对。建立重点企业舆情分析、信访跟踪、裁员报告联动的处置机制，及时捕捉苗头性、倾向性问题，早发现、早预警。做好舆情监测研判，建立重大舆情沟通协调和应急处置机制。（责任单位：市人力资源社会保障局、市统计局、市公安局、市大数据中心、各区政府）
（四）强化宣传引导
引导新闻媒体加强正面宣传，积极开展稳就业政策举措、工作经验、市场信息的宣传发布，稳定全社会对就业形势的预期。对稳就业工作中涌现的典型企业、先进人物，按规定开展表彰奖励，形成全社会关心、支持、重视就业工作的良好舆论环境和社会氛围。（责任单位：市就业工作领导小组各成员单位、各区政府）
本意见自印发之日起施行。各区可根据本意见精神，结合实际，制订本区做好当前和今后一个时期稳就业工作的实施意见。
上海市人民政府
2022年6月25日
分享：",上海市人民政府关于做好本市当前和今后一个时期稳就业工作的意见,上海市,上海市人民政府-人才政策,人才引进,https://www.shanghai.gov.cn/rcjysj/20250606/f265bd784d65431c86c4daae5d1d83ea.html,沪府规〔2022〕6号,7970,https://www.shanghai.gov.cn/cmsres/0b/0b8864348d0940e894a299fd70390cf8/3c2a1b71c75948d493c4c8e37acf0f83.pdf,2026-04-25 16:21:59,ok
上海市人民政府关于印发修订后的《上海市被征收农民集体所有土地农业人员就业和社会保障办法》的通知,2022-02-07,"首页
政务公开
集成式发布政策库
营商环境
惠企政策直达
人才政策
市级文件
上海市人民政府关于印发修订后的《上海市被征收农民集体所有土地农业人员就业和社会保障办法》的通知
印发日期：2022-02-07
沪府规〔2022〕3号
大
中
小
沪府规〔2022〕3号
上海市人民政府关于印发修订后的《上海市被征收农民集体所有土地农业人员就业和社会保障办法》的通知
各区人民政府，市政府各委、办、局：
现将修订后的《上海市被征收农民集体所有土地农业人员就业和社会保障办法》印发给你们，请认真按照执行。
上海市人民政府
2022年1月30日
上海市被征收农民集体所有土地农业人员就业和社会保障办法
第一条（目的和依据）
为进一步做好本市被征收农民集体所有土地（以下简称“被征地”）上的农业人员就业和社会保障（以下简称“就业和保障”）工作，根据《中华人民共和国社会保险法》和《中华人民共和国土地管理法》等的规定，结合本市实际，制定本办法。
第二条（适用范围）
本市行政区域内被征地的具有本市常住户籍农业人员（以下简称“被征地人员”）的就业和保障，适用本办法。
第三条（指导原则）
适应本市城乡发展一体化需要，坚持市场导向，促进被征地人员就业。将被征地人员纳入相应的社会保险制度，保障被征地人员基本生活。建立多渠道筹集被征地人员社会保障费用机制，提高被征地人员就业和保障水平。
第四条（管理部门）
市人力资源社会保障局是本市被征地人员就业和保障工作的行政主管部门。
市公安局、市财政局、市医保局、市农业农村委、市规划资源局、市税务局等部门按照各自职责，协同实施本办法。
区政府要做好本辖区内被征地人员就业和保障的组织管理和实施工作。
镇（乡）政府、街道办事处要做好本辖区内被征地人员就业和保障的具体实施工作。
第五条（社会保障费用的用途和列支）
征地单位应当依法足额支付被征地人员的社会保障费用。社会保障费用用于缴纳社会保险费和支付一次性经济补偿。
征地单位按照本办法支付的被征地人员社会保障费用，应当单独列支，可计入征地成本。
第六条（被征地人员的条件和分类）
需按照本办法规定落实就业和保障的被征地人员，应当是被征地范围内具有本市常住户籍16周岁以上的农业人员。被征地人员分为：
（一）男性年满16周岁不满60周岁、女性年满16周岁不满55周岁的被征地人员（以下简称“就业阶段人员”）。
（二）男性年满60周岁、女性年满55周岁的被征地人员（以下简称“养老阶段人员”）。
第七条（就业培训）
就业阶段人员可享受公共就业服务机构提供的职业介绍、职业指导等就业服务。就业存在困难的，可按照规定享受本市就业援助政策。
就业阶段人员自主创业的，可按照规定享受创业指导、创业培训服务及各类创业扶持政策。
就业阶段人员参加职业技能培训或职业技能等级认定的，可按照规定享受政府培训费补贴或职业技能提升补贴。
区政府要在落实本市各项就业培训政策措施的基础上，结合本区实际，加大政策扶持力度，帮助就业阶段人员实现就业和稳定就业。第八条（就业阶段人员社会保险)
征地单位为就业阶段人员一次性缴纳12年的职工基本养老、医疗保险费，缴费基数按照上年度本市全口径城镇单位就业人员月平均工资的60%确定，缴费比例按照职工基本养老、医疗保险的单位缴费比例和个人缴费比例之和确定。其中，男性年满55周岁、女性年满50周岁的，再增加3年的一次性缴费。
就业阶段人员一次性缴费后，按照规定建立个人养老保险账户和个人医疗账户，记录一次性缴费的年限和个人账户储存额，并享受社会保险待遇。
就业阶段人员一次性缴费后就业的，应当参加职工社会保险；未就业的，可参加城乡居民基本养老、医疗保险。
就业阶段人员男性年满60周岁、女性年满55周岁，职工基本养老保险累计缴费满15年的，可按照职工基本养老保险办法计发相应待遇，享受职工基本医疗保险待遇。不满15年的，可继续缴费至满15年；也可转入城乡居民基本养老保险（以下简称“城乡居民养老保险”），待达到城乡居民养老保险规定的领取条件时，按照城乡居民养老保险办法计发相应待遇，参加城乡居民基本医疗保险。
第九条（养老阶段人员社会保险)
养老阶段人员已享受城乡居民养老保险待遇的，可在征地时，选择参加职工基本养老、医疗保险，也可继续享受城乡居民养老保险待遇。
（一）选择参加职工基本养老、医疗保险的，由征地单位一次性缴纳12年的职工基本养老、医疗保险费（缴费的基数和比例同第八条第一款）。同时，由个人缴纳3年的职工基本养老、医疗保险费。缴费资金由其城乡居民养老保险个人账户余额和区政府补贴承担。一次性缴费后，终止城乡居民养老保险关系，按照职工基本养老保险办法计发相应待遇，所需资金从其缴纳的养老保险费用中支出；享受职工基本医疗保险待遇。
（二）继续享受城乡居民养老保险待遇的，由征地单位按照规定一次性缴纳职工基本医疗保险费，一次性缴费后，享受职工基本医疗保险待遇。同时，由征地单位给予一次性经济补偿。
养老阶段人员已享受职工基本养老保险待遇的，可由征地单位给予一次性经济补偿。
征地单位给予被征地人员一次性经济补偿的办法，由区政府制定。
第十条（生活补贴费）
征地单位可为就业阶段人员一次性缴纳生活补贴费，在安置补助费中列支。生活补贴费标准，按照当年本市城乡居民最低生活保障标准确定。具体办法，由区政府制定。
生活补贴费资金实行市级统一管理，设立财政专户，专款专用。
第十一条（政府补贴）
被征地人员参加城乡居民基本医疗保险，以及在职工基本养老保险继续缴费的，由区政府给予补贴。具体办法，由区政府制定。
第十二条（相关手续）
落实就业和保障与土地处置联动。征地单位首先为被征地人员缴纳社会保险费、支付一次性经济补偿和生活补贴费，再办理土地处置手续。
区政府发布征收土地预公告后，应当依据社会稳定风险评估结果，组织区人力资源社会保障部门、镇（乡）政府、街道办事处拟订被征地人员就业和保障方案，在拟征收土地所在的镇（乡）和村、村民小组范围内公告，公告时间不少于30日。区政府根据法律、法规规定和听证会等情况确定方案后，应当组织有关部门签订附生效条件的社会保障费用和生活补贴费支付协议。
征收农民集体所有土地申请经依法批准后，公安部门提供被征地单位人员户籍信息，规划资源部门提供被征地单位土地信息。镇（乡）政府、街道办事处提供需落实就业和保障的被征地人员的总数、姓名、性别、年龄等情况。
征收农民集体所有土地申请经依法批准后，由镇（乡）政府、街道办事处向区政府确定的经办机构（以下称“区级经办机构”）申请核定落实就业和保障的人数及人员分类等情况。区级经办机构将核定结果报市社会保险事业管理中心（以下简称“市社保中心”）备案。
市社保中心完成备案后，为被征地人员办理参加社会保险手续，并出具被征地人员就业和保障备案证明（以下简称“备案证明”）。规划资源部门凭备案证明，办理被征收土地的建设用地审批手续。
第十三条（法律责任）
侵占、挪用社会保障费用或生活补贴费，构成犯罪的，依法追究刑事责任；不构成犯罪的，依法给予处分。
第十四条（争议处理）
被征地人员与征地单位或者被征地单位发生争议，由区政府处理。
第十五条（征地养老人员）
原由区、镇（乡）管理的征地养老人员，实行区级统筹管理，逐步提高待遇水平。其生活费标准，由区政府根据市有关部门的指导意见制定；其医疗费报销标准及办法，由区政府制定。区政府要加强征地养老人员的征地养老费的管理，制定管理办法，设立专户储存，专款专用。
第十六条（施行期限）
本办法自2022年4月1日起实施，有效期至2027年3月31日。
分享：",上海市人民政府,上海市,上海市人民政府-人才政策,人才引进,https://www.shanghai.gov.cn/rcjysj/20250606/b1954afbf985457b94912febe670f117.html,沪府规〔2022〕3号,3126,https://www.shanghai.gov.cn/cmsres/29/29b1af275fd549189977bc4b917ae355/68470b647a82f74a14099fcea0c301b2.pdf,2026-04-25 16:22:01,ok
高级搜索 政策文件,,"访问我的专属空间
个人办事
法人办事
北京政务服务网
简
繁
智能问答
移动版
网站无障碍
Title
我在听，请说话
(10s)
抱歉，没听清，请再说一遍吧
本网站 >
一网通查 >
高级搜索
政策文件搜索
咨询热线：010-12333 周一至周日全天24小时服务
高级搜索
政策文件
搜索结果：
包含以下全部的关键词
包含以下的完整关键词
包含以下任意一个关键词
不包含以下关键词
文档格式：
全部格式
WORD
PPT
EXCEL
PDF
TXT
ZIP
时间范围：
全部时间
一年内
一月内
一周内
自定义
从
至
排序方式：
按相关度排序
按时间排序
搜索位置：
任何地方
仅标题
请至少填写一个包含的关键词
高级搜索
政策文件
关 键 词：
发文机构：
主题分类：
发文字号：
号
日 期：
从
至
主题分类：
--请选择--
搜索位置：
全文
标题
结果排序：
按相关度排序
按日期排序
有效性：
有效
无效",北京市人力资源和社会保障局_移动版,北京市,北京市人社局-政策文件,就业补贴,http://rsj.beijing.gov.cn/ydb/index.html,,411,,2026-04-25 16:22:21,ok
关于开展2025年度北京市职称评价工作的通知,2025-06-03,"京人社事业字〔2025〕93号
各区人力资源社会保障局、北京经济技术开发区社会事业局，市属各单位人事（干部）部门，各职称评审服务机构，各有关单位：
为做好本市2025年度职称评价工作，根据《北京市职称评审管理暂行办法》（京人社事业发〔2020〕12号）《关于进一步加强和改进职称工作的通知》（京人社事业发〔2023〕10号）和《北京市职称评审服务机构和职称评审专家管理暂行办法》（京人社事业发〔2023〕13号）等文件规定，现就有关事项通知如下：
一、申报人员范围
与本市国有企事业单位、非公有制经济组织、社会组织等机构建立人事劳动关系的专业技术人才（含港澳台地区人才及持外国人来华工作许可证的外籍人才），可参加本市职称评价。
符合相应申报条件的高技能人才，可申报工程、农业、工艺美术、文物博物、实验技术、艺术、体育、技工院校教师系列职称评价。
近1年在北京地区舞台影视、美术、动漫游戏、文学创作、工艺美术等专业领域工作、符合条件的自由职业者，经市文化和旅游局、市文联等行业主管部门认可的文艺家协会或行业协会推荐，可参加艺术、工艺美术系列职称评价。
公务员不得参加专业技术人才职称评审。
二、评审服务机构
北京市职称评审专业、评审服务机构以《2025年度北京市职称评审专业及评审服务机构名录》（附件1，以下简称“名录”）为准。除名录中公布的职称评审服务机构以及经市人力资源社会保障局备案的自主评聘单位以外，其他单位不得开展北京市职称评价及相关工作。
三、评审工作安排
（一）专业技术资格评审
除国家有明确要求外，自然科学研究、哲学社会科学研究、工程技术、农业技术、实验技术、经济、统计、会计、审计、体育、工艺美术、翻译、艺术、播音主持、新闻、出版、文物博物、图书资料、档案、公共法律服务等系列（专业）各级别采取专业技术资格评审。具体流程如下：
1.个人网上申报
7月10日（周四）—7月31日（周四），申报人登录市人力资源社会保障局政府网站（http://rsj.beijing.gov.cn），点击“个人办事”栏目，选择“职称评审”模块，注册登录后，进入“北京市职称评审服务平台”，选择“我要申报”，进入“北京市专业技术人员职称管理系统”，选择拟申报专业的评审委员会，按照各系列（专业）基本评价标准及各评委会要求，客观、准确、完整填写个人职称申报信息，并于7月31日前完成系统提交。如有疑问，拨打附件1中公布的评审服务机构联系电话进行咨询。
2.单位审核推荐
7月10日（周四）—8月7日（周四），申报人联系参保单位进行审核推荐。参保单位登录市人力资源社会保障局政府网站，点击“法人办事”栏目，选择“职称评审（申报人）单位审核推荐”模块，登录后，进入“北京市专业技术人员职称管理系统”，对申报人所填写的个人信息进行审核，并进行不少于5个工作日公示。公示无异议后，按照管理权限如实填写推荐意见并提交。推荐意见作为评审委员会评审表决的重要参考依据。
从事艺术、工艺美术工作的自由职业专业技术人才，打印职称申报信息表、个人诚信承诺、公示模板等材料，线下提交相关协会、学会进行推荐。经协会、学会审核公示并加盖公章后，申报人通过系统上传，提交评审服务机构审核。
3.评审服务机构审核
7月10日（周四）—9月16日（周二），评审服务机构完成首次审核。申报材料不完整、不规范的，评审服务机构一次性告知申报人需要补正的全部内容，并予以退回。申报人按要求及时补正材料并提交，再次联系参保单位审核推荐并提交，评审服务机构再次审核。逾期未补正或未按要求履行申报手续的，视为放弃申报。
4.个人缴费
审核通过后，申报人在评审服务机构通知的规定时间内通过系统进行网上缴费。逾期未完成缴费，视为放弃申报。评审服务机构将审核通过且缴费成功的申报人提交评审委员会评审。
5.答辩评审
答辩前，评审服务机构通过短信告知申报人答辩事宜。收到短信通知的申报人，及时登录系统，下载答辩通知书，按照通知书要求参加答辩。11月底前，各评审服务机构完成答辩评审工作。
高、中级职称评审需现场答辩；初级职称评审不答辩。评审委员会按照分类评价标准对申报人进行综合评价，采取无记名投票方式表决，申报人获得出席委员三分之二以上同意票数，可取得相应的专业技术资格。
6.验收公示
评审结束后，评审服务机构通过系统上报评审结果，申请验收。验收通过后，评审结果在市人力资源社会保障局政府网站—“个人办事”—“职称评审”—“本年度评审结果公示”进行不少于5个工作日公示。
7.领取电子职称证书
公示无异议后，市人力资源社会保障局将分批核发2025年度电子职称证书和电子职称评价结果通知书。申报人在市人力资源社会保障局政府网站—“个人办事”—“职称评审”—“本人资格证书查询”模块下载使用。
（二）专业技术职务评审
卫生技术、中小学教师、中等职业学校教师、技工院校教师等系列（专业）专业技术职务评审，以行业主管部门通知为准。
（三）自主评聘
经备案实行自主评聘的高等院校、党校和部分科研机构、新型研发机构、民营企业，按照备案的自主评聘工作方案，开展职称评审工作。对于不具备开展学术评议能力的高等院校，可在完成本单位自主评聘工作方案的基础上，委托市教委进行学术评议。
四、工作要求
（一）遵守个人诚信承诺。申报人对申报材料真实性负责，在职称申报、推荐、审核等环节，提供虚假材料、剽窃他人作品和学术成果或者采取其他不正当手段的，将被取消申报资格；已取得职称的，撤销职称，记入职称评审诚信档案库，纳入全国信用信息共享平台，记录期限为3年；情节严重的，3年内取消职称及岗位晋升资格。
（二）履行推荐申报主体责任。申报人的参保单位（或推荐协会、学会）应全面、认真审核申报人材料，对审核和推荐意见的真实性负责。对于没有认真履行审核责任，或包庇、纵容弄虚作假、出具虚假证明的，市人力资源社会保障局将会同行业主管部门、评审服务机构依法追究单位责任，情节严重的，依法追究相关人员责任。
（三）扎实规范做好评审工作。各职称评审服务机构应根据国家及本市有关规定开展职称评价工作，严格按照各系列（专业）的申报条件审核材料，做好咨询解释工作，规范评审程序，严肃评审纪律，按规定受理申报人复查申请和投诉，并将相关情况答复申报人。评审服务机构违反评审程序，不能保证评审质量的，市人力资源社会保障局将暂停其评审工作，责令采取补救措施；情节严重的，收回其职称评审权，并依法追究相关人员责任。
（四）加强职称评审监督管理。市人力资源社会保障局将进一步加强与公安、经信、教育、新闻出版、市场监管等部门的信息数据共享，建立联动机制，坚决打击在职称评审中的各类违规违纪违法行为。通过数据比对、复查核查、社会公示等方式，不断加强职称评审诚信体系建设，营造更加诚信的评审环境，积极协助公安部门依法查处假冒职称评审、制作和销售假证等违法行为。
五、其他事项
（一）优化服务中央单位委托评审。中央在京单位本级及所属二级单位的专业技术人才，申报时在京正常参保，由中央在京单位人事部门开具《2025年北京市职称评审委托函》（附件2），或经中央在京单位同意后由所属二级单位开具委托函，可参加本市职称评审。委托函需在个人申报时上传到系统。
除以上情况外的中央在京单位的申报人，在本市正常参保的，无需开具委托函，可直接申报本市职称评审。中央在京单位另有规定的，按中央在京单位要求执行。
根据《中共中央办公厅 国务院办公厅关于印发〈行业协会商会与行政机关脱钩总体方案〉的通知》（中办发〔2015〕39号）要求，《全国性行业协会商会脱钩改革名单》（附件3）中涉及单位的申报人，在本市正常参保的，无需开具委托函，可直接申报本市职称评审。
经人力资源社会保障部核准备案的《中央单位高级职称评审委员会备案目录》中已备案的职称系列（专业）不接受委托。
（二）明确国内外职业资格与职称对应关系。在国家及本市确定的专业技术人员职业资格与职称对应关系（附件4）范围内，专业技术人员取得职业资格，且符合本市相应系列职称制度改革实施办法中规定的学历学位、工作年限条件的，可对应相应系列和层级的职称，并可作为申报高一级职称的条件。
取得部分国际职业资格与职称对应表（附件5）中急需紧缺清单中IEEE高级会员等8项国际职业资格，在符合本市相应系列职称制度改革实施办法中规定的学历学位、工作年限条件的，对应高级职称，并可作为申报本市正高级职称的条件；取得ACM高级会员等25项认可度高的国际职业资格，在符合本市相应系列职称制度改革实施办法中规定的学历学位、工作年限条件的，对应中级职称，并可作为申报本市高级职称的条件。
（三）落实部分系列副高级职称考评结合政策。经济、统计、会计、审计、翻译系列副高级职称采取考试与评审相结合方式，申报人参加国家统一组织的专业技术人员职业资格考试通过后，方可申报相应专业副高级职称评审。
（四）畅通高级职称破格申报渠道。申报人不具备规定学历、资历，但业绩显著、贡献突出的，在符合本市相关职称系列（专业）破格条件的基础上，由2名及以上具备正高级职称的同行专家填写《北京市高级职称破格申报推荐表》（附件6）推荐申报，法律法规另有规定的除外。专家推荐表及相关材料需在个人申报时上传到系统。
（五）严格落实“考培分离”净化评审环境。市人力资源社会保障局不举办也不委托任何机构开展各种职称评审培训或代报名，请广大专业技术人才提高警惕，切勿上当受骗。
职称咨询电话：12333或附件1中各评审服务机构联系电话
附件：1.2025年度北京市职称评审专业及评审服务机构名录
2.2025年度北京市职称评审委托函（模板）
3.全国性行业协会商会脱钩改革名单
4.部分专业技术人员职业资格与职称对应表
5.部分国际职业资格与职称对应表
6.北京市高级职称破格申报推荐表
北京市人力资源和社会保障局
2025年6月23日
（此件公开发布）",北京市人力资源和社会保障局_政务公开_通知文件,北京市,北京市人社局-政策文件,就业补贴,https://rsj.beijing.gov.cn/xxgk/2024qt/202506/t20250630_4134509.html,京人社事业字〔2025〕93号,4050,https://rsj.beijing.gov.cn/xxgk/2024qt/202506/W020250630413239795299.doc;https://rsj.beijing.gov.cn/xxgk/2024qt/202506/W020250630425969915397.pdf;https://rsj.beijing.gov.cn/xxgk/2024qt/202506/W020250630425970043674.pdf;https://rsj.beijing.gov.cn/xxgk/2024qt/202506/W020250630425970199672.pdf;https://rsj.beijing.gov.cn/xxgk/2024qt/202506/W020250630428460323346.doc;https://rsj.beijing.gov.cn/xxgk/2024qt/202506/W020250704665155351487.pdf,2026-04-25 16:22:24,ok
关于印发《用人单位岗位补贴和社会保险补贴经办规程（试行）》的通知,2025-06-01,"京人社就促发〔2025〕4号
各区人力资源社会保障局、北京经济技术开发区人力资源和社会保障服务中心：
为进一步贯彻落实用人单位岗位补贴和社会保险补贴政策，规范经办工作，提高资金使用的安全性和有效性，现将《用人单位岗位补贴和社会保险补贴经办规程（试行）》印发给你们，请遵照执行。
北京市人力资源和社会保障局
2025年6月13日
用人单位岗位补贴和社会保险补贴经办规程（试行）
第一章 总则
第一条 为进一步规范本市用人单位岗位补贴和社会保险补贴（以下简称岗社补）政策的经办工作，防范和化解运行风险，确保资金安全，根据《关于印发〈社会保险经办机构岗位权限管理办法〉的通知》（人社厅发〔2021〕64号）、《关于印发〈失业保险业务经办管控规则（试行）〉的通知》（人社厅函〔2025〕34号）、《关于印发〈用人单位岗位补贴和社会保险补贴管理办法〉的通知》（京人社就发〔2012〕308号）、《关于用人单位招用本市高校毕业生、退役士兵等人员享受岗位补贴、社会保险补贴有关问题的通知》（京人社就发〔2016〕264号）、《关于促进本市农村劳动力就业参保有关问题的通知》（京人社就发〔2022〕1号）、《关于小微企业招用本市离校2年内未就业高校毕业生享受社会保险补贴有关事项的通知》（京人社毕发〔2022〕32号）、《关于企业招用脱贫人口享受社会保险补贴有关事项的通知》（京人社农工发〔2022〕40号）和《关于印发〈北京市就业困难人员认定管理办法（试行）〉的通知》（京人社评发〔2024〕11号）等文件精神，制定本规程。
第二条 岗社补的申请、审核、支付、监管等经办工作适用于本规程。
第三条 岗社补经办工作依托北京智慧人社一体化平台信息系统，同时提供线下材料受理服务，坚持系统审核与人工审核并重、内部监控与社会监督结合，建立全流程的事前事中事后监督管理体系。
第四条 市级经办机构负责岗社补的业务指导、信息系统建设和资金监管。区级经办机构负责岗社补的业务审核、资金发放和管理。
第二章
申请
第五条 本市行政区域内参加社会保险的非全额拨款事业单位、企业、民办非企业单位、社会团体、个体工商户、农村集体经济组织及农民合作社等用人单位可申请岗社补。
第六条 用人单位招用“4050”人员等19类人员可申请岗社补，具体人员身份类型、享受补贴类型、是否需要就业困难人员身份认定等条件详见《岗社补招用人员类型表》（附件）。
第七条 用人单位需与补贴对象依法签订一年及以上期限劳动合同（劳务派遣企业与派遣员工需签订两年及以上期限劳动合同），按规定缴纳职工社会保险，并按月足额发放不低于当年本市职工最低工资标准1.2倍的工资。
第八条 用人单位需通过北京市人力资源和社会保障局网站进行线上申请，并按各区规定线下向经办机构提交材料。
第九条 用人单位招用补贴对象，履行劳动合同满半年或一年后的次次月起90日内提出首次申请。经批准后，在享受期内用人单位可于履行劳动合同每满半年或一年后的次次月起90日内提出再次申请。
第十条 用人单位申请岗社补需提交的材料：
（一）首次为所招用补贴对象申请的，需提交劳动合同，再次为所招用补贴对象申请的，涉及劳动合同到期的，需提交续签的劳动合同。
（二）银行出具的含补贴对象申请期内的工资明细表。
（三）单位财务支出凭证：补贴申请时最新月度《财务报表-利润表》或其他能说明单位正常经营的证明材料。
（四）单位报税凭证：补贴申请时最新月度《增值税及附加税申报表》或《经营所得个人所得税月（季）度申报（A表）》或其他能说明单位正常报税的证明材料。
（五）劳务派遣企业涉及派遣员工的，需提交与用工单位签订的劳务派遣协议，以及派遣人员名单；涉及服务外包员工的，需提交与用工单位签订的服务外包协议，以及外包人员名单。
第十一条 岗社补的补贴标准按照有关政策文件规定执行。
第三章
审核
第十二条 区级经办机构收到用人单位的申请和纸质材料后，对单位申请予以受理。
第十三条 区级经办机构对单位申请进行初审。
（一）工资审核。工资明细需为银行出具的含补贴对象申请期内的工资明细表，补贴对象补贴期限内工资应达到当年本市最低工资的1.2倍。
（二）劳动合同审核。用人单位与补贴对象签订劳动合同应满1年；劳务派遣企业应与派遣员工签订2年及以上劳动合同。
（三）劳务派遣企业审核。劳务派遣企业应与用工单位签订规范的劳务派遣协议，派遣到机关事业单位的劳动者不在岗社补政策覆盖范围内。
（四）单位财务支出凭证和单位报税凭证作为核查依据备案留存。
（五）所有复印件应标注与原件一致，加盖单位公章并留存。
第十四条 区级经办机构在审核中，发现用人单位存在以下情况之一的，属于重新招用。
（一）两次就业用人单位（包括劳务派遣企业）的法人、董事长、总经理有一人相同的。
（二）两次就业用人单位（包括劳务派遣企业）同属一家单位或存在隶属关系的。
（三）不同劳务派遣企业，两次将同一人员派往同一家用工单位，个人实际就业用工单位和工作岗位没有改变的。
（四）由劳务派遣企业派遣的人员，劳动合同到期后，被用工单位留用并直接签订劳动合同，工作岗位没有改变的。
（五）用人单位招用的人员，劳动合同到期后，由劳务派遣企业招用，重新派回原用人单位，工作岗位没有改变的。
（六）其他属于重新招用的情况。
第十五条 区级经办机构对完成初审的单位进行核查。
（一）核查要求。区级经办机构可独立或联合第三方会计师事务所，按照规定开展核查工作。
（二）核查内容。工资发放情况、劳动合同签订情况、实际用工情况、经营情况、报税情况、重新招用情况等是否属实，是否符合岗社补享受条件。
（三）核查方式。可根据实际情况采取电话询访、视频询访和实地核查等方式。
（四）核查结果。核查结果需经至少两名核查人员签字确认（实地核查结果需被核查单位负责人签字确认），核查结果确认单和相关佐证材料电子版需上传信息系统备查。
第十六条 区级经办机构完成初审后，初审结果合格的单位在北京市人力资源和社会保障局网站进行公示。
第十七条 区级经办机构对公示及核查均合格的单位进行复审，同一笔业务的初审人员与复审人员不得为同一人。
第十八条 区级经办机构对复审合格的单位进行汇总，生成并下载打印《用人单位岗位补贴和社会保险补贴审核合格汇总表》，签字盖章后上传至信息系统留存（补贴对象涉及重点项目地区的还需留存《招用重点项目地区劳动力岗位补贴和社会保险补贴批复汇总表》和《超期重点项目地区岗位补贴和社会保险补贴批复汇总表》），并将汇总数据经信息系统推送至支付环节。
第四章
支付
第十九条 区级经办机构每月20日前根据岗社补申请、审核等情况，填报本区次月用款计划，市级经办机构汇总并经信息系统推送至市级社保财务部门。次月资金到账后，市级社保财务部门将资金拨付至各区社保财务部门。
第二十条 区级经办机构汇总支付数据并生成《北京市社会保险基金待遇支付明细表（单位发放）》，经信息系统推送至区社保财务部门，由区社保财务部门发放补贴资金至用人单位。
第二十一条 如遇需退回补贴资金（待遇回收）的情形，区级经办机构需告知用人单位，并将《北京市社会保险基金待遇回收明细表》经信息系统推送至区社保财务部门，用人单位退回的资金由社保财务部门回收。
第五章
监管
第二十二条 各级经办机构要增强风险防控意识，每年对经办人员开展不少于2次廉政风险教育，不断提高思想认识，增强工作责任感。
第二十三条 各级经办机构应严格落实审核制度，规范岗位权限管理，落实各岗位主体责任，确保审核结果符合政策规定和经办要求。市级经办机构应加强风险防控体系建设。区级经办机构应严格落实日常核查工作，加强疑点数据核查，重点核查的方面包括但不限于重新招用、非实际经营、享受大额资金等。
第二十四条 各级经办机构应强化人防、制防、技防、群防“四防”协同，畅通投诉举报渠道，落实要情报告制度。对于查实存在骗取套取补贴情形的用人单位，记入企业信用信息系统，暂缓受理补贴申请，并依据相关法律法规，移交有关部门进行处理。
第六章
附则
第二十五条 已有规定与本规程不一致的，按照本规程执行。
第二十六条 本规程自印发之日起执行，由北京市人力资源和社会保障局负责解释。
附件：岗社补招用人员类型表",北京市人力资源和社会保障局_政务公开_政策文件,北京市,北京市人社局-政策文件,就业补贴,https://rsj.beijing.gov.cn/xxgk/2024zcwj/202506/t20250618_4116090.html,京人社就促发〔2025〕4号,3378,https://rsj.beijing.gov.cn/xxgk/2024zcwj/202506/W020250618392322137473.pdf,2026-04-25 16:22:27,ok
关于印发《关于进一步做好农民工服务保障工作的若干措施》的通知,2025-05-02,"京人社农工字〔2025〕79号
各区人力资源社会保障局、发展改革委、教委、民政局、司法局、住房城乡建设委、农业农村局、总工会，北京经济技术开发区各相关单位：
为贯彻落实人力资源社会保障部等10部门《关于进一步加强农民工服务保障工作的意见》（人社部发〔2024〕80号）精神,北京市人力资源社会保障局等8部门研究制定了《关于进一步做好农民工服务保障工作的若干措施》，现印发你们，请认真抓好贯彻落实。
北京市人力资源和社会保障局
北京市发展和改革委员会
北京市教育委员会
北 京 市 民 政 局
北 京 市 司 法 局
北京市住房和城乡建设委员会
北京市农业农村局
北 京 市 总 工 会
2025年5月19日
关于进一步做好农民工服务保障
工作的若干措施
为贯彻落实人力资源社会保障部等10部门《关于进一步加强农民工服务保障工作的意见》（人社部发〔2024〕80号）精神，进一步做好农民工服务保障工作，结合本市实际，制定如下工作措施。
一、促进本市农村劳动力高质量充分就业。实施乡村振兴战略，促进农村一二三产融合发展，大力发展乡村新产业新业态，加大对新型农业经营主体的支持力度，深入挖掘美丽乡村建设、农村人居环境提升等领域岗位资源，拓宽农村劳动力就地就近就业渠道。坚持就业优先战略，强化部门协调联动机制和城乡就业合作机制，用好单位招用、灵活就业社会保险补贴等政策，加大岗位归集发布力度，促进农村劳动力转移就业和灵活就业。聚焦科技现代农业、“百千工程”、花园城市等重点任务，加快谋划布局一批项目，因地制宜推广以工代赈方式，带动更多农村劳动力就业增收。
二、拓宽农民工就业创业渠道。大力发展吸纳农民工就业能力强的产业，培育开发居民服务、批发零售、住宿餐饮、建筑、制造、交通运输等领域就业岗位，扩大物流配送、养老托育、家政等服务业就业规模。支持和规范发展新就业形态，推动创造更多农民工就业岗位。以信息技术、先进制造、家政服务、园林绿化等为重点，培育具有北京特色的劳务品牌，带动农民工稳定就业。加大创业带动就业力度，进一步优化创业政策环境，为符合条件的农民工提供创业担保贷款和一次性创业补贴，加强创业园、农村创业园区等创业载体建设，为农民工提供创业服务。组织农民工参加创业大赛等活动，推广农民工创业成功典型经验。鼓励保险机构提高创业的保险保障水平，优化金融产品和服务供给。
三、稳定农民工就业规模。深化东西部协作和对口合作，以脱贫人口（含防止返贫监测对象）为重点，推进防止返贫就业攻坚行动，进一步完善劳务协作机制，加大与劳务输出大省和对口合作地区劳务协作力度，健全跨区域岗位信息共享和发布机制，鼓励行业企业、人力资源服务机构在劳务输出地建立工作站、服务站，建立常态化稳定劳务输转渠道，提升劳务对接的精准度。实施扩大家政服务人员有效供给三年行动计划，拓展家政劳务协作范围，加强家政劳务品牌建设，加大家政技能培训力度，提升家政劳务对接实效。加大产业帮扶、就业帮扶、以工代赈等工作力度，支持脱贫地区发展特色优势产业、建设就业帮扶车间、开发乡村公益性岗位，促进脱贫人口（含防止返贫监测对象）就地就近就业。
四、加强农民工技能培训。实施“技能照亮前程”培训行动，鼓励支持农民工等重点群体，积极参加家政、餐饮、新职业新业态等重点领域项目制培训。试点开展“产教评”技能生态链建设，推动生态链内行业企业、职业院校（含技工院校）、职业技能培训机构等深度协同，开展订单、定向、定岗培训。鼓励符合条件的农村青年就读技工院校。开发优质职业技能培训资源，动态发布培训机构和职业技能评价机构目录。推进市域产教联合体、行业产教融合共同体建设，推动建立产教深度融合的技能人才培养模式。
五、提升农民工就业服务效能。完善就业公共服务体系，推进零工市场和“家门口”就业服务站点建设，将“务工人员之家”纳入全市公共就业服务体系，聚焦本市产业发展需求和农民工就业需要，推行“大数据+铁脚板”服务模式，加大岗位信息归集及发布力度，开展线上线下招聘活动，做好就业指导、岗位推介等就业服务，促进供需高效匹配。加强大龄农民工就业帮扶，进一步开发适合大龄农民工就业的环卫保洁、园林绿化、公益设施维护等岗位。
六、维护农民工劳动保障权益。发挥劳动关系协商协调机制作用，加大劳动保障法律法规宣传力度，推进多形式多层级集体协商，指导和督促用人单位依法用工，切实维护农民工合法权益。严格劳务派遣企业行政许可审批，做好劳务派遣企业年度核验工作，加强对劳务派遣企业日常监管。加大对平台企业指导和督促力度，认真落实新就业形态劳动者休息和劳动报酬权益保障指引、劳动规则公示指引、劳动者权益维护服务指南，推进新就业形态劳动纠纷一站式调解，建立新就业形态劳动纠纷巡回调处机制，开展公益法律服务新就业形态劳动者专项行动，维护新就业形态劳动者合法权益。加强社会保险政策宣传，推动农民工参加城镇职工社会保险，优化社保关系转移接续服务，持续推进工程建设领域农民工按项目参加工伤保险，做好新就业形态人员职业伤害保障试点工作，按规定做好农民工随迁子女医疗保障工作。
七、保障农民工劳动报酬权益。完善治理欠薪长效机制，以工程建设、加工制造、服务业等为重点，持续开展“安薪北京”夏季、冬季专项行动，做好全国欠薪线索反映平台、12345、12333欠薪线索处置工作，突出抓好工程建设领域欠薪问题集中治理，依法查处欠薪违法行为。持续推进基层调解组织网络建设，构建“一站式”联合调解工作模式，推行全环节劳动争议预防化解机制，发挥农民工工资争议速裁庭（团队）作用，实行重大欠薪争议案件仲裁机构负责人挂牌督办，“快立、快调、快审、快结”农民工工资争议，切实保障农民工劳动报酬等权益。开展保障农民工合法权益公共法律服务专项维权活动，申请支付劳动报酬或请求工伤事故人身损害赔偿的依法免予核查法律援助经济困难状况。
八、强化农民工住房和随迁子女教育保障。通过新建、改建、存量房源转化等途径建设筹集保障性租赁住房，开展返工季惠民租房服务活动，为农民工提供减免中介费、押金、租金等房源。持续推进义务教育优质均衡和城乡一体化发展，依据常住人口规模配置教育资源，加大“三城一区”等重点功能区域优质教育资源配置，保障农民工子女义务教育学位供给。深入推进“两为主、两纳入、以居住证为主要依据”的随迁子女入学政策，优化入学流程，推进一网通办，保障符合条件的随迁子女到公办校就读，将符合条件的随迁子女纳入本市中等职业教育、普惠性学前教育保障范围。
九、提升农民工服务质量和困难帮扶水平。适时修订完善北京市基本公共服务实施标准，推动城乡融合发展和基本公共服务一体化，着力提升基层服务能力。依托党群服务中心、社区服务站、工会驿站、妇女之家、青年汇、就业服务 站等载体以及农民工集中的企业、工业园区，就地就近为农民工提供公平可及的基本公共服务。利用“社区大课堂”“三新学院”“小哥课堂”等平台，开展进城农民工及随迁家属新市民培训和技能培训，促进农民工素质和技能双提升。加强农民工兜底帮扶和社会救助，将符合条件的农民工纳入社会救助范围，非京籍人员在本市辖区内出现因火灾交通等意外事件、突发重大疾病导致基本生活暂时遇到严重困难且无法获得支持和其他救助的，可以申请临时救助。鼓励引导社会组织等社会力量为农民工提供法律、健康等方面的公益服务。
十、加强农民工工作统筹领导。发挥市就业促进和劳动保护工作领导小组办公室统筹协调作用，强化部门联动，在政策协同、信息共享、资源整合等方面加强协同，形成工作合力。各区要强化主体责任，以推行为农民工办实事清单制度为抓手，按照职责分工，协力抓好农民工服务保障各项工作落地见效。充分运用全国农民工综合信息系统，加强就业失业状况调查和农民工动态监测，开展农民工统计监测调查和快速调研，分析农民工流向变化，为开展针对性服务提供支撑。
十一、营造关心关爱农民工良好氛围。加强党建引领，统筹推进农民工集中的重点领域和新兴行业党的组织和工作覆盖，将发展农民工党员作为年度发展党员计划的结构性要求，积极培养农民工入党积极分子，确保每年发展一定数量的农民工党员。推动农民工加入工会、共青团、妇联组织及服务体系。充分运用各类媒体和载体，加大农民工服务保障工作和农民工先进典型宣传力度，做好政策宣传解读、案例推广等工作。按要求对优秀农民工和在农民工工作中做出突出贡献的组织和个人给予表彰奖励，大力弘扬劳模精神、劳动精神、工匠精神。开展农民工安全生产教育、体检疗养、走访慰问等活动，营造关心关爱农民工的良好氛围。
（此件公开发布）",北京市人力资源和社会保障局_政务公开_通知文件,北京市,北京市人社局-政策文件,就业补贴,https://rsj.beijing.gov.cn/xxgk/2024qt/202505/t20250527_4098624.html,京人社农工字〔2025〕79号,3501,,2026-04-25 16:22:29,ok
关于公布2024年北京市技能大师工作室绩效考核结果的通知,2025-05-01,"京人社就促字〔
202
5
〕
68
号
各区人力资源社会保障局、财政局，北京经济技术开发区社会事业局、财政审计局，市属局（
总公司
）
、企业集团，各有关单位
：
根据《北京市人力资源和社会保障局
北京市财政局
关于印发
〈
北京市技能大师工作室建设管理办法
〉
的通知》
（京人社
能发
〔
2023〕
3
号）
、
《关于开展市级技能大师工作室绩效考核工作的通知》（京人社就促字〔
202
4
〕
123
号）要求，
现将
2024年北京市技能大师工作室
绩效考核结果予以公布。
请相关单位以此次绩效考核为契机，进一步提升技能大师工作室建设水平，充分发挥工作室在技术革新、传技带徒、技术交流等方面的作用，为促进本市高技能人才队伍建设作出更大贡献。
附件：
2024年北京市技能大师工作室绩效考核结果
北京市人力资源和社会保障局
北京市财政局
202
5
年
4
月
2
7
日",北京市人力资源和社会保障局_政务公开_通知文件,北京市,北京市人社局-政策文件,就业补贴,https://rsj.beijing.gov.cn/xxgk/2024qt/202505/t20250513_4087792.html,京人社就促字〔2025〕68号,391,,2026-04-25 16:22:32,ok
关于印发《“北京家政”技能品牌建设工作方案》的通知,2025-05-06,"京人社能字〔2025〕66号
各区人力资源社会保障局，北京经济技术开发区社会事业局、人力资源和社会保障服务中心，各相关单位：
现将《“北京家政”技能品牌建设工作方案》印发你们，请结合实际，认真抓好贯彻落实。
北京市人力资源和社会保障局
2025年4月27日
“北京家政”技能品牌建设工作方案
为贯彻落实中共中央、国务院《关于实施就业优先战略促进高质量充分就业》（中办发〔2024〕18号），人力资源社会保障部等七部委《关于加强家政服务职业化建设的意见》（人社部发〔2024〕49号），人力资源社会保障部、财政部《关于实施“技能照亮前程”培训行动的通知》（人社部发〔2025〕10号）等文件精神，适应首都城市功能定位和居民生活品质提升需要，进一步提高我市家政服务从业人员培养质量，现就建设“北京家政”技能品牌制定如下方案。
一、总体要求
以习近平新时代中国特色社会主义思想为指导，全面贯彻党的二十大和二十届二中、三中全会精神，全面落实市委十三届六次全会部署要求，着眼满足人民群众美好生活需要和支撑高质量发展，促进家政服务从业人员高质量充分就业，实施“北京家政”技能品牌建设。围绕我市家政服务市场需求，推行“岗位需求+技能培训+技能评价+就业服务”四位一体项目化培训模式，以构建专项职业能力标准体系为核心，打造培训评价北京样板，推动培训评价和就业协同联动，有效提升家政服务从业人员技能水平，为建设国际一流和谐宜居之都提供有力技能人才支撑。
到2027年底，开发“北京家政”专项职业能力考核项目10个以上，培训评价“北京家政”3万人次以上，培育一批立得住、传得开、叫得响的“北京家政”培训、考核机构，建设集培训信息、评价信息、岗位推荐信息、技能薪酬指引为一体的信息服务平台，形成专业化、规范化、品牌化的技能人才培养格局，畅通家政服务从业人员职业发展通道，打造具有影响力的“北京家政”技能品牌。
二、实施内容
（一）开发一套专项职业能力标准体系。结合我市家政服务市场细分领域技能需求，与龙头企业、职业院校、技工院校、行业协会等合作，开发母婴照护、幼儿照护、老年人照护、病人照护、家庭烹饪、家庭清洁、家电清洗等多个模块的专项职业能力考核标准，配套高质量培训教材和数字资源，构建系统化、规范化的从业人员培育体系。
（二）遴选一批专项职业能力培训机构。鼓励职业院校、技工院校、职业技能培训机构和家政企业、养老托育机构等使用专项职业能力培训教材等开展培训，选定一批采用专项职业能力培训标准、办学水平好、管理规范、社会服务能力强的培训机构入驻“北京家政”技能品牌，承担市场化、订单化培训工作，为用人单位和劳动者提供优质的培训服务。
（三）择优确定专项职业能力考核机构。鼓励职业院校、技工院校、行业协会、企事业单位等多元主体参与，提升专项职业能力考核评价工作的科学性和全面性。择优确定符合条件的专项职业能力考核机构，定期组织开展监督考核，确保考核评价工作的专业性、公正性和权威性。加强专项职业能力考核证书管理，推行电子证书。
（四）搭建专项职业能力信息服务平台。公布入驻“北京家政”技能品牌的培训机构和考核机构名单，发布培训班次和考核评价报名信息，支持劳动者网上自行查阅，按需报名参加。建立技能品牌数据库，依托我市公共服务平台精准匹配岗位信息、薪酬指引，实现培训、评价、就业等信息互联互通。
（五）开展专项职业能力项目化培训。将家政专项职业能力培训纳入我市项目化职业培训指导目录，支持职业院校、技工院校、实训基地、龙头企业、链主企业、劳务品牌企业开展专项职业能力培训。符合条件的我市农村转移就业劳动者、离校未就业高校毕业生、登记失业人员、就业困难人员等重点群体，可按规定申请就业技能提升补助。
（六）创新开展品牌宣传推广。充分发挥短视频、直播等新媒体平台传播优势，构建多方位的品牌宣传矩阵。深度挖掘技能品牌建设优秀案例，及时总结典型经验，通过发布技能标准、讲述案例故事等方式，集中展示品牌人物的专业素养和职业价值，提升从业人员的职业获得感和荣誉感，树立“北京家政”技能品牌优质形象。
（七）规范品牌管理使用。加强对“北京家政”技能品牌的维护管理，开展技能品牌宣传和价值开发。加大培训机构和考核机构监管力度，动态调整技能品牌目录清单。强化技能品牌使用、评估和反馈机制，持续提升品牌公信力和影响力。
（八）加强国内外合作交流。积极开展国内合作，与劳务协作省市共享专项职业能力标准，鼓励引导京内外培训资源前置培训。积极探索国际合作，引入国际先进的家政服务理念、培训课程和管理模式，完善专项职业能力培训与评价体系，推动专项职业能力考核国际互认。
三、保障措施
（一）加强组织实施。建设“北京家政”技能品牌是加强“老老人”“小小孩”服务保障，扩大家政服务从业人员有效供给的重要措施。各区人力资源社会保障部门要提高政治站位，结合辖区实际，推动开展专项职业能力培训评价工作，为技能品牌建设提供有力保障。
（二）强化支持保障。各区人力资源社会保障部门要加大技能品牌建设力度，按规定统筹使用各类资金，发挥好政府资金的杠杆作用，推动建立政府、企业、社会多元化投入机制，做好培训机构、考核机构培育和项目化培训等各项工作。
（三）加大宣传引导。各区人力资源社会保障部门要加大“北京家政”技能品牌宣传力度，注重收集实施过程中的典型经验和成功做法，不断提升技能品牌的知名度和影响力。建立长效反馈机制，持续优化服务品质，打造首都城市服务的金字招牌。
(此件公开发布）",北京市人力资源和社会保障局_政务公开_通知文件,北京市,北京市人社局-政策文件,就业补贴,https://rsj.beijing.gov.cn/xxgk/2024qt/202505/t20250506_4082064.html,京人社能字〔2025〕66号,2258,,2026-04-25 16:22:34,ok
关于组织经营性人力资源服务机构开展2025年度公共就业服务 资质认定有关工作的通知,2025-04-03,"各区人力资源和社会保障局，北京经济技术开发区社会事业局：
为贯彻落实《关于印发
<鼓励职业中介机构开展公共就业服务的职业介绍补贴试行办法>的通知》（京人社办发
〔
2009
〕
113号）等有关文件精神，现就经营性人力资源服务机构（以下简称“经营性机构”)开展
2025年度
公共就业服务资质认定的有关工作通知如下：
一、
机构
申请条件
（一）依法取得《人力资源服务许可证》，开展职业中介活动业务满三年及以上；
（二）开展人力资源服务业务
过程
中没有违法违规行为；
（三）连续三个自然年度内，年均成功推荐人数达到
500人
及
以上（以
20
22
-20
24
年度报告数据为准）；
（四）具备成为北京市人力资源市场管理信息系统网员单位的硬件设备及技术保障力量；
（五）能够公开向社会承诺自愿
免费
开展公共就业服务；
（六）依法完成
20
22
-
20
24
年度经营性机构年度报告。
二、申请时间
经营性机构可在
202
5
年
5月
7
日至
6月1
9
日
期间
自
行
申报。
三、申报材料
（一）
新申请
开展公共就业服务资质认定
的经营性机构
需
提交以下材料：
1.
《北京市经营性人力资源服务机构开展公共就业服务申请认定表》；
2.
20
22
-20
24年
连续三年
完税证明
；
3.
《北京市人力资源市场管理信息系统网员单位资格申报表
》；
4.
计算机及相关网络设备配置清单；
5
.网络系统维护工作人员学历或职业技能资质复印件。
（
二
）
申请延续
开展公共就业服务资质
的经营性机构
需
提交以下材料：
1.
《北京市经营性人力资源服务机构开展公共就业服务申请认定表》；
2.
20
24
年
完税证明。
四、申请方式
经营性机构可以登录市人力资源
社会保障局官网（
选择
“法人办事-
更多
-
人力资源服务机构管理
”进入）上传申报信息后，向
所在
区人力资源社会保障局（含北京经济技术开发区社会事业局）（以下简称
“区人力
资源社会保障部门
”）送交或邮寄书面材料。
五、认定程序
（一）受理申请
区人力
资源社会保障部门
应检查经营性机构提交的申报材料是否齐全，并且符合填报要求。对存在问题的申报材料，应当允许改正后重新申报。
（二）转送新申请网员单位申请材料
区人力资源社会保障部门受理部门负责将本通知第三条第一款
3-5条所列网员单位申请材料
转送区人力资源公共服务中心。
（
三
）
开展
公共就业服务资质审核认定
1.
区人力资源社会保障部门
负责审核经营性机构是否符合本通知第一条规定的申请条件，并按照《关于实施
<鼓励职业中介机构开展公共就业服务的职业介绍补贴试行办法>有关程序的通知》（京人社市场发
〔
2009
〕
197号）第二条的规定，对经营性机构进行实地检查，并将结果记入《核查报告》。
2.
区人力资源社会保障部门
应在
《北京市经营性人力资源服务机构开展公共就业服务申请认定表》签署初审意见，
于
202
5
年
7月
1
日前，将《核查报告》与其
他
材料一并报送市人力资源社会保障局
，
同时在
“北京市人力资源市场管理信息系统”上传申报信息。
3.市人力资源社会保障局根据上报材料和
区人力资源社会保障局
初审意见进行评审，对符合条件的经营性机构下发书面通知，并在市人力资源社会保障局官网予以公示。
（
四
）网员单位资格审核
市
职业介绍服务
中心负责
经营性机构
网员单位资
质审核
确认工作。
六、工作要求
（一）
区人力资源社会保障部门
要坚持择优认定的原则，对开展公共就业服务资质认定、公共就业服务情况、职业介绍补贴申请审核全程跟踪监督。
（二）
区人力资源社会保障部门
要对获得公共就业服务资质认定的经营性机构加强规范服务指导，引导其积极开展免费就业服务和参与公共就业服务专项活动，切实发挥扩大就业、稳定就业的作用。
附件：1.北京市经营性人力资源服务机构开展公共就业服务
资质
申请认定表
2.
北京市人力资源市场管理系统网员单位资格申
请
表
北京市人力资源和社会保障局
202
5
年
4
月
24
日",北京市人力资源和社会保障局_政务公开_通知文件,北京市,北京市人社局-政策文件,就业补贴,https://rsj.beijing.gov.cn/xxgk/2024qt/202504/t20250430_4078970.html,,1701,https://rsj.beijing.gov.cn/xxgk/2024qt/202504/W020250430405940358421.doc;https://rsj.beijing.gov.cn/xxgk/2024qt/202504/W020250430405940477702.doc,2026-04-25 16:22:36,ok
关于举办第八届“创业北京”创业创新大赛的通知,2025-04-02,"京人社就促字〔2025〕56号
各区人力资源社会保障局、北京经济技术开发区社会事业局：
为全面贯彻党的二十大
和二十届二中、三中全会精神
，
积极落实《人力资源社会保障部等
7部门关于健全创业支持体系提升创业质量的意见》（人社部发〔2025〕5号 ）相关要求，通过创业大赛激发创新创业活力，促进创业带动就业，为首都实现高质量充分就业提供有力支撑，
市人力资源社会保障局联合
市教委、市科委中关村管委会、市经济和信息化局、市农业农村局
、
市总工会、
团市委、市妇联、市残联
，
定于
202
5
年
4
月至
1
0
月举办第
八
届
“创业北京”创业创新大赛（以下简称：大赛）
。
现就有关事项通知如下：
一、加强组织领导
举办大赛是
促进创业带动就业
的一项重要举措，要通过大赛为创业项目搭建更优质的资源对接和交流学习平台，通过以赛促训、以赛促创，激发创新创业活力，更好发挥创业带动就业的倍增效应。各区要高度重视，将大赛纳入本区就业创业工作总体计划统筹部署，
结合本区产业导向和资源优势举办好区级选拔赛和特色赛
。各区工作机构名单、联系方式请于
4月
30
日前报市大赛组委会办公室。
二、统一步调规则
各区要按照大赛总体方案（见附件）和实施细则，结合本区实际制定区级大赛实施方案，细化工作计划和措施，确保赛事
各
环节有标准、有规则、有程序、有监督，做到比赛全程公平公正、规范有序实施。各区请于
4
月
3
0日前
将
区级大赛实施方案报市大赛组委会办公室备案，并请及时报送赛事进展和亮点情况。
三、统一组织报名
各区要积极联合本区有关部门和群团组织，按照大赛总体方案的要求，做好宣传动员、报名指导及各阶段工作，
特别要加强针对青年群体的宣传动员，
确保大赛顺利进行，积极打造
“创业北京”品牌。本届大赛采取网上报名的方式，各区要宣传引导参赛者通过
“
北京人社
”“好工作”和
“创业北京”创业创新大赛
微信公众号大赛报名入口进行
统一
报名
。
报名时间为
4
月中旬
,具体时间
以公众号通知为准
。报名期间市大赛组委会将定期向各区反馈选手报名进展情况。
四、加大宣传力度
大赛启动后，市大赛组委会将紧密围绕
“四个结合”，即：与培训、就业、产业和弘扬社会主义核心价值观相结合，广泛发动全媒体对大赛进行全方位、多角度宣传报道。各区要结合“创业北京 创
领时代
”主题和大赛进程广泛宣传动员，吸引符合条件的各类群体积极报名参赛。各区在大赛期间要开展以“创业北京”为品牌的创业沙龙、创业（云）讲堂、创业政策进企业等多种形式服务活动，加强与项目所在企业的联系，关注和支持参赛项目的发展。各区要充分利用短视频、微互动、H5网页等新媒体、新技术以及传统平面媒体对大赛进行融媒体宣传，打造立体式传播矩阵,讲好创业故事，树立创业典型，弘扬创业精神，提升大赛
参与度和
品牌影响力。
联系人：王烁、兰鑫
电
话：
84180821、84180722
邮
箱：
wangshuo@rsj.beijing.gov.cn
lanxin
@rsj.beijing.gov.cn
附件：第
八
届
“创业北京”创业创新大赛总体方案
北京市人力资源和社会保障局
202
5
年
4月14
日",北京市人力资源和社会保障局_政务公开_通知文件,北京市,北京市人社局-政策文件,就业补贴,https://rsj.beijing.gov.cn/xxgk/2024qt/202504/t20250425_4074209.html,京人社就促字〔2025〕56号,1337,https://rsj.beijing.gov.cn/xxgk/2024qt/202504/W020250425265719644570.pdf,2026-04-25 16:22:38,ok
关于开展2025年国家级和市级技能大师工作室申报工作的通知,2025-04-02,"各区人力资源和社会保障局、北京经济技术开发区社会事业局，
市属
企业集团，各有关单位：
为
深入落实人力资源社会保障部、财政部《关于实施
“技能照亮前程”培训行动的通知》（人社部发
〔
2025
〕
10
号
），进一步推进本市高技能人才队伍建设和职业技能培训工作，按照《
国家级高技能人才培训基地和技能大师工作室建设项目实施方案
》
（人社部发〔
2022〕62号）
《北京市技能大师工作室建设管理办法》（京人社能发〔
20
23
〕
3号），
现就
开展
本市
202
5
年
国家级和
市级
技能大师工作室
申报工作
有关事项
通知如下：
一、
申报
条件
重点从本市先进制造业、现代服务业、战略性新兴产业、传统优势产业和城市运行保障等重点领域中遴选。同时，具备以下条件：
（一）
市级
技能大师工作室
1.
技能大师条件。
长期在生产服务一线岗位工作，具有技师及以上国家职业资格或技能等级证书，在职在聘，距法定退休年龄
2年以上（含2年）。重点从我市“中华技能大奖”“全国技术能手”“享受国务院政府特殊津贴”“北京市有突出贡献的高技能人才”“享受北京市政府技师特殊津贴”，代表我市在世界技能大赛项目中获奖的“专家组长、教练组长、主教练”，“非物质遗产传承人”“老字号工匠”等符合条件的优秀高技能人才中产生。
2.
所在单位条件。
有符合条件的技能大师，拥有相关职业、岗位技能人才梯队；建立了较为完善的技能人才培养、评价、选拔、使用和激励制度；能为工作室提供稳定的资金支持以及包括场所、设备在内的必要工作条件；有明确的工作室管理制度、工作职责、目标任务。除领办人外，应为工作室配备一支由
3名以上正式员工组成的技术技能人才团队，成员可以是技能人才或专业技术人才。
3.其他条件。
已被区人力资源社会保障局或市属局（总公司）、企业集团认定为区（行业）级技能大师工作室，同等条件下，优先认定为市级工作室。同一技能大师只能领办一个市级工作室，同一单位相同职业（工种）只能建立一个市级工作室。在本市拥有多个分厂、分公司的单位，每个分厂、分公司相同职业（工种）只能建立一个市级工作室。
（
二
）
国家级
技能大师工作室
建设项目
1.技能大师条件。
一般应具有高级技师职业技能水平，技能拔尖、技艺精湛并具有较强创新创造能力和社会影响力，或具有绝技绝活并在积极挖掘和传承传统工艺上作出较大贡献
。
2.建设项目条件。
项目应具备固定的场所和必要的工作条件，定期开展培训、研修、攻关、交流等活动；建立有完善的管理制度、办法并规范运作；积极开展技术革新、技能攻关推广
、
企业新型学徒制
等任务
。
一般应为
成立
2年以上的市级技能大师工作室
。
二、申报程序
（一）
材料申报
（
4月
）
国家级和市级技能大师工作室由所在单位申报，
按照
属地或隶属关系向区人力资源社会保障
部门
或市属企业集团（以下
简称
“主管部门”
）提交申报表及相关说明材料。申报材料
以
A4格式装订
并
加盖
单位
公章
。
国家级技能大师工作室
申报材料
一式四份，市级技能大师工作室
申报材料
一式一份。
申报材料
详见附件
1、2
。
（二）审核推荐
（
5月
）
主管部门
按照申报条件择优
确定推荐对象，在本区或本系统内公示无异议后，
于
2025年5月31日前
登录市政府网站
“政策兑现
-项目申报
”频道（https://zhengce.beijing.gov.cn)
，在
“市人力资源社会保障局”项下选择“国家级技能大师工作室申报”和“市级技能大师工作室申报”，
提交申报表、相关说明材料、审核意见
及公示信息截图等材
料。
纸质材料报送至市就业促进中心职业技能培训处。
每个主管部门推荐
国家级技能大师工作室
不超过
1个、市级技能大师工作室不超过2个
。
（三）
遴选公布（
6-7月）
市人力资源社会保障局联合市财政局，组织专家对主管部门推荐的工作室进行材料审核、实地考察、专家评审和综合评议后，拟定工作室名单，经公示无异议后向社会公布。
公示期为
5个工作日。
三、支持措施
对市级技能大师工作室，按规定给予每个工作室
30万元一次性资助。列入国家级技能大师工作室推荐名单的，按程序报人力资源社会保障部，后续按照人力资源社会保障部有关规定给予支持。
四
、工作要求
各主管部门要高度重视技能大师工作室建设，将其作为畅通技能人才发展通道、健全终身职业技能培训体系的重要举措；要在本区或本系统内广泛宣传，积极组织相关单位开展申报；要遵循
公平、公正、公开原则
，严格审核把关、择优
确定推荐对象
；要大力宣传技能大师工作室及团队做出的重要贡献，营造劳动光荣、技能宝贵、创造伟大的良好氛围。
联
系
人：付
娜娜
联系电话：
68313544
邮政编码：
100053
附件：
1
.
国家级技能大师工作室
建设项目
申报材料
2.
市级技能大师工作室申报材料
北京市人力资源和社会保障局
202
5
年
4
月
14
日",北京市人力资源和社会保障局_政务公开_通知文件,北京市,北京市人社局-政策文件,就业补贴,https://rsj.beijing.gov.cn/xxgk/2024qt/202504/t20250421_4070169.html,京人社就促字〔2025〕57号,2061,https://rsj.beijing.gov.cn/xxgk/2024qt/202504/W020250421409114225052.pdf;https://rsj.beijing.gov.cn/xxgk/2024qt/202504/W020250421409114438953.pdf,2026-04-25 16:22:40,ok
关于开展2025年高技能人才研修培训工作的通知,2025-04-02,"京人社就促字
〔
2025
〕
59号
各区人力资源和社会保障局
、
北京经济技术开发区社会事业局，市属企业集团，各有关单位：
为
深入落实人力资源社会保障部、财政部《关于实施
“技能照亮前程”培训行动的通知》（人社部发
〔
2025
〕
10
号
），进一步推进本市高技能人才队伍建设和职业技能培训工作，按照
《北
京市高技能人才研修培训工作管理办法》
（京人社能发〔
2022〕6号
）
要求，
现就
开展
本市
202
5
年高技能人才研修
培训工作
有关事项
通知如下
：
一、研修
培训
方向
重点从本市
先进制造业、现代服务业、战略性新兴产业、传统优势产业和城市运行保障等重点领域
中，遴选急需解决技术难题、传统技术创新发展以及前沿理论等方面研修培训项目
。
二
、
承办单位
北京地区具有独立法人资格的企业、高等院校、科研院所、技师学院等具有职业培训条件和经验的单位
。
三
、研修
培训
对象
北京地区企事业单位生产服务一线岗位中
，
已取得与申报研修方向相关的
职业（工种）技师及以上国家职业资格证书或技能等级证书
的人员（对于本市重点培养的高精尖产业、新兴产业领域的技能人才，可适度放宽到高级工）。
研修对象应
连续在京缴纳城镇职工社会保险
12个月
及
以上
，且未参加过
本市
202
4
年高技能人才研修
培训
。
四、
申报
评审
承办单位
于
202
5
年
4
月
23
日前
登
陆登录市政府网站
“政策兑现
-项目申报
”频道（https://zhengce.beijing.gov.cn)，在“市人力资源社会保障局”项下选择“高技能人才研修项目申报”，提交《北京市高技能人才研修培训项目实施
方案
》（附件
1
）。
市就业促进中心
组织
专家，召开评审会，由承办
单位
负责人
进行
现场答辩
（
时间地点另行通知
），根据评审结果确定研修培训项目，并向社会公布
。
五
、
组织实施
（一）
项目开班
承办单位应聚焦研修培训主题，以解决实际问题为出发点，开设形式多样的研修课程，制定详细的研修计划，聘请高水平专家、高技能领军人才等进行授课。
承办单位应于开班前一周，将《北京市高技能人才研修培训计划》（附件
2）报市就业促进中心职业技能培训处备案。
（二）过程
管理
1.研修学时。
累计学时不少于
80学时（其中研讨、交流活动不少于16学时），
每学时不少于
40分钟，每天
按
8
学时计算。开班动员、结业仪式、辅导学员撰写工作总结不计入
研修学时
。
2.学员考勤。
一般情况下，每门
课程都要进行签到
。
同一门课程超过半天
的，
每半天签到一次
。
签到表应包含课程名称、教师学员
姓名
、时间地点等信息
。
考勤表主要用于记录学员出勤率。
3
.参观考察
和交流研讨
。
应有明确主题和任务
。
活动过程中，指导教师应围绕主题指导学员积极参与
。
承办
单位应做好活动全程记录和资料留存。
4.
线上教学
。
严格控制线上教学时长
。
确需采用线上教学的，
应
制定线上教学管理方案
，
保证教学质量和学习效果。选用线上学习平台应能够自动记录学员进入、离开教室时间，教师
和
学员应实名登录学习平台，学习期间全程打开摄像头。
（三）
结业总结
承办
单位应
按照
《
北京市
高技能人才研修培训项目考核参考标准
》
（附件
3）对
每名学员进行评分
，
并对
组织实施、过程管理、结业考核、研修
成果、
学员
及
用人单位
满意度
等进行总结
。
市就业促进中心将不定期对研修培训过程进行现场指导，并委托第三方审计机构进行跟踪审计。
六
、
资金申请
承办
单位应于
研修培训结束两
周
内
向市就业促进中心
职业技能培训处
提交
《
北京市高技能人才研修
培训
补助资金申请表
》（附件
4
），以及《北京市
高技能人才
研修
培训
结业登记备案
名册
》（附件
5
）、
研修
培训
成果总结
和全部
学员
个人
研修
培训
总结
。
市就业促进中心
结合第三方审计结果，
对申请材料
进行审核
，并组织开展结业考核工作
。
对
符合条件的人员
，按
每人
5000元标准给予
承办
单位资金补助
。
七
、工作要求
一是高度重视。
各区、各市属企业集团要高度
重视高技能人才研修培训工作，将其作为加强高技能人才队伍建设、健全终身职业技能培训体系的重要举措，在本区或本系统内
做好政策宣传解读
，积极组织相关单位开展申报。
二是强化管理。
各承办单位要严格按照项目方案和开班计划组织实施，不得随意调整变更
研修培训
主题、内容、对象、举办时间和地点，确需变更的应提前报市就业促进中心
职业技能培训处
备案
。
要加强
过程
管理，
确保研修培训质量，提升培训实用性和有效性
。
三是广泛宣传。
各承办单位要积极发掘研修培训过程中的特色亮点，注重影像材料留存，积极撰写相关宣传素材。
各区、各市属企业集团要充分运用多种渠道，广泛宣传高技能人才研修培训取得的积极成果，充分
营造关心技能、重视技能的良好氛围。
联
系
人：
聂昆
联系电话：
68318097
邮政编码：
100053
附件：
1.北京市高技能人才研修
培训
项目实施方案
2.北京市高技能人才研修项目
培训计划
3.
北京市
高技能人才研修培训项目考核参考标准
4.
北京市高技能人才研修
培训
补助资金申请表
5.北京市高技能人才研修培训结业登记备案名册
北京市人力资源和社会保障局
202
5
年
4
月
14
日",北京市人力资源和社会保障局_政务公开_通知文件,北京市,北京市人社局-政策文件,就业补贴,https://rsj.beijing.gov.cn/xxgk/2024qt/202504/t20250421_4070050.html,,2270,https://rsj.beijing.gov.cn/xxgk/2024qt/202504/W020250421382446997013.pdf;https://rsj.beijing.gov.cn/xxgk/2024qt/202504/W020250421382447125802.pdf;https://rsj.beijing.gov.cn/xxgk/2024qt/202504/W020250421382447266808.pdf;https://rsj.beijing.gov.cn/xxgk/2024qt/202504/W020250421382447426176.pdf;https://rsj.beijing.gov.cn/xxgk/2024qt/202504/W020250421382447631939.pdf,2026-04-25 16:22:43,ok
关于表扬2025年度北京市技工院校 市级“三好学生”的通知,2025-04-09,"京人社就促字〔2025〕51号
各技工院校：
为全面贯彻党的二十大和二十届三中全会及全国教育大会精神，落实立德树人根本任务，激励广大技工院校学生坚定中华民族伟大复兴信心，立报国强国志向，苦练专业技能，努力成长为德智体美劳全面发展的技能人才，根据《关于做好2025年度技工院校市级“三好学生”评选工作的通知》（京人社就促字〔2024〕143号），北京市人力资源和社会保障局组织开展了2025年度全市技工院校市级“三好学生”评选工作。经各院校初评、公示，市级复评、公示等程序，确定杨永琪等48名学生为2025年度北京市技工院校市级“三好学生”（名单见附件），特予表扬。
希望各位“三好学生”珍惜荣誉，再接再厉，继续发挥模范带头作用，不断拼搏进取，争取更好的成绩。各技工院校要积极宣传“三好学生”先进事迹，号召全体学生以“三好学生”为榜样，大力弘扬劳动精神、劳模精神和工匠精神，成长为社会主义现代化国家高素质的建设者和接班人。
附件：2025年度北京市技工院校市级“三好学生”名单
北京市人力资源和社会保障局
2025年4月7日",北京市人力资源和社会保障局_政务公开_通知文件,北京市,北京市人社局-政策文件,就业补贴,https://rsj.beijing.gov.cn/xxgk/2024qt/202504/t20250409_4060993.html,京人社就促字〔2025〕51号,461,https://rsj.beijing.gov.cn/xxgk/2024qt/202504/W020250409572668250790.pdf,2026-04-25 16:22:45,ok
关于开展第三届全国职业技能大赛北京市选拔集训工作的通知,2025-03-02,"京人社能字〔2025〕44号
各区人力资源社会保障局、北京经济技术开发区社会事业局、各有关单位：
为深入落实中共中央办公厅、国务院办公厅《关于加强新时代高技能人才队伍建设的意见》，促使更多高技能人才通过竞赛脱颖而出，按照《人力资源社会保障部关于举办中华人民共和国第三届职业技能大赛的通知》（人社部函〔2025〕16号）要求，市人力资源社会保障局将组织开展第三届全国职业技能大赛北京市选拔集训工作，现将有关事项通知如下：
一、工作目标
以习近平新时代中国特色社会主义思想为指导，深入学习贯彻党的二十大和二十届二中、三中全会精神，全面贯彻落实习近平总书记关于技能人才工作重要指示批示精神，对接世界技能大赛、全国技能大赛，充分吸收先进的办赛理念和模式，健全本市职业技能竞赛体系，着力提高本市职业技能竞赛的规范化、科学化、专业化水平，弘扬劳模精神、劳动精神、工匠精神，引领首都广大劳动者走技能成才、技能报国之路。
二、组织机构
成立北京市选拔集训工作小组，组长由市人力资源社会保障局主管局长担任，成员由市人力资源社会保障局职业能力建设处、市职业技能鉴定管理中心、市人力资源社会保障局宣传中心负责同志组成。职业能力建设处负责赛事的统筹协调，督进赛事各阶段重点工作，协调相关部门落实荣誉及奖励政策。市职业技能鉴定管理中心负责选拔集训的具体落实、牵头单位遴选、技术标准、选拔集训监督指导、争议仲裁等工作。宣传中心负责按照赛事相关要求，围绕重点赛项，充分发挥局属媒体主阵地作用，利用两报和“北京人社”“技能北京”政务新媒体等宣传平台，积极开展相关宣传工作。
三、工作安排
（一）竞赛项目
选拔赛分为世赛选拔项目和国赛精选项目，共96个（见附件），其中世赛选拔项目56个，国赛精选项目40个。
2024年北京市第六届职业技能大赛已选拔完成的27个赛项不再另行选拔。
（二）选拔条件和报名方式
凡16周岁以上（2009年1月1日前出生）、法定退休年龄以内的中国大陆公民均可报名参赛，选手报名时应在北京学习或工作至少满一年。其中，世赛选拔项目选手应为2004年1月1日以后出生（飞机维修、信息网络布线、制造团队挑战赛、机电一体化、网络安全、水处理技术、云计算、光电技术、工业4.0、工业设计技术、机器人系统集成、增材制造、数字建造等项目选手为2001年1月1日后出生）。世赛选拔项目只限定选手年龄，不限定身份。国赛精选项目选手应为相应职业从业人员。牵头单位名单及报名方式由市职业技能鉴定管理中心另行发布。
（三）选拔方式和技术要求
选拔赛采取分散办赛的方式举办，由各赛项牵头单位负责具体选拔工作。技能类竞赛项目参照世界技能大赛项目技术文件、国家职业标准（二级/技师及以上）或行业企业评价规范相应等级，组织制定技术规则和技术文件；专业技术类竞赛项目（人工智能工程技术、智能制造工程技术、工业互联网工程技术、集成电路工程技术等4个竞赛项目）参照国家职业标准（中级及以上）。牵头单位组织专家，结合世赛、国赛标准和相关技术文件并参照国家职业技能标准、行业企业评价规范，组织制定技术文件，命制比赛试题，确定评判标准。
（四）集训工作
集训工作在市职业技能鉴定管理中心指导下，由各赛项牵头单位组织实施。牵头单位结合大赛相关技术文件和国家职业技能标准，制定集训方案，方案包括训练目标、形式、时间、内容及阶段考核等；组建由技术指导专家和教练组成的专家组，对参赛选手进行训练；牵头单位负责落实集训场地、设备、材料、人员等工作，做好技术、安全和后勤保障。
2024年北京市第六届职业技能大赛已选拔完成的27个赛项，符合条件的前三名选手直接进入北京集训队。牵头单位根据选拔集训情况确定1名（队）正选选手、2名（队）备选选手，并于6月17日前将正备选选手名单报送至市职业技能鉴定管理中心。
四、时间安排
（一）4月10日前，完成各赛项牵头单位遴选工作。
（二）4月30日前，完成参赛人员的报名工作。
（三）6月15日前，完成参赛选手的选拔工作。
（四）9月10日前，完成参赛选手的集训工作。
五、奖励政策
按照《关于进一步做好北京市职业技能竞赛选手核发职业技能等级证书工作的通知》（京职技鉴发〔2023〕1号），对符合规定的选手核发职业技能等级证书。
六、工作要求
（一）加强组织领导。各单位要高度重视、精心组织，广泛动员符合条件的人员报名参赛。各单位要按照市里的统一部署，积极做好选拔集训各个环节的工作。各牵头单位要充分发挥专业优势，科学规范的组织制定选拔集训工作方案，有序推进工作方案的落实，高质量完成选拔集训工作。
（二）确保公平公正。各单位要按照公开、公平、公正的原则开展选拔集训工作。各牵头单位要按照技术标准，组织制定技术文件、比赛试题和评判标准；严格遴选技术指导专家和教练团队，做好执裁工作；加强赛事各环节的安全管理和监督检查，提高竞赛的专业化、规范化水平。
（三）营造良好氛围。各单位要充分利用传统媒体和新媒体，广泛宣传技能竞赛和技能人才队伍建设的政策措施，不断拓展宣传渠道，持续加大宣传力度。要深度挖掘竞赛选手努力拼搏、技能成才的故事和案例，带动劳动者广泛参与岗位练兵、技术比武，营造崇尚技能、尊重技能人才的良好氛围。
七、联系方式
（一）市职业技能鉴定管理中心
联系人：邵鹏、邓宇鸣、李明月
联系电话：64981002
（二）职业能力建设处
联系人：鲍嘉 车运龙
联系电话：55585175 55585177
附件：北京市选拔赛项目
北京市人力资源社会保障局
2025年3月27日
（此件公开发布）
北京市选拔赛项目
（共96项）
一、世赛选拔项目（共56项）
飞机维修、*车身修理、*汽车技术、*汽车喷漆、重型车辆维修、物流与货运代理、无人机系统、砌筑、家具制作、*电气装置、精细木工、园艺、管道与制暖、*制冷与空调、数字建造、智慧安防技术、*数控铣、*数控车、*电子技术、工业控制、工业机械、制造团队挑战赛、CAD机械设计、*机电一体化、自主移动机器人、水处理技术、化学实验室技术、增材制造、工业设计技术、工业4.0、光电技术、可再生能源、机器人系统集成、信息网络布线、网络系统管理、网站技术、云计算、*网络安全、移动应用开发、软件测试、*时装技术、花艺、*平面设计技术、*珠宝加工、商品展示技术、3D数字游戏艺术、数字交互媒体设计、烘焙、美容、糖艺/西点制作、烹饪（西餐）、美发、健康和社会照护、餐厅服务、酒店接待、零售
二、国赛精选项目（共40项）
信息通信网络运行管理、软件测试、劳动关系协调师、污水处理、*社会体育指导（健身）、服装制版、化工总控、*药物制剂、*装配钳工、仪器仪表制造、盾构技术、设备点检、*电工、鸿蒙应用开发、智能汽车软件开发、光电信息技术、*互联网营销、无人机驾驶（植保）、漆艺制作、区块链技术、服务机器人应用技术、*数字孪生应用技术、智能网联汽车装调运维、*全媒体运营、智能硬件装调、*物联网安装调试、工业机器人系统运维、*工业视觉系统运维、*工业机器人系统操作、人工智能工程技术、智能制造工程技术、*工业互联网工程技术、集成电路工程技术、中式烹调（羊肉烘烤）、农产品食品检验、农机智能化技术、育婴、*养老护理、*餐厅服务、*中式面点
注：带“*”的赛项已选拔完成，不再另行选拔。符合条件的前三名选手直接入选北京集训队。",北京市人力资源和社会保障局_政务公开_通知文件,北京市,北京市人社局-政策文件,就业补贴,https://rsj.beijing.gov.cn/xxgk/2024qt/202503/t20250328_4047324.html,京人社能字〔2025〕44号,3013,,2026-04-25 16:22:47,ok
关于印发《扩大家政服务人员有效供给三年行动方案（2025-2027年）》的通知,2025-03-02,"京人社农工字〔2025〕43号
各区人力资源和社会保障局、北京经济技术开发区社会事业局：
按照人力资源社会保障部和本市关于做好家政服务有关工作要求，我局制定了《扩大家政服务人员有效供给三年行动方案（2025-2027年）》。现印发给你们，请按照要求认真抓好贯彻落实。
北京市人力资源和社会保障局
2025年3月17日
扩大家政服务人员有效供给三年行动方案（2025-2027年）
为贯彻落实人力资源社会保障部关于鼓励引导更多劳动者到家政服务领域就业创业的部署和本市关于推动家政服务消费高质量发展的要求，进一步扩大家政服务人员有效供给，特制定本行动方案。
一、总体目标
坚持“政府引导、品牌示范、市场运作”的原则，以建立家政企业联系制度为依托，发挥国家公共就业服务区域中心辐射作用，通过畅通家政劳务输转渠道、健全家政服务培训机制和支持家政企业品牌化发展等举措，实施扩大家政服务人员有效供给三年行动，力争到2027年，培育30家左右家政劳务品牌，打造3万名专业技能好、服务品质高、群众认可的家政服务人员队伍，引导和带动家政市场规范健康发展，让家政行业成为就业蓄水池，更好满足市民高品质养老托幼需求。
二、具体任务和工作措施
（一）畅通家政劳务输转渠道
1.建立家政企业联系制度。面向社会责任强、发挥作用好的家政企业，采取区级推荐、市级归集的方式，建立本市家政企业联系名单，联系企业将作为组织家政服务供需情况摸排、开展各项工作的基础和依托。各区按照全市统一安排，结合实际，每年至少开展一次家政服务供需情况集中摸排。2025年全市联系企业达到100家，此后根据实际持续增加、动态调整。
2.健全家政劳务协作体系。各区在现有家政劳务协作关系的基础上，对接家政劳务输出地，明确具体协作内容、对接数量、输转方式等任务，将协作地向县市一级延伸。逐步扩大市、区家政劳务协作范围，绘制本市家政劳务输入地图，力争到2027年建立起政府、行业组织、企业等多元化的家政劳务协作体系，形成稳定的家政劳务输入渠道。
3.精准开展家政劳务对接。依托联系企业，市区适时组织用工需求摸查，形成“岗位需求清单”，及时推送协作地，通过公共就业服务平台等渠道发布。积极协调协作地，适时归集当地家政机构培训人员、求职人员等信息，形成“人员供给清单”，匹配联系企业需求。加强跟踪服务，开展精准对接，确保劳务对接活动成效。市级每年组织家政劳务对接活动不少于4次，各区每年组织家政劳务对接活动不少于2次，全市每年对接引导1万名家政服务人员来京就业。
（二）健全家政服务培训机制
4.开展家政服务专项职业能力考核。开发家政服务职业技能培训课程和评价标准，依托专项职业能力考核机构的培训师资、场地等资源，在全市范围内组织家政服务专项职业能力培训评价。对考核合格者，由市级职业技能鉴定管理机构颁发相应专项职业能力证书。2025年推动实现培训评价1万人次，此后结合实际逐步扩大范围。
5.引导京内外培训资源前置培训。引导本市家政品牌与外埠知名家政劳务品牌和机构合作，共享培训标准和培训资源，通过开展师资培训、标准宣贯、岗前培训、建立培训基地等工作，对接一批符合职业技能标准的家政服务人员来京直接上岗。2025年开展试点，2026年逐步推广。
（三）支持家政企业品牌化发展
6.培育本市家政品牌。依托联系企业和优质培训机构，开展家政劳务品牌和技能品牌培育活动。研究制定本市家政劳务品牌认定办法，2025年全市培育30家左右家政劳务品牌，此后根据实际动态调整。培育家政技能品牌，加强优质培训评价资源供给，培养高素质、专业化家政技能人才。
7.发挥品牌带动作用。组织家政品牌企业参与供需对接、专场招聘等活动，推动发挥作用好的家政品牌企业作为输转基地，承接家政服务人员来京接收工作。会同协作地搭建对接平台，鼓励家政品牌企业在协作地建立培训基地、劳务工作站等机构，拓宽家政服务人员来京渠道。支持家政品牌企业参与家政服务专项职业能力考核工作。2025年推动10家以上本市家政企业作为“河北福嫂”来京就业输入基地。
8.组织品牌宣传推介。全市每两年联合协作地集中开展一次家政品牌宣传交流活动，宣传展示品牌，组织经验交流，引导企业间签订合作协议，开展深度对接，持续提升品牌含金量和知名度，并逐步融合培训、竞赛、展示等内容，打造区域家政劳务品牌协作典范。
（四）发挥平台企业吸纳就业作用
9.适度扩大网约家政用工规模。鼓励网约家政等平台企业拓展家政服务业务，积极参与劳务对接活动，在京外建立培训基地、劳务基地，加大家政服务人员供给。鼓励家政企业通过互联网、移动终端等平台，展示人员信息，发布用工需求，推动供需匹配。发挥网络平台灵活、便捷、信息对称等优势，畅通劳动者灵活就业渠道，满足市民灵活雇工需求，引导更多劳动者在家政服务领域就业创业。
10.提升网约家政职业技能水平。支持网约家政等平台企业参与家政服务职业技能培训课程开发、评价标准制定和认定。鼓励网约家政等平台企业开展家政服务职业技能培训，引导网约家政服务人员参与专项能力考核，逐步提升持证比例。依托网约家政等平台企业开发新岗位，探索通过示范性培训、专业化职业指导等方式，鼓励劳动者从事整理收纳、儿童陪伴、家庭烹饪等新兴职业。
（五）强化家政服务支持保障
11.强化就业服务支持。在“智慧人社”一体化平台设立家政服务专区，发挥家门口就业服务体系作用，为劳动者提供职业指导、岗位推荐等就业服务。引导家政企业结合行业用工特点，通过稳岗留工、调节用工等方式，稳定家政市场人员供给。支持符合条件的家政企业按规定申请创业担保贷款。
12.维护家政服务人员合法权益。全市集中组织家政服务人员薪酬调查，定期向社会发布。开展清理人力资源市场秩序专项行动，依法查处人力资源服务机构发布虚假招聘信息、含有歧视性内容就业信息等，营造良好人力资源市场环境。加强仲裁办案指导，推行“案前调解+速裁”办案模式，发挥调解组织作用，及时妥善处理争议案件。
三、工作要求
（一）加强组织领导。要高度重视，把扩大家政服务人员有效供给工作作为做好“四个服务”、解决“老老人”“小小孩”问题、满足市民需求的重要举措，按照职责分工，抓紧抓实抓好。要组建工作专班，定期会商调度，研究解决重点难点问题，推动工作落实。要进一步细化年度任务、工作措施和时间安排，确保各项任务落到实处、取得实效。
（二）强化协作联动。要建立常态化协调机制，加强与协作地的沟通联系，及时通报和沟通供需信息和工作情况，适时组织岗位推送、专场招聘、技能培训、品牌宣介等活动，提升劳务对接的针对性和有效性。加强与商务、发改、民政、妇联等部门的沟通协作，在政策协同、信息共享、资源整合等方面加强协同联动，凝聚工作合力。
（三）加强宣传引导。要充分运用各类媒体和载体，加大家政劳务品牌、先进经验做法、典型案例和优秀家政服务人员的宣传力度，营造良好社会氛围。
（此件公开发布）",北京市人力资源和社会保障局_政务公开_通知文件,北京市,北京市人社局-政策文件,就业补贴,https://rsj.beijing.gov.cn/xxgk/2024qt/202503/t20250326_4044870.html,京人社农工字〔2025〕43号,2837,,2026-04-25 16:22:50,ok
关于开展“京聚英才 职创未来——2025年北京地区毕业生就业服务月活动”的通知,2025-03-02,"京人社就促字〔2025〕42号
各区人力资源和社会保障局、北京经济技术开发区人力资源和社会保障服务中心，各区教委、经济和信息化局、国资委、工商联，北京地区各高校：
为全面贯彻党中央、国务院和市委、市政府关于推动高质量充分就业的决策部署，促进高校毕业生等青年群体高质量充分就业，市人力资源社会保障局、市教委、市经济和信息化局、市国资委、市工商联定于近期在全市范围内开展“京聚英才 职创未来——2025年北京地区毕业生就业服务月活动”（以下简称“服务月活动”）。现将有关事项通知如下：
一、活动名称
京聚英才 职创未来——2025年北京地区毕业生就业服务月活动。
二、活动时间
2025年3月—5月。
三、服务对象
2025届北京地区高校毕业生、往届离校未就业高校毕业生及16-24岁登记失业青年。
四、活动内容
（一）发挥就业创业政策引领作用
1.开展就业创业政策宣传。各部门要充分利用官网官微等各种渠道，灵活运用问答、图解、视频、动漫等青年学生喜闻乐见的形式，深入开展一次性扩岗补助、一次性求职补贴、一次性创业补贴、灵活就业社会保险补贴、创业担保贷款等就业创业政策宣传，提高知晓度和可及性。活动中，各区至少开展1次就业创业政策集中宣传，将政策清单、补贴标准、申领流程、受理机构等向毕业生和用人单位广而告之，推动政策落实落地。
2.加强就业实习见习岗位募集。按照“多元募集、量质并重”的原则，重点面向国有企业、事业单位、科技成长型企业、头部电商平台、城乡社区组织开发适合高校毕业生的实习见习岗位，各区拟募集的见习岗位数和组织见习人员数要比去年只增不减，并按规定给予就业见习补贴。要广泛动员辖区内离校未就业毕业生等青年登录“北京毕业生就业创业服务平台”申请参加就业见习，帮助其积累工作经验，及早实现就业。
（二）多渠道开发就业岗位
3.加大岗位开发力度。充分发挥市、区两级人社部门和人力资源服务机构作用，拓宽市场化社会化岗位征集渠道，依托“北京毕业生就业创业服务平台”归集发布高校毕业生就业岗位数不少于10万个。各级人社、教育、国资等部门要持续强化信息共享，丰富各类招聘平台岗位信息。
4.培育开发高质量岗位。经信部门要聚焦新一代信息技术、科技服务、医药健康、智能制造、新能源汽车等千亿级、万亿级产业集群，综合施策支持产业、企业发展，创造更多优质就业岗位。国资部门要指导市管企业积极发挥吸纳高校毕业生就业引领作用，深挖岗位潜力，加大稳岗拓岗力度。工商联要鼓励非公经济企业积极开发岗位，加大对高校毕业生的招聘力度。各单位要明确人才需求具体要求，为高校优化人才培养方案提供支撑。
5.释放创业带动就业效应。各级人社、教育部门要鼓励高校毕业生等青年群体积极参加“创业北京”“京彩大创”创业创新大赛，促进交流学习，以创业带动就业。要深入挖掘创业企业吸纳就业潜能，对创业大赛获奖项目、孵化基地的入孵企业等发展前景好的创业企业，开辟创业企业招聘专区，广泛征集就业岗位并提供发布渠道，在开发岗位的同时服务创业企业。
（三）积极搭建供需对接平台
6.市区联动聚合力。市级重点组织引领性、示范性、综合性招聘活动，3月下旬将举办服务月首场活动，发布一批毕业生岗位和各区服务月活动工作计划。各区、街要利用属地资源优势，组织开展好校园招聘、社区招聘、人社局长进校园等活动，提供更多对接服务。
7.区域协作促对接。服务京津冀协同发展、粤港澳大湾区建设、东北全面振兴等国家区域发展战略,举办“职引未来—2025年全国城市巡回招聘北京站”活动，赴外省市参加全国城市联合招聘高校毕业生春季专场活动，联合津、冀、粤、辽等招才引智，为在京学生提供跨区域就业岗位，吸引外埠优秀毕业生来京就业。
8.线上招聘不断线。加密线上招聘频次，充分利用市场优质资源，依托“北京毕业生就业创业服务平台”“北京高校大学生就业创业信息网”“北京高校毕业生就业平台及资源管理系统”“就业在北京”服务平台，“好工作”“就业在北京”“京企直聘”“北京中小企业服务平台”“北京工商联”微信公众号以及各区和各高校网站、直播平台等，发布岗位信息，举办专业化、小型化、特色化线上专场招聘，为高校毕业生求职创造更多机会。
（四）强化就业创业指导服务
9.提升就业能力。配齐建强院校就业指导教师队伍，建立完善全员全学涯全覆盖就业教育与服务体系，帮助毕业生提高就业能力。持续擦亮“职业指导直通车”品牌，整合专家服务资源，精准提供生涯规划、政策解读、职业指导、技能培训、反诈防诈等就业创业指导服务。继续开展“成功就业”微信公众号云课堂就业创业指导系列公益讲座。收集挖掘优秀毕业生成长成才事例，充分发挥典型引领示范作用，引导全体学生树立正确的成才观、职业观和就业观。
10.深化“驻校”服务。人社、教育部门加强协作，以高校就业创业指导服务站为依托，集成就业创业指导、政策宣传解读、就业岗位推介、职业技能培训等就业服务送进校园，打通服务的“最后一公里”。提前介入指导大二、大三等在校生职业生涯规划，增加对所学专业适配职业的感知和体验。总结服务站试点情况，推广工作经验，适时扩大规模，不断提升毕业生求职能力。
11.推进数智服务。创新数字化服务模式，推进AI技术在就业服务领域的应用，结合大学生需求特点和关注重点，推动实现就业指导、政策解读、岗位推介等就业服务精准推送、按需推送，为毕业生提供精准化、个性化就业指导服务。
（五）创新就业监测评价体系
12.加强监测分析研判。各院校要准确把握就业监测指标，严格审核毕业生就业材料和去向信息，规范做好毕业生去向登记，确保数据真实准确。各区要加强就业形势研判，开展高校毕业生就业形势滚动调查，及时掌握就业市场岗位需求和毕业生求职意愿，夯实精细化服务基础。
五、工作要求
（六）压实工作责任。各部门要提高政治站位，充分认识做好高校毕业生等青年就业工作的重要意义，将开展就业服务月活动作为贯彻落实《中共中央、国务院关于实施就业优先战略促进高质量充分就业的意见》（中发〔2024〕18号）的重要抓手，加强部门沟通协作，充分调动各方力量参与，拓宽高校毕业生等青年市场化社会化就业渠道。
（七）强化安全保障。严格按照“谁主办、谁负责”的原则，合理控制招聘活动规模，确保线下活动安全有序。对已确定开展的活动，不得擅自变更或取消。要加大信息审核和保护力度，确认用人单位资质和招聘信息真实有效，保护求职人员个人信息。依法查处黑中介、虚假招聘等违法违规行为，坚决防止和纠正性别、年龄等就业歧视和不合理限制。
（八）加强跟踪调度。各区要在3月25日前登录“北京市人力资源市场—北京毕业生就业数据管理平台—活动开展情况维护”，填报服务月活动期间工作计划（包括线下招聘会、职业指导等），由市就业促进中心统一向社会发布活动安排。活动期间，各区、部门应统一设置“京聚英才 职创未来——2025年北京地区毕业生就业服务月活动××分会场”活动标识。每场活动结束后及时在“北京毕业生就业数据管理平台—活动开展情况维护”填报活动数据。服务月活动全部结束后，认真总结活动效果、创新举措、亮点做法和典型案例，于6月6日前将总结材料（包括活动图片、视频等）报送至市就业促进中心。各区要严格按照时间节点报送服务月活动情况，工作开展情况将纳入年度评价。
北京市人力资源和社会保障局
北京市教育委员会
北京市经济和信息化局
北京市人民政府国有资产监督管理委员会
北京市工商业联合会
（此件公开发布）",北京市人力资源和社会保障局_政务公开_通知文件,北京市,北京市人社局-政策文件,就业补贴,https://rsj.beijing.gov.cn/xxgk/2024qt/202503/t20250325_4043886.html,京人社就促字〔2025〕42号,3053,,2026-04-25 16:22:52,ok
关于开展北京市首批“产教评”技能生态链链主单位申报工作的通知,2025-02-02,"京人社能字〔2025〕34号
各区人力资源社会保障局、教委、经济和信息化主管部门、国资委、总工会，北京经济技术开发区人力资源和社会保障服务中心，各相关单位：
为贯彻落实《人力资源社会保障部等8部门关于推动技能强企工作的指导意见》（人社部发〔2025〕3号）精神,推动实施“技能北京”建设行动，为发展首都新质生产力提供高素质技能人才支撑，根据市人力资源社会保障局、市教委、市经济和信息化局、市国资委、市总工会联合印发的《北京市“产教评”技能生态链建设试点工作方案》（京人社能发〔2024〕14号）相关要求，现就开展北京市首批“产教评”技能生态链链主单位申报工作通知如下：
一、申报范围
重点面向新一代信息技术、人工智能、集成电路、医药健康、新能源智能汽车、智能装备等重点产业企业，人形机器人、商业航天、生物制造、新材料、未来能源等未来产业企业，以及家政、养老、康养、餐饮等社会领域和工艺美术、文化创意、园林绿化、会展、物流等现代服务类龙头企业。对紧密服务国家和本市重大战略，有效带动技能人才就业，履行社会责任突出的企业、院校机构（包括高等院校、职业院校、技工院校等）予以优先支持。
二、申报条件
（一）链主单位运行状况良好，社会信誉度高，无违法、违纪、失信等不良行为记录。
（二）链主单位为市场主体的，一般应在同行业中具有较高知名度或较好成长性；内部职业技能培训制度健全，技能人才职业发展通道畅通，并按规定足额提取使用职工教育经费。
（三）链主单位为院校机构的，应具有链接市场主体能力和人才培养资源优势，具备较高的办学水平、规范的管理制度和较强的社会服务能力。
（四）对建有技能人才培训基地、产教融合实训基地、技能大师工作室，或已开展企业新型学徒制培训、高技能人才研修培训、职业技能等级认定、职业技能竞赛等工作成效显著的企业，予以优先支持。
（五）对积极配合区域经济发展战略部署，对属地产业发展与经济建设有积极贡献，亟需技能人才支撑、能有效带动属地就业，且积极参与技能生态链建设的企业，予以优先支持。
三、申报程序
（一）单位申报（2025年2月-4月）：符合条件的单位（包括市属企业、央企在京分支机构、区属企业等，以及院校机构）按要求填报《北京市“产教评”技能生态链建设申报书》（附件1），并提供相关佐证材料，于4月30日前报送至社保缴纳所在区人力资源社会保障部门。
（二）区级推荐（2025年5月）：各区人力资源社会保障部门可联合辖区教育部门、经济和信息化主管部门、国有资产监管部门、总工会，对相关单位提交的申报材料进行审核。同意推荐的，按要求形成《北京市“产教评”技能生态链建设推荐书》（附件2），并于5月23日前将申报书等材料、推荐书（盖章纸质件和扫描件各一份）报送至市就业促进中心。
（三）遴选公布（2025年6月）：市人力资源社会保障部门将紧紧围绕本市重点产业发展需求，综合各区产业发展优势、重大项目布局、技能人才培养状况等因素，择优遴选技能生态链链主单位，并按程序面向社会公示、公布。
四、材料报送要求
（一）材料要求。申报单位要对照申报书认真填写基本信息，确保信息完整、准确；围绕规模实力、创新能力、资源配置能力、市场引领能力、人才培养能力等五方面阐述自身优势与特色，并提出技能生态链培育建设计划（包括但不限于开展职工培训、学徒培养、人才评价、标准开发、资源开发、技能竞赛、项目建设、评选表彰活动等，以及提供技能岗位促就业等内容）；还应按要求阐述技能生态链建设预期成效和保障措施，并对应提供相关佐证材料。
（二）报送要求。各申报单位、各区人力资源社会保障部门要严格按照时间要求报送材料。在材料报送工作中如有问题，请及时沟通联系。
（略）
附件：1.北京市“产教评”技能生态链建设申报书
2.北京市“产教评”技能生态链建设推荐书
北京市人力资源社会保障局
2025年2月24日
（此件公开发布）",北京市人力资源和社会保障局_政务公开_通知文件,北京市,北京市人社局-政策文件,就业补贴,https://rsj.beijing.gov.cn/xxgk/2024qt/202503/t20250325_4043787.html,京人社能字〔2025〕34号,1603,https://rsj.beijing.gov.cn/xxgk/2024qt/202503/W020250325485571789180.doc;https://rsj.beijing.gov.cn/xxgk/2024qt/202503/W020250325485571913939.doc,2026-04-25 16:22:54,ok
关于开展2025年春风行动的通知,2025-02-01,"京人社职介字〔2025〕12号
各区人力资源社会保障局、经开区人力社保中心，各区交通局、农业农村局、总工会、团区委、妇联：
为深入贯彻落实党的二十大和二十届二中、三中全会精神，全面贯彻习近平总书记在中央政治局第十四次集体学习时重要讲话精神和中央经济工作会议、中央农村工作会议决策部署，扎实推动市委、市政府2025年总体工作要求落实，做好春节前后劳动者换岗流动高峰期和企业开工复产关键期就业服务工作，全力促就业、保民生、助发展，根据《人力资源社会保障部等8部门关于开展2025年春风行动的通知》（人社部函〔2025〕5号）要求，结合本市实际，市人力资源社会保障局、市交通委、市农业农村局、市总工会、团市委、市妇联定于2025年春节前后在全市范围内开展春风行动专项服务活动。现就有关事项通知如下：
一、活动主题
春风送岗促就业 精准服务暖民心
二、活动时间
2025年1月中旬至3月中旬
三、服务对象
（一）有就业创业意愿的农村劳动者，特别是农村未就业高校毕业生、失业青年、返乡返岗农民工等来京务工人员及对口帮扶地区脱贫人口（含防止返贫监测对象）等，同时兼顾其他各类有就业创业意愿的劳动者。
（二）有用工需求的用人单位，特别是重点领域、重点行业、
春节期间有连续生产用工需求企业及城乡基层和中小微企业等。
四、活动目标
（一）服务范围广覆盖。使劳动者了解就业扶持政策、培训政策、服务措施等内容及享受渠道，有需要的都能享受到就业创业服务，符合条件的都能享受就业创业扶持政策，就业政策和服务更加可感可知、可及可享。
（二）就业帮扶见成效。促进一批农村劳动者实现转移就业和参加技能培训，服务对象的获得感、幸福感、安全感进一步提升。服务一批企业满足用工需求，企业开工复产得到有力支撑。
（三）市场热度有提升。推动社会各界积极参与活动，稳定劳动者和市场主体预期，激发社会就业创业活力，提振消费信心和能力，助力经济持续回升向好的就业底色更足。
五、活动内容
（一）集中开展走访调研。开展“就业访民情”，各区人力资源社会保障部门要持续全面开展辖区内登记失业人员摸排走访工作，精准锁定重点帮扶对象，深入了解其就业失业状况、工资收入情况、就业创业意愿、政策服务需求，帮助解决就业困难问题。开展“访企问需”，深入辖区用工需求较多的重点企业，动态掌握其春节前后开工复工情况、用工需求，动态调整重点企业清单，完善联系对接机制，对招工意愿迫切、用工需求较多的重点企业给予定向服务。
（二）大力归集就业岗位。面向农民工就业集中领域，归集一批建筑、维修、家政、物流等传统就业岗位。聚焦提振扩大服务消费，挖掘一批餐饮住宿、文旅体育、养老托育等服务类需求岗位。瞄准高新技术、先进制造等新兴领域，结合农村未就业高校毕业生、失业青年等劳动者特点拓展一批技能匹配类岗位。针对平台企业等新业态企业节假日用工需求，汇集一批零工等灵活就业岗位。结合统筹推进新型城镇化和乡村全面振兴，梳理一批城乡社区基层治理和公共服务等就地就近岗位。
（三）密集举办招聘活动。强化服务绩效，用好线上线下公共就业服务平台，更好发挥市场化人力资源服务机构作用，举办分区域、分行业、分群体等针对性、匹配性强的专场招聘活动。依托车站、商圈、社区、园区、校区等场所，推出联合招聘、大型招聘、流动招聘、驻点招聘等招聘形式，打造招聘大集、招聘夜市等招聘场景，提升求职体验。依托零工市场、零工驿站组织针对灵活就业人员的求职对接活动，提供就业指导、培训信息、维权指引等服务。招聘活动应统一使用“2025年春风行动专场招聘”名称和“就业在北京”品牌标识。
（四）广泛开展劳务对接。围绕服务京津冀协同发展重大战略、区域协调发展战略及主体功能区战略，依托劳务协作工作机制，开展跨省就业对接活动。结合劳务输出地特点和北京市用工需求，组织劳务品牌专项对接，探索直播带岗在劳务协作领域的应用，促进劳务协作向规模化、品质化发展。结合企业用工需求，科学引导错峰返乡返岗，按需组织开展包车、专列（包车厢）、包机等“点对点”运输服务，保障农民工运输安全有序。
（五）强化就业创业帮扶。精准甄别服务对象的就业意愿、服务需求和就业条件，分类提供针对性就业服务，对希望尽快就业的，及时推荐合适的就业岗位，提升市场化就业比率；对就业意愿不强或求职方向不明的，加强实践引导、职业指导和心理疏导，帮助明确就业目标，增强就业信心，提升就业能力，树立正确就业观；对希望提升技能的，摸排培训意愿，及时推介适合的培训课程项目。挖掘一批创业孵化基地、创业园等空余场地资源，精选创业项目对接入驻，提供政策、服务、金融等“全链条”支持举措；盘活闲置商业用房、空置楼宇等场地，集聚专家导师、创投机构、市场信息等资源，帮扶创业项目落地壮大。
（六）精准推送服务信息。第一时间开展活动宣传预热，利用全媒体平台资源广泛发布活动安排，即时推送活动信息，特别是在来京务工人员流动较大的车站及居住集中的区域，强化活动信息发布，引导劳动者积极求职。集中发布一批急需紧缺岗位信息、技能人才薪酬价位信息和培训机构目录，引导劳动者主动提升就业技能。分群体、分类别宣传就业创业政策和直补快办模式，坚持数字赋能精准推送，发挥政策稳岗扩岗效力。
（七）落地系列暖心举措。向来京务工人员等服务对象发出节日慰问信，为春节期间仍坚守工作岗位的劳动者提供多种形式的“送温暖”活动。聚焦岁末年初农民工工资报酬关切，强化欠薪治理和权益保障，让农民工“安薪”过年。各部门要密切关注在京求职困难、无序求职、长期无业、大龄农民工，做细人文关怀、情绪安抚和就业帮扶。积极协调有关部门，为来京务工农村低收入人口、防止返贫致贫监测对象等重点帮扶群体按规定提供廉价租赁住房。
六、工作要求
（一）精心组织实施。各区、各部门要提高政治站位，将活动作为春节前后就业工作的重要内容，结合“春暖农民工”服务行动统筹安排部署，创造性抓好落实。要凝聚部门合力，用好市场化资源，广泛动员社会机构、企业和劳动者参与，提高活动质效。要着力解决农村劳动者就业面临的急难愁盼问题，加大关爱帮扶力度，帮助提振信心。
（二）强化风险防范。各部门要密切追踪、定期排查就失业领域苗头性风险隐患，做到及时发现、及时处置、及时上报，严防发生极端事件和群体性事件。坚决打击就业歧视、克扣工资、“黑中介”、虚假招聘等违法违规行为。要严格落实安全生产要求，稳妥有序组织开展各类服务活动，营造良好就业环境。
（三）提升活动热度。各区要形成全市公共就业服务传播合力，把握好活动启动、阶段性进展、活动收官等重要节点，广泛向社会发布就业政策、服务举措、活动预告、岗位信息等，营造浓厚活动氛围。活动期间，即时将图文影像、新闻线索等发至指定邮箱，市级将结合人力资源社会保障部“春暖助团圆、春风促就业”主题宣传活动及时宣传推广。
（四）做好系统录入及总结报送。各级公共就业服务机构要及时将岗位信息、招聘活动录入“北京智慧人社一体化平台”，并重点关注帮扶实效。各区要指定专人负责，及时监测业务系统信息及数据情况，确保数据准确有效。
请各区人力资源社会保障部门报送活动安排表（附件1），于1月26日报送2月5日至2月28日活动安排，于2月27日报送3月1日至3月20日活动安排；于2月17日报送活动阶段性进展情况；于3月17日报送活动总结。请将以上材料电子版发送至市人力资源社会保障局指定工作邮箱。
略
附件：1.2025年春风行动活动安排表
2.2025年春风行动情况统计表
北京市人力资源和社会保障局 北京市交通委员会
北京市农业农村局 北京市总工会
共青团北京市委员会 北京市妇女联合会
2025年1月24日
（此件公开发布）",北京市人力资源和社会保障局_政务公开_通知文件,北京市,北京市人社局-政策文件,就业补贴,https://rsj.beijing.gov.cn/xxgk/2024qt/202503/t20250326_4044858.html,京人社职介字〔2025〕12号,3144,https://rsj.beijing.gov.cn/xxgk/2024qt/202503/W020250326333872209365.pdf;https://rsj.beijing.gov.cn/xxgk/2024qt/202503/W020250326333872338924.pdf,2026-04-25 16:22:56,ok
关于开展2025年“春暖农民工” 服务行动的通知,2025-01-02,"京人社农工字〔2025〕8号
各区人力资源和社会保障局、公安分局、民政局、交通委（局）、
农业农村局、文化和旅游局、总工会、团委，北京经济技术开发区各相关单位：
春节前后是农民工集中返乡返岗、择业换岗高峰期，做好这一时期农民工服务保障工作十分重要。为贯彻落实人力资源社会保障部等9部门《关于开展2025年“春暖农民工” 服务行动的通知》（人社部明电〔2025〕2号）精神及市委十三届六次全会精神，做好春节期间本市农民工服务保障工作，让广大农民工度过欢乐平安祥和的节日，市人力资源社会保障局等8部门定于2025年1月至2月联合在全市范围内开展“春暖农民工”服务行动。现将有关工作通知如下：
一、加强关心关爱和困难帮扶
1.开展关心关爱活动。各区要加大对返乡农民工、留京留岗农民工及其家属、大龄农民工、脱贫劳动力的关心关爱力度，通过线上或线下、实物或精神慰问等方式，开展多种形式的“送温暖”活动，切实把党和政府的关心关爱送到广大农民工的心坎上。充分发挥暖心驿站、务工人员之家等作用，提供咨询及饮水、充电、打气、取暖、休息、如厕等暖心便捷服务。
2.丰富节日精神文化生活。充分利用首都丰富文化资源，策划宣传农民工先进事迹的文艺文化活动，大力弘扬劳模精神、劳动精神、工匠精神。结合农民工群体特点和实际需要，开发开放公共文化服务资源，举办群众文化活动，有条件的可为农民工发放观影、演出、庙会、灯会等文化消费券。各级工会要深入用工量大的企业，开展文艺联欢、集体过年等活动，满足春节期间留岗农民工生活服务和精神文化需求。
3.强化困难兜底帮扶。加强困难农民工关爱帮扶，及时为符合条件的困难农民工提供社会救助，对遭遇突发性、紧迫性、灾难性困难导致基本生活暂时出现严重困难的农民工，取消户籍地、居住地申请限制，由急难发生地实施临时救助。及时为符合条件的失业农民工发放失业保险待遇。鼓励和引导基金会等慈善组织、志愿者服务机构加强对困难农民工的关爱服务。
二、加强出行引导和安全保障
4.科学引导返乡返岗。积极与用人单位协商息工开工时间，引导农民工错峰返乡返岗，尽量避开春运高峰期。结合“情满旅途”活动，为有需求的农民工集中购票、乘车提供便利。引导保障城市运行和市民生活及重点项目企业，采取奖励、补贴、鼓励家属来京过年等措施保障用工。
5.开展返乡返岗“点对点”运输服务。广泛收集农民工集中返乡返岗出行需求，根据需要组织开展“点对点”包专车、专列（车厢）服务。把交通安全作为重中之重，优选安全管理好、服务品质优的企业承担农民工运输保障任务，严格筛选运输车辆、驾驶员，加强返乡返岗包专车运输交通安全管理，严防交通事故的发生，保障农民工运输安全有序。
6.强化出行服务保障。及时发布交通、天气等信息，对道路拥堵情况进行提前提示。重点围绕“七站两场”交通枢纽及周边区域，设立志愿服务站（岗），为出行农民工提供咨询引导、秩序维护、票务协助、便民利民、平安应急等志愿服务。全市春运交通安全执法服务站、主线收费站及各进京检查站落实24小时勤务制度，开展返乡返岗包车、长途客运等车辆检查，提示全程系好安全带，自觉抵制“三超一疲劳”、酒驾醉驾等违法行为，严查超员车、黑包车以及违法载人的货车、拖拉机、三轮车等，增强风险防范意识和紧急避险技能。
三、加强就业服务和权益维护
7.开展精准的就业服务。做好农民工动态监测，及时动态掌握农民工就业情况。摸排春节前农民工返乡、节后返岗及企业用工需求，科学预判春节前后农民工工作形势，及时发现倾向性、苗头性、趋势性问题，提前制定好工作预案，有针对性强化工作举措。结合就业援助月、春风行动等专项活动，加大岗位信息归集力度，组织开展线上线下招聘活动，做好就业服务工作，全力促进农民工、本市农村劳动力、脱贫人口等重点群体求职就业。
8.提供有效的技能提升培训。就业公共服务机构、人力资源服务机构要加强与用工量大、吸纳就业能力强的用人单位对接，结合农民工实际需要、企业用工需求和岗位信息归集情况，积极摸排农民工就业培训意愿，强化培训资源供给，引导农民工参加技能培训。鼓励开展订单、定岗、定向培训，推行“岗位需要+技能培训+就业推荐”一体的项目化培训模式。
9.强化权益保障和矛盾纠纷化解。维护好农民工工资报酬等权益，扎实推进“安薪北京”冬季行动，高效解决欠薪问题。畅通线上线下欠薪诉求渠道，联动属地政府和行业主管部门快速稳妥处置，确保查实的欠薪案件春节前全部清零。强化欠薪讨薪舆情警情协同，发挥欠薪讨薪应急处突指挥部和联动处置专班作用，确保遇有突发情况第一时间落位处置，坚决守住社会稳定底线。落实拖欠农民工工资争议“快立、快调、快审、快结”长效机制。加大劳动关系领域矛盾纠纷排查化解和源头治理，及时防范化解矛盾纠纷。
四、工作要求
各区要高度重视，结合实际细化工作方案、明确职责分工，加强信息共享和监测分析，强化部门间的沟通协作，确保圆满完成各项任务。要广泛利用各种媒体，大力宣传农民工服务保障工作典型经验和做法，营造全社会关心关爱农民工的良好氛围。要加强舆情监测，及时回应社会关切。各区人力资源社会保障局要发挥牵头作用，动态掌握“春暖农民工”服务行动进展，及时上报重要活动和相关信息。
北京市人力资源和社会保障局
北京市公安局
北京市民政局
北京市交通委员会
北京市农业农村局
北京市文化和旅游局
北京市总工会
共青团北京市委员会
2025年1月17日
（此件公开发布）",北京市人力资源和社会保障局_政务公开_通知文件,北京市,北京市人社局-政策文件,就业补贴,https://rsj.beijing.gov.cn/xxgk/2024qt/202501/t20250121_3994600.html,京人社农工字〔2025〕8号,2232,,2026-04-25 16:22:58,ok
关于成立首届北京市技工院校教学指导委员会的通知,2024-12-03,"京人社就促字
〔2024〕157号
各技工院校：
为深入贯彻习近平总书记关于大力发展技工教育的重要指示精神，推进我市技工教育高质量发展，根据《北京市人力资源和社会保障局关于印发<北京市技工院校教师职业能力提升行动实施方案> <北京市技工院校高水平工匠之师培养工程实施方案＞的通知》（京人社就促字〔2023〕159号），经研究，北京市人力资源和社会保障局决定成立首届北京市技工院校教学指导委员会（以下简称教指委）。现将有关事项通知如下：
一、教指委由北京市人力资源和社会保障局组织领导，是对全市技工院校公共课与通用素质课建设以及相关专业领域工作进行研究、指导和服务的市级专家组织。
二、首届教指委设立公共课与通用素质课教学指导委员会和专业教学指导委员会。
公共课与通用素质课教学指导委员会负责开展全市技工院校思想政治、语文、历史等相关课程规范化建设、教学资源开发、课程教学改革等相关指导工作。
专业教学指导委员会负责参与落实人力资源社会保障部工学一体化技能人才培养模式建设技术指导相关任务；开展各专业技能人才需求分析，提出技能人才培养要求；指导技工院校专业建设，开展专业论证、参与专业教学标准体系建设；指导技工院校课程教学改革与实施；指导技工院校教材开发与管理，进行课程资源建设；参与教学质量评价、教师素质提升；开展行业企业调研、课题研究、课程教学研究交流等活动。
首届专业教学指导委员会由智能制造与智能装备类教学指导委员会、数字信息与创意设计类教学指导委员会、城市运行保障与生活服务类教学指导委员会、新能源与交通运输类教学指导委员会组成。
三、教指委由北京市人力资源和社会保障局聘请技工院校、高等院校、科研机构、行业协会专家、企业高技能人才组建，设主任委员1名，副主任委员2名，秘书长1名，委员若干，聘期5年。
四、教指委设工作办公室，负责综合协调和日常工作，工作办公室设在北京市就业促进中心。
附件：1.首届北京市技工院校教学指导委员会类别
2.首届北京市技工院校教学指导委员会组成人员名单
北京市人力资源和社会保障局
2024年12月27日
此件主动公开",关于成立首届北京市技工院校教学指导委员会的通知_,北京市,北京市人社局-政策文件,就业补贴,https://rsj.beijing.gov.cn/xxgk/2024qt/202412/t20241231_3978209.html,京人社就促字〔2024〕157号,879,https://rsj.beijing.gov.cn/xxgk/2024qt/202412/W020241231576651673293.pdf;https://rsj.beijing.gov.cn/xxgk/2024qt/202412/W020241231576651804618.pdf,2026-04-25 16:23:00,ok
关于印发《北京市加强和改进企业新型学徒制工作实施方案》的通知,2024-12-03,"京人社能发〔2024〕15号
各区人力资源和社会保障局、财政局、国资委、总工会、工商联，北京经济技术开发区相关部门，各有关单位：
现将《北京市加强和改进企业新型学徒制工作实施方案》印发给你们。请结合工作实际，认真贯彻执行。
本通知自印发之日起执行。《关于印发〈北京市全面推行中国特色企业新型学徒制加强技能人才培养实施方案〉的通知》（京人社能发〔2022〕11号）同时废止。
北京市人力资源和社会保障局
北京市财政局
北京市人民政府国有资产监督管理委员会
北京市总工会
北京市工商业联合会
2024年11月26日
北京市加强和改进企业新型学徒制
工作实施方案
为落实人力资源社会保障部、财政部、国务院国资委、中华全国总工会、全国工商联《关于全面推行中国特色企业新型学徒制加强技能人才培养的指导意见》和市委办公厅、市政府办公厅《关于加强新时代首都高技能人才队伍建设的实施方案》等文件要求，结合本市企业新型学徒制工作实际，制定本实施方案。
一、总体要求
以习近平新时代中国特色社会主义思想为指导，深入贯彻落实党的二十大和二十届三中全会精神，全面落实中共中央 国务院关于实施就业优先战略促进高质量充分就业的意见，围绕首都“四个中心”功能定位，聚焦先进制造业、现代服务业、城市运行保障以及新职业新业态等行业领域，重点面向经遴选试点建设的本市“产教评”技能生态链企业，按照“政府引导、企业为主、院校参与”工作机制，以及“招工即招生、入企即入校、企校双制、工学一体”培养模式，持续打造“产教融合、校企合作”样板，着力提升企业职工技能水平，为构建具有首都特色的终身职业技能培训制度，破解结构性就业矛盾，促进高质量充分就业提供支撑保障。
二、工作原则
（一）市级统筹、属地管理。市人力资源社会保障局、市财政局、市国资委、市总工会及市工商联共同推动学徒培养工作，统筹规划年度企业新型学徒制培养规模，通过评审机制遴选培养项目，确定年度培养计划。按照属地管理原则，由各区人力资源社会保障部门指导企业组织实施。
（二）动态调整、信息赋能。对标对表本市产业发展需要和技能人才供需情况，动态调整企业新型学徒培养重点支持领域和行业企业。建立完善市级企业新型学徒信息管理平台，逐步实现学徒培养全程线上办理、全程信息追溯。
（三）资源整合、提高效能。充分发挥本市各级各类高技能人才专业优势，整合利用国家级高技能人才培训基地、技能大师工作室、公共实训基地等现有培训载体，加强资源共建共享，提高培养实效。
三、参与主体
（一）培养主体。具有独立法人资格和良好社会信誉，遵守国家法律法规，无违法、违纪、失信等不良行为记录的各类企业。
（二）培养职业（工种）。属于《中华人民共和国职业大典（2022年版）》3至6大类中的技能类职业（工种），且不得在北京市新增产业禁止和限制目录范围内。
（三）培养对象。与企业签订1年及以上劳动合同，并在本企业缴纳社会保险的技能类岗位新招用、转岗人员，或企业结合实际自主确定的培养对象。
已持有某职业（工种）国家职业资格证书或者职业技能等级证书的人员不得参加同职业（工种）同等级学徒培养。参加高级工（含）以上等级学徒培养的人员应具备相同职业（工种）低一级别国家职业资格证书或者职业技能等级证书。
（四）培训机构。企业可选择与技工院校（其他职业院校）、职业技能培训机构等开展合作。
合作培训机构应具有独立法人资格，取得开展相应职业（工种）技能培训的办学许可或培训资质；具备培训相应职业（工种）所必需的培训场所、教学设施设备和师资力量，各项管理制度健全；具备开发培训方案、培训课程等教学资源的能力。
四、工作程序
（一）项目申报。准备开展学徒培养的企业向本企业缴纳社保所在区人力资源社会保障部门提交申报材料，包括《企业新型学徒制培养项目申报书》（附件1）、《企业新型学徒制培养项目申报信用承诺书》（附件2）。
（二）项目评审。区人力资源社会保障部门对企业申报材料进行初审，将通过初审的项目报市就业促进中心。市就业促进中心组织专家，对申报企业和培训机构资质，学徒培养可行性、必要性和规范性等进行评审，结合本年度学徒培养规模，择优遴选拟补贴的学徒培养项目。本方案印发之日前已批准的学徒培养项目按原文件规定执行。
（三）项目公示。市就业促进中心将拟补贴学徒培养项目在市人力资源社会保障局官网上进行不少于5个工作日的公示。公示无异议或有异议但经核查不存在问题的，列入本年度学徒培养计划，由相关区人力资源社会保障部门通知申报企业。
（四）项目启动。企业在接到列入学徒培养计划通知后15个工作日内，启动开班信息和学籍注册信息申报，并向区人力资源社会保障部门提交以下材料：企业与学徒签订的培养协议（模板详见附件3）、企业与培训机构签订的合作协议（模板详见附件4）、学徒名册（附件5）、预拨付资金申请（附件6）、学徒培养方案和企业银行账户信息。
（五）预拨付资金。区人力资源社会保障部门对学徒培养项目的开班信息、学籍注册、资金申请、账号信息等的真实性、准确性和一致性进行审核，按月汇总后，向市就业促进中心报送预拨付资金申请（附件7），市就业促进中心对材料进行复核并拨付资金。拨付比例为补贴总金额的50%。
（六）考核结业。学徒在培养结束后参加结业考核，对通过结业考核的，市就业促进中心聘请第三方审计机构进行专项审计，对审计合格的，培训机构核发培训合格证书。
（七）拨付结算资金。学徒培养项目结束后15个工作日内，企业提交结算资金申请（附件8）、企业新型学徒制补贴资金申领明细表（附件9）和不低于10次的培训视频资料。区人力资源社会保障部门对考核取证、审计结果、过程性资料等的真实性、准确性和一致性进行审核，按月汇总后，向市就业促进中心报送结算资金申请（附件10），市就业促进中心对材料进行复核并拨付资金。
对取得培训合格证书的学徒，拨付剩余50%的结算资金；未取得培训合格证书的学徒，企业退回前期50%的预拨付资金。在拨付企业结算资金总额时，须核减退回预拨付资金总额。企业结算资金总额小于退回预拨付资金总额的，须按时足额退回补贴资金。
五、资金保障
（一）列支渠道。学徒培养所需资金从职业技能提升行动专项资金和就业补助资金中列支。
（二）补贴标准。学徒培养项目补贴标准为每人每年5000元。其中，中级工按照1年培养周期给予补贴，高级工及以上按照2年培养周期给予补贴。
六、学徒培养要求
（一）制定培养方案。企业要与培训机构联合制定培养方案，构建课程体系，开发或选用专业培训教材，确定培训总课时、课程课时、培养导师（教师）、学分奖励机制、成绩评定办法等。培养周期方面，中级工1年，高级工及以上2年，如遇特殊情况确实需要延长的，由企业向区人力资源社会保障部门提出书面申请，经批准后方可延期，延期原则上不超过1年。培训学分方面，由集中培训学分与岗位训练学分构成，两部分学分比例原则上为1:1，中级工不少于30学分，高级工及以上不少于60学分，每学分10课时，每课时不少于40分钟。
（二）配备专业师资。企业要选拔具备相应资质（含职业资格、职业技能等级、专业技术职称等）或长期从事相关工作、具有丰富实践经验的员工作为企业导师，着重指导学徒进行岗位技能操作训练。培训机构要安排专人负责学徒班组管理，为学徒安排具备相应专业知识和操作技能水平的指导教师，负责承担学徒的学校教学任务，强化理论知识学习和职业素质培育，做好与企业实践技能衔接工作。
（三）合理安排课程。学徒课程主要包括通用素质、专业基础、操作技能三部分。企业和培训机构要依据培训标准开发课程大纲、教学设计和配套教学资源库，科学合理安排学时总量和课程结构。在确保培训质量前提下，可结合岗位实际灵活采取工学一体弹性学制、学分制等模式。
（四）科学选用教材。通用素质必修课程须在人力资源社会保障部职业培训规划教材选用目录中选用；通用素质选修课程、专业基础课程、专业技能课程优先在上述目录中选用。严禁使用盗版、盗印教材。企业和培训机构选用教材需报属地人力资源社会保障部门备案。
（五）留存过程资料。企业和培训机构要详细记录培训过程，做好培训现场照片、学习记录及相关教学视频的拍摄、记录等工作，并妥善保管培训组织和管理资料，以备查验。组织资料包括培训教案、授课通知、签到表、授课视频、试卷、考试考核记录等；管理资料包括培训台账、培训方案、培训日常检查记录、培训进度检查记录等。
七、保障措施
（一）加强组织领导。各区人力资源社会保障、财政、国资、工会及工商联等部门要强化责任落实，积极引导国有企业、民营企业、外商投资企业等各类企业参与企业新型学徒制培养工作，聚焦全市和辖区重点产业领域，细致摸排适合开展企业新型学徒培养的重点企业，指导其按照规定开展学徒培养，着力提高培训实效，打造一批示范性培训样板。
（二）推动分级管理。支持有条件的区根据自身发展需要，参照市级政策规定，出台区级企业新型学徒制支持政策；鼓励有条件的企业使用职工教育经费或其他自筹经费，参照市级学徒培养模式，自主开展企业新型学徒制培养。以上两类学徒学籍信息可纳入市级管理系统，培训合格后，由培训机构核发培训合格证书。
（三）强化资金监管。各区人力资源社会保障部门要积极采用业务培训、工作指导、随机抽查等方式，加强全过程监督指导，聚焦报名开班、培训过程、结业审核、补贴申领、资金拨付等重点环节，加强对补贴对象、补贴标准、考勤记录等关键要素审核。对以虚假培训等方式套取、骗取资金的行为，要及时追回补贴资金；涉嫌违反法律法规的，移送相关部门依法处理。
附件：1.北京市企业新型学徒制培养项目申报书
2.企业新型学徒制培养项目申报信用承诺书
3.北京市企业新型学徒培养协议模板
4.企业新型学徒制培养企校合作协议模板
5.北京市企业新型学徒制培养学徒名册
6.北京市企业新型学徒制培养预拨付资金申请
（企业级）
7.北京市企业新型学徒制培训预拨付资金申请
（区级）
8.北京市企业新型学徒制培养结算资金申请（企业级）
9.企业新型学徒制培训补贴资金申领明细表
10.北京市企业新型学徒制培训结算资金申请（区级）
此件公开发布",北京市人力资源和社会保障局_政务公开_政策文件,北京市,北京市人社局-政策文件,就业补贴,https://rsj.beijing.gov.cn/xxgk/2024zcwj/202412/t20241231_3978043.html,京人社能发〔2024〕15号,4144,https://rsj.beijing.gov.cn/xxgk/2024zcwj/202412/W020241231573099078733.pdf;https://rsj.beijing.gov.cn/xxgk/2024zcwj/202412/W020241231573099229595.pdf;https://rsj.beijing.gov.cn/xxgk/2024zcwj/202412/W020241231573099364935.pdf;https://rsj.beijing.gov.cn/xxgk/2024zcwj/202412/W020241231573099497592.pdf;https://rsj.beijing.gov.cn/xxgk/2024zcwj/202412/W020241231573099588621.pdf;https://rsj.beijing.gov.cn/xxgk/2024zcwj/202412/W020241231573099717895.pdf;https://rsj.beijing.gov.cn/xxgk/2024zcwj/202412/W020241231573099803524.pdf;https://rsj.beijing.gov.cn/xxgk/2024zcwj/202412/W020241231573099939750.pdf;https://rsj.beijing.gov.cn/xxgk/2024zcwj/202412/W020241231573100041361.pdf;https://rsj.beijing.gov.cn/xxgk/2024zcwj/202412/W020241231573100160273.pdf,2026-04-25 16:23:03,ok
关于印发《北京市“产教评”技能生态链建设试点工作方案》的通知,2024-12-03,"京人社能发〔2024〕14号
各区人力资源和社会保障局、教委、经济和信息化主管部门、国资委、总工会，北京经济技术开发区相关部门，各相关单位：
现将《北京市“产教评”技能生态链建设试点工作方案》印发给你们。请各区结合实际，认真贯彻执行。
北京市人力资源和社会保障局
北京市教育委员会
北京市经济和信息化局
北京市人民政府国有资产监督管理委员会
北京市总工会
2024年11月21日
北京市“产教评”技能生态链建设试点
工作方案
为深入贯彻党的二十届三中全会精神，落实《中共中央 国务院关于实施就业优先战略促进高质量充分就业的意见》精神，围绕产业链搭建技能人才链，建设一流产业技术工人队伍，以高素质技能人才支撑首都经济社会转型升级和高质量充分就业，结合实际，现就开展北京市“产教评”技能生态链建设试点工作制定如下工作方案。
一、任务目标
围绕北京市战略性新兴产业、先进制造业、现代服务业、传统优势产业和城市运行保障等重点领域，以产业发展为导向，集聚产业内市场主体、高等院校、科研院所、职业院校（含技工院校）、职业技能培训机构等，采取“市场主体出标准、出岗位、出师傅，院校机构出学生、出教师、出教学资源，政府搭平台、出政策、出服务”的工作机制，用两年时间，试点建成若干条集青年就业、技能培训、职业评价、使用激励等功能于一体的“产教评”技能生态链，着力优化面向产业链的技能人才供给，推动实现劳动者高质量充分就业。
二、条件要求
（一）申报主体
“产教评”技能生态链（以下简称生态链）由链主单位牵头申报。链主单位可以是产业链中居于引领地位、在产业集群中起导向性作用的市场主体；也可是具有链接市场主体能力和人才培养资源优势的高等院校、科研院所、职业院校（含技工院校）、职业技能培训机构。生态链成员还可包括具备评价条件和能力的职业技能评价机构，具备培训、评价能力和条件的人力资源服务机构、产业园区等。
（二）申报条件
1.链主单位运行状况良好，社会信誉度高，无违法、违纪、失信等不良行为记录。
2.链主单位为市场主体的，一般应在同行业中具有较高知名度或较好成长性；内部职业技能培训制度健全，技能人才职业发展通道畅通，并按规定足额提取使用职工教育经费。
3.链主单位为院校机构的，应具有链接市场主体能力和人才培养资源优势，具备较高的办学水平、规范的管理制度和较强的社会服务能力。
4.对紧密服务国家和本市重大战略，积极服务就业创业，履行社会责任突出的市场主体、院校机构等，予以优先支持。
三、遴选程序
（一）单位申报。符合条件的链主单位填写《北京市“产教评”技能生态链培育建设申报书》（附件1），报送社保缴纳所在区人力资源社会保障部门。
（二）各区推荐。区人力资源社会保障部门对链主单位申报材料进行初步审核。同意推荐的，形成《北京市“产教评”技能生态链培育建设推荐书》（附件2），并将申报书和推荐书报市人力资源和社会保障局。
（三）组织遴选。市人力资源社会保障局组织专家开展评估审核，择优遴选拟入围生态链。
（四）公示公布。市人力资源社会保障局对生态链和链主单位名单进行公示，公示期5个工作日。对公示无异议的，向社会公布。
四、支持政策
采取“链条化”建设、“集成化”服务模式，对生态链给予技能人才培养、评价、就业等方面政策支持。
（一）青年就业方面。支持生态链内部市场主体与院校深度合作，共同组建企业学院、产业学院、工匠学院等，联合开展定制化人才培养。支持生态链重点面向技术技能岗位，择优招聘生态链院校毕业年度学生，并为青年人才提供实习实训机会，助力青年实现高质量就业。
1.搭建青年实习实训平台。生态链内部市场主体可依据岗位标准，联合院校机构开展在校学生“订单班”“冠名班”培养，支持高校和技工院校开展专业建设和青年实训合作，为产业发展输送符合条件的青年人才。
2.提供资源对接服务。根据生态链内部发展需求，提供人才推介等有针对性资源对接和服务保障。定期举办供需对接推广交流活动、校企合作培养对接活动，定向开展就业岗位推介、人力资源服务推介等活动，指导优质院校机构深度参与生态链建设。
（二）培养培训方面。支持生态链内部市场主体依据职业标准（岗位标准），联合院校机构共同开发培训课程，共同面向院校学生、企业员工等开展培训，并可按规定申请享受相关政策支持。
3.支持开展企业新型学徒制培训。生态链成员开展技能类岗位新入职员工培训或转岗培训，可按照本市企业新型学徒制工作实施方案申请开展“招工即招生、入企即入校、企校双师联合培养”的企业新型学徒制培训，并按相关规定获得学徒培训补贴。
4.支持开展高技能人才研修培训。生态链成员开展高技能人才岗位提升、技术革新研修培训，可按照本市高技能人才研修培训工作管理办法申报培训项目，并按相关规定获得研修培训项目资金支持。
5.支持建设技能人才培训基地。生态链成员开展技能人才培训，符合条件的可按照有关规定，申请开展国家级高技能人才培训基地建设项目，大力培养产业高技能人才，并按规定获得建设项目资金支持。
6.支持建设技能大师工作室、职工创新工作室。生态链成员开展以优秀高技能人才为引领的“师带徒”培训、技术攻关、技术创新等，可按照国家和本市有关规定申请开展技能大师工作室、北京市（示范性）职工创新工作室等项目建设，并按相关规定获得资金支持。
（三）评价激励方面。支持生态链结合企业岗位设置、内部管理、员工成长、薪酬激励机制建设等实际需要，自主开发评价规范等，自主开展技能人才评价、选拔活动，构建“八级工”职业技能等级（岗位）序列，推动建立培养与使用相结合、技能等级与薪酬待遇相匹配的技能人才培养使用制度。
7.支持开展技能人才自主评价。符合条件的生态链内部企业可申请备案成为企业自主评价机构，按照国家职业技能标准或行业企业评价规范，灵活采取理论知识考试、技能操作考核、工作业绩评审、过程考核等多种方式，为生态链内部企业在岗职工（含劳务派遣人员）提供一至五级职业技能等级认定服务。
8.支持开展“八级工”职业技能等级认定。符合条件的生态链内部企业可根据本单位技术技能水平和岗位等级情况，在申请备案成为自主评价机构基础上，按规定开展特级技师和首席技师评聘工作，建立“八级工”职业技能等级（岗位）序列，拓宽本单位技能人才职业发展通道。取得高级工及以上职业技能等级证书且符合条件的北京市工会会员，可享受在职职工职业发展助推计划资助。
9.支持参与开发新职业和评价规范。生态链成员可围绕产业发展趋势和岗位实际需求，参与新职业开发工作。鼓励参照《国家职业标准编制技术规程》，自主开发制定行业企业评价规范等，并按程序申报国家职业标准。
10.支持开展特色技能竞赛活动。链主单位可在生态链内部组织开展职业技能竞赛活动，按本市要求申报后，纳入全市技能竞赛管理体系，获奖选手可按规定晋升相应职业技能等级。对从业人员多、社会急需紧缺的竞赛项目，优先纳入全市职业技能大赛赛项。
11.支持培育孵化高技能领军人才。链主单位可积极探索在生态链内部建立特色高技能人才奖励激励机制，广泛动员生态链成员参加国家级、市级、区级高技能人才和各级工匠人才荣誉评选，获奖人员可按规定享受荣誉奖励或津贴，并纳入高技能领军人才培育范围。
12.贯通高技能人才发展通道。支持生态链内部高技能人才参加职称评审和专业技术人员职业资格考试，推进职业资格、职业技能等级与相应职称、学历双向比照认定。
五、评估管理
生态链建设周期为两年。建设期满后，申报审核区人力资源社会保障部门要对本区生态链建设情况进行评估，重点评估生态链技能培训、技能评价、岗位开发、企业职工教育经费使用等方面情况，提出“继续建设”或“中止建设”的初步评估意见后报市人力资源和社会保障局。市人力资源社会保障局根据各区初步评估意见，组织专家对生态链建设情况进行复核，形成评估结果后，向社会公布。
发现生态链链主单位存在虚假培训骗取补贴、违规评价乱发证书、未按规定提取使用职工教育经费等违法违规行为的，第一时间取消建设项目，按规定追回相关资金，并采取相应处罚措施。发现生态链成员存在上述违法违规行为的，从生态链中除名，并采取追回资金、给予相应处罚等措施。
六、实施保障
一是加强组织领导。各区人力资源社会保障部门要高度重视生态链建设试点工作，从服务保障本区经济社会发展和高质量充分就业高度，聚焦区内重点产业、重要领域和重大项目，联合辖区教育部门、经济和信息化主管部门、国有资产监管部门、总工会，积极发动龙头企业等市场主体、院校机构作为链主单位，建设形成既具有区域特色，又精准有效的生态链。
二是强化支持保障。各区人力资源社会保障部门要联合相关行业主管部门、各级工会组织，积极搭建校企、校校、企企对接平台，协助链主单位集聚更多市场主体和院校机构，扩大生态链覆盖范围。同时，在市级政策基础上，支持各区结合本区实际，对生态链提供更具针对性的区级政策支持和服务保障。
三是加大宣传力度。各区人力资源社会保障部门要多渠道多角度开展生态链建设宣传，充分发挥舆论正面引导作用，吸引广大市场主体、院校机构等广泛参与建设。市人力资源社会保障局将适时总结典型案例和经验做法，广泛宣传推广生态链建设工作成效，在全社会营造良好氛围。
四是发挥多元力量。生态链内部要加强机制共建、协同共治和资源共享，以生态链建设带动产业高质量发展。链主单位要积极发挥牵头作用，做好技能培训、技能评价等方面沟通协调和服务管理工作；生态链成员要积极配合参与，共同提供推动生态链规范、有效、可持续发展。
附件：1.北京市“产教评”技能生态链建设申报书
2.北京市“产教评”技能生态链建设推荐书
（此件公开发布）",北京市人力资源和社会保障局_政务公开_政策文件,北京市,北京市人社局-政策文件,就业补贴,https://rsj.beijing.gov.cn/xxgk/2024zcwj/202412/t20241230_3976655.html,京人社能发〔2024〕14号,3948,https://rsj.beijing.gov.cn/xxgk/2024zcwj/202412/W020241230515058072832.pdf;https://rsj.beijing.gov.cn/xxgk/2024zcwj/202412/W020241230515058335865.pdf,2026-04-25 16:23:05,ok
